[DEBUG] Beta=1.0 Phase=pre-drug Step=1
  State: 3 -> Action: ad -> Next: 3 (Reward: 0.0)
  Q_MF:  [0.000000, 0.000000, 0.000000, 0.000000, 0.000000, 0.000000, 0.000000, 0.000000, 0.000000]
  Q_MB:  [0.000000, 0.000000, 0.000000, 0.000000, 0.000000, 0.000000, 0.000000, 0.000000, 0.000000]
  Q_MIX: [0.000000, 0.000000, 0.000000, 0.000000, 0.000000, 0.000000, 0.000000, 0.000000, 0.000000]
  MODEL_COUNTS(s,a,*):  [0.000, 0.000, 0.000, 2.980, 0.000, 0.000, 0.000, 0.000, 0.000, 0.000, 0.000, 0.000, 0.000, 0.000, 0.000, 0.000, 0.000, 0.000, 0.000, 0.000, 0.000, 0.000]
  MODEL_REWARDS(s,a,*): [0.000, 0.000, 0.000, 0.000, 0.000, 0.000, 0.000, 0.000, 0.000, 0.000, 0.000, 0.000, 0.000, 0.000, 0.000, 0.000, 0.000, 0.000, 0.000, 0.000, 0.000, 0.000]
----------------------------------------
[DEBUG] Beta=1.0 Phase=pre-drug Step=2
  State: 3 -> Action: as2 -> Next: 3 (Reward: 0.0)
  Q_MF:  [0.000000, 0.000000, 0.000000, 0.000000, 0.000000, 0.000000, 0.000000, 0.000000, 0.000000]
  Q_MB:  [0.000000, 0.000000, 0.000000, 0.000000, 0.000000, 0.000000, 0.000000, 0.000000, 0.000000]
  Q_MIX: [0.000000, 0.000000, 0.000000, 0.000000, 0.000000, 0.000000, 0.000000, 0.000000, 0.000000]
  MODEL_COUNTS(s,a,*):  [0.000, 0.000, 0.000, 2.960, 0.000, 0.000, 0.000, 0.000, 0.000, 0.000, 0.000, 0.000, 0.000, 0.000, 0.000, 0.000, 0.000, 0.000, 0.000, 0.000, 0.000, 0.000]
  MODEL_REWARDS(s,a,*): [0.000, 0.000, 0.000, 0.000, 0.000, 0.000, 0.000, 0.000, 0.000, 0.000, 0.000, 0.000, 0.000, 0.000, 0.000, 0.000, 0.000, 0.000, 0.000, 0.000, 0.000, 0.000]
----------------------------------------
[DEBUG] Beta=1.0 Phase=pre-drug Step=3
  State: 3 -> Action: as7 -> Next: 3 (Reward: 0.0)
  Q_MF:  [0.000000, 0.000000, 0.000000, 0.000000, 0.000000, 0.000000, 0.000000, 0.000000, 0.000000]
  Q_MB:  [0.000000, 0.000000, 0.000000, 0.000000, 0.000000, 0.000000, 0.000000, 0.000000, 0.000000]
  Q_MIX: [0.000000, 0.000000, 0.000000, 0.000000, 0.000000, 0.000000, 0.000000, 0.000000, 0.000000]
  MODEL_COUNTS(s,a,*):  [0.000, 0.000, 0.000, 2.941, 0.000, 0.000, 0.000, 0.000, 0.000, 0.000, 0.000, 0.000, 0.000, 0.000, 0.000, 0.000, 0.000, 0.000, 0.000, 0.000, 0.000, 0.000]
  MODEL_REWARDS(s,a,*): [0.000, 0.000, 0.000, 0.000, 0.000, 0.000, 0.000, 0.000, 0.000, 0.000, 0.000, 0.000, 0.000, 0.000, 0.000, 0.000, 0.000, 0.000, 0.000, 0.000, 0.000, 0.000]
----------------------------------------
[DEBUG] Beta=1.0 Phase=pre-drug Step=4
  State: 3 -> Action: ag -> Next: 3 (Reward: 0.0)
  Q_MF:  [0.000000, 0.000000, 0.000000, 0.000000, 0.000000, 0.000000, 0.000000, 0.000000, 0.000000]
  Q_MB:  [0.000000, 0.000000, 0.000000, 0.000000, 0.000000, 0.000000, 0.000000, 0.000000, 0.000000]
  Q_MIX: [0.000000, 0.000000, 0.000000, 0.000000, 0.000000, 0.000000, 0.000000, 0.000000, 0.000000]
  MODEL_COUNTS(s,a,*):  [0.000, 0.000, 0.000, 2.921, 0.000, 0.000, 0.000, 0.000, 0.000, 0.000, 0.000, 0.000, 0.000, 0.000, 0.000, 0.000, 0.000, 0.000, 0.000, 0.000, 0.000, 0.000]
  MODEL_REWARDS(s,a,*): [0.000, 0.000, 0.000, 0.000, 0.000, 0.000, 0.000, 0.000, 0.000, 0.000, 0.000, 0.000, 0.000, 0.000, 0.000, 0.000, 0.000, 0.000, 0.000, 0.000, 0.000, 0.000]
----------------------------------------
[DEBUG] Beta=1.0 Phase=pre-drug Step=5
  State: 3 -> Action: as6 -> Next: 3 (Reward: 0.0)
  Q_MF:  [0.000000, 0.000000, 0.000000, 0.000000, 0.000000, 0.000000, 0.000000, 0.000000, 0.000000]
  Q_MB:  [0.000000, 0.000000, 0.000000, 0.000000, 0.000000, 0.000000, 0.000000, 0.000000, 0.000000]
  Q_MIX: [0.000000, 0.000000, 0.000000, 0.000000, 0.000000, 0.000000, 0.000000, 0.000000, 0.000000]
  MODEL_COUNTS(s,a,*):  [0.000, 0.000, 0.000, 2.902, 0.000, 0.000, 0.000, 0.000, 0.000, 0.000, 0.000, 0.000, 0.000, 0.000, 0.000, 0.000, 0.000, 0.000, 0.000, 0.000, 0.000, 0.000]
  MODEL_REWARDS(s,a,*): [0.000, 0.000, 0.000, 0.000, 0.000, 0.000, 0.000, 0.000, 0.000, 0.000, 0.000, 0.000, 0.000, 0.000, 0.000, 0.000, 0.000, 0.000, 0.000, 0.000, 0.000, 0.000]
----------------------------------------
[DEBUG] Beta=1.0 Phase=pre-drug Step=6
  State: 3 -> Action: as7 -> Next: 3 (Reward: 0.0)
  Q_MF:  [0.000000, 0.000000, 0.000000, 0.000000, 0.000000, 0.000000, 0.000000, 0.000000, 0.000000]
  Q_MB:  [0.000000, 0.000000, 0.000000, 0.000000, 0.000000, 0.000000, 0.000000, 0.000000, 0.000000]
  Q_MIX: [0.000000, 0.000000, 0.000000, 0.000000, 0.000000, 0.000000, 0.000000, 0.000000, 0.000000]
  MODEL_COUNTS(s,a,*):  [0.000, 0.000, 0.000, 3.853, 0.000, 0.000, 0.000, 0.000, 0.000, 0.000, 0.000, 0.000, 0.000, 0.000, 0.000, 0.000, 0.000, 0.000, 0.000, 0.000, 0.000, 0.000]
  MODEL_REWARDS(s,a,*): [0.000, 0.000, 0.000, 0.000, 0.000, 0.000, 0.000, 0.000, 0.000, 0.000, 0.000, 0.000, 0.000, 0.000, 0.000, 0.000, 0.000, 0.000, 0.000, 0.000, 0.000, 0.000]
----------------------------------------
[DEBUG] Beta=1.0 Phase=pre-drug Step=7
  State: 3 -> Action: as6 -> Next: 3 (Reward: 0.0)
  Q_MF:  [0.000000, 0.000000, 0.000000, 0.000000, 0.000000, 0.000000, 0.000000, 0.000000, 0.000000]
  Q_MB:  [0.000000, 0.000000, 0.000000, 0.000000, 0.000000, 0.000000, 0.000000, 0.000000, 0.000000]
  Q_MIX: [0.000000, 0.000000, 0.000000, 0.000000, 0.000000, 0.000000, 0.000000, 0.000000, 0.000000]
  MODEL_COUNTS(s,a,*):  [0.000, 0.000, 0.000, 3.844, 0.000, 0.000, 0.000, 0.000, 0.000, 0.000, 0.000, 0.000, 0.000, 0.000, 0.000, 0.000, 0.000, 0.000, 0.000, 0.000, 0.000, 0.000]
  MODEL_REWARDS(s,a,*): [0.000, 0.000, 0.000, 0.000, 0.000, 0.000, 0.000, 0.000, 0.000, 0.000, 0.000, 0.000, 0.000, 0.000, 0.000, 0.000, 0.000, 0.000, 0.000, 0.000, 0.000, 0.000]
----------------------------------------
[DEBUG] Beta=1.0 Phase=pre-drug Step=8
  State: 3 -> Action: as7 -> Next: 3 (Reward: 0.0)
  Q_MF:  [0.000000, 0.000000, 0.000000, 0.000000, 0.000000, 0.000000, 0.000000, 0.000000, 0.000000]
  Q_MB:  [0.000000, 0.000000, 0.000000, 0.000000, 0.000000, 0.000000, 0.000000, 0.000000, 0.000000]
  Q_MIX: [0.000000, 0.000000, 0.000000, 0.000000, 0.000000, 0.000000, 0.000000, 0.000000, 0.000000]
  MODEL_COUNTS(s,a,*):  [0.000, 0.000, 0.000, 4.777, 0.000, 0.000, 0.000, 0.000, 0.000, 0.000, 0.000, 0.000, 0.000, 0.000, 0.000, 0.000, 0.000, 0.000, 0.000, 0.000, 0.000, 0.000]
  MODEL_REWARDS(s,a,*): [0.000, 0.000, 0.000, 0.000, 0.000, 0.000, 0.000, 0.000, 0.000, 0.000, 0.000, 0.000, 0.000, 0.000, 0.000, 0.000, 0.000, 0.000, 0.000, 0.000, 0.000, 0.000]
----------------------------------------
[DEBUG] Beta=1.0 Phase=pre-drug Step=9
  State: 3 -> Action: as6 -> Next: 3 (Reward: 0.0)
  Q_MF:  [0.000000, 0.000000, 0.000000, 0.000000, 0.000000, 0.000000, 0.000000, 0.000000, 0.000000]
  Q_MB:  [0.000000, 0.000000, 0.000000, 0.000000, 0.000000, 0.000000, 0.000000, 0.000000, 0.000000]
  Q_MIX: [0.000000, 0.000000, 0.000000, 0.000000, 0.000000, 0.000000, 0.000000, 0.000000, 0.000000]
  MODEL_COUNTS(s,a,*):  [0.000, 0.000, 0.000, 4.768, 0.000, 0.000, 0.000, 0.000, 0.000, 0.000, 0.000, 0.000, 0.000, 0.000, 0.000, 0.000, 0.000, 0.000, 0.000, 0.000, 0.000, 0.000]
  MODEL_REWARDS(s,a,*): [0.000, 0.000, 0.000, 0.000, 0.000, 0.000, 0.000, 0.000, 0.000, 0.000, 0.000, 0.000, 0.000, 0.000, 0.000, 0.000, 0.000, 0.000, 0.000, 0.000, 0.000, 0.000]
----------------------------------------
[DEBUG] Beta=1.0 Phase=pre-drug Step=10
  State: 3 -> Action: as6 -> Next: 3 (Reward: 0.0)
  Q_MF:  [0.000000, 0.000000, 0.000000, 0.000000, 0.000000, 0.000000, 0.000000, 0.000000, 0.000000]
  Q_MB:  [0.000000, 0.000000, 0.000000, 0.000000, 0.000000, 0.000000, 0.000000, 0.000000, 0.000000]
  Q_MIX: [0.000000, 0.000000, 0.000000, 0.000000, 0.000000, 0.000000, 0.000000, 0.000000, 0.000000]
  MODEL_COUNTS(s,a,*):  [0.000, 0.000, 0.000, 5.720, 0.000, 0.000, 0.000, 0.000, 0.000, 0.000, 0.000, 0.000, 0.000, 0.000, 0.000, 0.000, 0.000, 0.000, 0.000, 0.000, 0.000, 0.000]
  MODEL_REWARDS(s,a,*): [0.000, 0.000, 0.000, 0.000, 0.000, 0.000, 0.000, 0.000, 0.000, 0.000, 0.000, 0.000, 0.000, 0.000, 0.000, 0.000, 0.000, 0.000, 0.000, 0.000, 0.000, 0.000]
----------------------------------------
[DEBUG] Beta=1.0 Phase=pre-drug Step=11
  State: 3 -> Action: ag -> Next: 3 (Reward: 0.0)
  Q_MF:  [0.000000, 0.000000, 0.000000, 0.000000, 0.000000, 0.000000, 0.000000, 0.000000, 0.000000]
  Q_MB:  [0.000000, 0.000000, 0.000000, 0.000000, 0.000000, 0.000000, 0.000000, 0.000000, 0.000000]
  Q_MIX: [0.000000, 0.000000, 0.000000, 0.000000, 0.000000, 0.000000, 0.000000, 0.000000, 0.000000]
  MODEL_COUNTS(s,a,*):  [0.000, 0.000, 0.000, 3.723, 0.000, 0.000, 0.000, 0.000, 0.000, 0.000, 0.000, 0.000, 0.000, 0.000, 0.000, 0.000, 0.000, 0.000, 0.000, 0.000, 0.000, 0.000]
  MODEL_REWARDS(s,a,*): [0.000, 0.000, 0.000, 0.000, 0.000, 0.000, 0.000, 0.000, 0.000, 0.000, 0.000, 0.000, 0.000, 0.000, 0.000, 0.000, 0.000, 0.000, 0.000, 0.000, 0.000, 0.000]
----------------------------------------
[DEBUG] Beta=1.0 Phase=pre-drug Step=12
  State: 3 -> Action: ad -> Next: 3 (Reward: 0.0)
  Q_MF:  [0.000000, 0.000000, 0.000000, 0.000000, 0.000000, 0.000000, 0.000000, 0.000000, 0.000000]
  Q_MB:  [0.000000, 0.000000, 0.000000, 0.000000, 0.000000, 0.000000, 0.000000, 0.000000, 0.000000]
  Q_MIX: [0.000000, 0.000000, 0.000000, 0.000000, 0.000000, 0.000000, 0.000000, 0.000000, 0.000000]
  MODEL_COUNTS(s,a,*):  [0.000, 0.000, 0.000, 3.668, 0.000, 0.000, 0.000, 0.000, 0.000, 0.000, 0.000, 0.000, 0.000, 0.000, 0.000, 0.000, 0.000, 0.000, 0.000, 0.000, 0.000, 0.000]
  MODEL_REWARDS(s,a,*): [0.000, 0.000, 0.000, 0.000, 0.000, 0.000, 0.000, 0.000, 0.000, 0.000, 0.000, 0.000, 0.000, 0.000, 0.000, 0.000, 0.000, 0.000, 0.000, 0.000, 0.000, 0.000]
----------------------------------------
[DEBUG] Beta=1.0 Phase=pre-drug Step=13
  State: 3 -> Action: as3 -> Next: 2 (Reward: 0.0)
  Q_MF:  [0.000000, 0.000000, 0.000000, 0.000000, 0.000000, 0.000000, 0.000000, 0.000000, 0.000000]
  Q_MB:  [0.000000, 0.000000, 0.000000, 0.000000, 0.000000, 0.000000, 0.000000, 0.000000, 0.000000]
  Q_MIX: [0.000000, 0.000000, 0.000000, 0.000000, 0.000000, 0.000000, 0.000000, 0.000000, 0.000000]
  MODEL_COUNTS(s,a,*):  [0.000, 0.000, 5.000, 1.755, 0.000, 0.000, 0.000, 0.000, 0.000, 0.000, 0.000, 0.000, 0.000, 0.000, 0.000, 0.000, 0.000, 0.000, 0.000, 0.000, 0.000, 0.000]
  MODEL_REWARDS(s,a,*): [0.000, 0.000, 0.000, 0.000, 0.000, 0.000, 0.000, 0.000, 0.000, 0.000, 0.000, 0.000, 0.000, 0.000, 0.000, 0.000, 0.000, 0.000, 0.000, 0.000, 0.000, 0.000]
----------------------------------------
[DEBUG] Beta=1.0 Phase=pre-drug Step=14
  State: 2 -> Action: as6 -> Next: 2 (Reward: 0.0)
  Q_MF:  [0.000000, 0.000000, 0.000000, 0.000000, 0.000000, 0.000000, 0.000000, 0.000000, 0.000000]
  Q_MB:  [0.000000, 0.000000, 0.000000, 0.000000, 0.000000, 0.000000, 0.000000, 0.000000, 0.000000]
  Q_MIX: [0.000000, 0.000000, 0.000000, 0.000000, 0.000000, 0.000000, 0.000000, 0.000000, 0.000000]
  MODEL_COUNTS(s,a,*):  [0.000, 0.000, 2.737, 0.000, 0.000, 0.000, 0.000, 0.000, 0.000, 0.000, 0.000, 0.000, 0.000, 0.000, 0.000, 0.000, 0.000, 0.000, 0.000, 0.000, 0.000, 0.000]
  MODEL_REWARDS(s,a,*): [0.000, 0.000, 0.000, 0.000, 0.000, 0.000, 0.000, 0.000, 0.000, 0.000, 0.000, 0.000, 0.000, 0.000, 0.000, 0.000, 0.000, 0.000, 0.000, 0.000, 0.000, 0.000]
----------------------------------------
[DEBUG] Beta=1.0 Phase=pre-drug Step=15
  State: 2 -> Action: as7 -> Next: 2 (Reward: 0.0)
  Q_MF:  [0.000000, 0.000000, 0.000000, 0.000000, 0.000000, 0.000000, 0.000000, 0.000000, 0.000000]
  Q_MB:  [0.000000, 0.000000, 0.000000, 0.000000, 0.000000, 0.000000, 0.000000, 0.000000, 0.000000]
  Q_MIX: [0.000000, 0.000000, 0.000000, 0.000000, 0.000000, 0.000000, 0.000000, 0.000000, 0.000000]
  MODEL_COUNTS(s,a,*):  [0.000, 0.000, 2.720, 0.000, 0.000, 0.000, 0.000, 0.000, 0.000, 0.000, 0.000, 0.000, 0.000, 0.000, 0.000, 0.000, 0.000, 0.000, 0.000, 0.000, 0.000, 0.000]
  MODEL_REWARDS(s,a,*): [0.000, 0.000, 0.000, 0.000, 0.000, 0.000, 0.000, 0.000, 0.000, 0.000, 0.000, 0.000, 0.000, 0.000, 0.000, 0.000, 0.000, 0.000, 0.000, 0.000, 0.000, 0.000]
----------------------------------------
[DEBUG] Beta=1.0 Phase=pre-drug Step=16
  State: 2 -> Action: as6 -> Next: 2 (Reward: 0.0)
  Q_MF:  [0.000000, 0.000000, 0.000000, 0.000000, 0.000000, 0.000000, 0.000000, 0.000000, 0.000000]
  Q_MB:  [0.000000, 0.000000, 0.000000, 0.000000, 0.000000, 0.000000, 0.000000, 0.000000, 0.000000]
  Q_MIX: [0.000000, 0.000000, 0.000000, 0.000000, 0.000000, 0.000000, 0.000000, 0.000000, 0.000000]
  MODEL_COUNTS(s,a,*):  [0.000, 0.000, 3.683, 0.000, 0.000, 0.000, 0.000, 0.000, 0.000, 0.000, 0.000, 0.000, 0.000, 0.000, 0.000, 0.000, 0.000, 0.000, 0.000, 0.000, 0.000, 0.000]
  MODEL_REWARDS(s,a,*): [0.000, 0.000, 0.000, 0.000, 0.000, 0.000, 0.000, 0.000, 0.000, 0.000, 0.000, 0.000, 0.000, 0.000, 0.000, 0.000, 0.000, 0.000, 0.000, 0.000, 0.000, 0.000]
----------------------------------------
[DEBUG] Beta=1.0 Phase=pre-drug Step=17
  State: 2 -> Action: ag -> Next: 2 (Reward: 0.0)
  Q_MF:  [0.000000, 0.000000, 0.000000, 0.000000, 0.000000, 0.000000, 0.000000, 0.000000, 0.000000]
  Q_MB:  [0.000000, 0.000000, 0.000000, 0.000000, 0.000000, 0.000000, 0.000000, 0.000000, 0.000000]
  Q_MIX: [0.000000, 0.000000, 0.000000, 0.000000, 0.000000, 0.000000, 0.000000, 0.000000, 0.000000]
  MODEL_COUNTS(s,a,*):  [0.000, 0.000, 2.686, 0.000, 0.000, 0.000, 0.000, 0.000, 0.000, 0.000, 0.000, 0.000, 0.000, 0.000, 0.000, 0.000, 0.000, 0.000, 0.000, 0.000, 0.000, 0.000]
  MODEL_REWARDS(s,a,*): [0.000, 0.000, 0.000, 0.000, 0.000, 0.000, 0.000, 0.000, 0.000, 0.000, 0.000, 0.000, 0.000, 0.000, 0.000, 0.000, 0.000, 0.000, 0.000, 0.000, 0.000, 0.000]
----------------------------------------
[DEBUG] Beta=1.0 Phase=pre-drug Step=18
  State: 2 -> Action: as3 -> Next: 2 (Reward: 0.0)
  Q_MF:  [0.000000, 0.000000, 0.000000, 0.000000, 0.000000, 0.000000, 0.000000, 0.000000, 0.000000]
  Q_MB:  [0.000000, 0.000000, 0.000000, 0.000000, 0.000000, 0.000000, 0.000000, 0.000000, 0.000000]
  Q_MIX: [0.000000, 0.000000, 0.000000, 0.000000, 0.000000, 0.000000, 0.000000, 0.000000, 0.000000]
  MODEL_COUNTS(s,a,*):  [0.000, 0.000, 2.669, 0.000, 0.000, 0.000, 0.000, 0.000, 0.000, 0.000, 0.000, 0.000, 0.000, 0.000, 0.000, 0.000, 0.000, 0.000, 0.000, 0.000, 0.000, 0.000]
  MODEL_REWARDS(s,a,*): [0.000, 0.000, 0.000, 0.000, 0.000, 0.000, 0.000, 0.000, 0.000, 0.000, 0.000, 0.000, 0.000, 0.000, 0.000, 0.000, 0.000, 0.000, 0.000, 0.000, 0.000, 0.000]
----------------------------------------
[DEBUG] Beta=1.0 Phase=pre-drug Step=19
  State: 2 -> Action: as7 -> Next: 2 (Reward: 0.0)
  Q_MF:  [0.000000, 0.000000, 0.000000, 0.000000, 0.000000, 0.000000, 0.000000, 0.000000, 0.000000]
  Q_MB:  [0.000000, 0.000000, 0.000000, 0.000000, 0.000000, 0.000000, 0.000000, 0.000000, 0.000000]
  Q_MIX: [0.000000, 0.000000, 0.000000, 0.000000, 0.000000, 0.000000, 0.000000, 0.000000, 0.000000]
  MODEL_COUNTS(s,a,*):  [0.000, 0.000, 3.613, 0.000, 0.000, 0.000, 0.000, 0.000, 0.000, 0.000, 0.000, 0.000, 0.000, 0.000, 0.000, 0.000, 0.000, 0.000, 0.000, 0.000, 0.000, 0.000]
  MODEL_REWARDS(s,a,*): [0.000, 0.000, 0.000, 0.000, 0.000, 0.000, 0.000, 0.000, 0.000, 0.000, 0.000, 0.000, 0.000, 0.000, 0.000, 0.000, 0.000, 0.000, 0.000, 0.000, 0.000, 0.000]
----------------------------------------
[DEBUG] Beta=1.0 Phase=pre-drug Step=20
  State: 2 -> Action: as7 -> Next: 2 (Reward: 0.0)
  Q_MF:  [0.000000, 0.000000, 0.000000, 0.000000, 0.000000, 0.000000, 0.000000, 0.000000, 0.000000]
  Q_MB:  [0.000000, 0.000000, 0.000000, 0.000000, 0.000000, 0.000000, 0.000000, 0.000000, 0.000000]
  Q_MIX: [0.000000, 0.000000, 0.000000, 0.000000, 0.000000, 0.000000, 0.000000, 0.000000, 0.000000]
  MODEL_COUNTS(s,a,*):  [0.000, 0.000, 4.577, 0.000, 0.000, 0.000, 0.000, 0.000, 0.000, 0.000, 0.000, 0.000, 0.000, 0.000, 0.000, 0.000, 0.000, 0.000, 0.000, 0.000, 0.000, 0.000]
  MODEL_REWARDS(s,a,*): [0.000, 0.000, 0.000, 0.000, 0.000, 0.000, 0.000, 0.000, 0.000, 0.000, 0.000, 0.000, 0.000, 0.000, 0.000, 0.000, 0.000, 0.000, 0.000, 0.000, 0.000, 0.000]
----------------------------------------
[DEBUG] Beta=1.0 Phase=pre-drug Step=21
  State: 2 -> Action: as5 -> Next: 2 (Reward: 0.0)
  Q_MF:  [0.000000, 0.000000, 0.000000, 0.000000, 0.000000, 0.000000, 0.000000, 0.000000, 0.000000]
  Q_MB:  [0.000000, 0.000000, 0.000000, 0.000000, 0.000000, 0.000000, 0.000000, 0.000000, 0.000000]
  Q_MIX: [0.000000, 0.000000, 0.000000, 0.000000, 0.000000, 0.000000, 0.000000, 0.000000, 0.000000]
  MODEL_COUNTS(s,a,*):  [0.000, 0.000, 2.619, 0.000, 0.000, 0.000, 0.000, 0.000, 0.000, 0.000, 0.000, 0.000, 0.000, 0.000, 0.000, 0.000, 0.000, 0.000, 0.000, 0.000, 0.000, 0.000]
  MODEL_REWARDS(s,a,*): [0.000, 0.000, 0.000, 0.000, 0.000, 0.000, 0.000, 0.000, 0.000, 0.000, 0.000, 0.000, 0.000, 0.000, 0.000, 0.000, 0.000, 0.000, 0.000, 0.000, 0.000, 0.000]
----------------------------------------
[DEBUG] Beta=1.0 Phase=pre-drug Step=22
  State: 2 -> Action: as5 -> Next: 2 (Reward: 0.0)
  Q_MF:  [0.000000, 0.000000, 0.000000, 0.000000, 0.000000, 0.000000, 0.000000, 0.000000, 0.000000]
  Q_MB:  [0.000000, 0.000000, 0.000000, 0.000000, 0.000000, 0.000000, 0.000000, 0.000000, 0.000000]
  Q_MIX: [0.000000, 0.000000, 0.000000, 0.000000, 0.000000, 0.000000, 0.000000, 0.000000, 0.000000]
  MODEL_COUNTS(s,a,*):  [0.000, 0.000, 3.593, 0.000, 0.000, 0.000, 0.000, 0.000, 0.000, 0.000, 0.000, 0.000, 0.000, 0.000, 0.000, 0.000, 0.000, 0.000, 0.000, 0.000, 0.000, 0.000]
  MODEL_REWARDS(s,a,*): [0.000, 0.000, 0.000, 0.000, 0.000, 0.000, 0.000, 0.000, 0.000, 0.000, 0.000, 0.000, 0.000, 0.000, 0.000, 0.000, 0.000, 0.000, 0.000, 0.000, 0.000, 0.000]
----------------------------------------
[DEBUG] Beta=1.0 Phase=pre-drug Step=23
  State: 2 -> Action: as2 -> Next: 1 (Reward: 0.0)
  Q_MF:  [0.000000, 0.000000, 0.000000, 0.000000, 0.000000, 0.000000, 0.000000, 0.000000, 0.000000]
  Q_MB:  [0.000000, 0.000000, 0.000000, 0.000000, 0.000000, 0.000000, 0.000000, 0.000000, 0.000000]
  Q_MIX: [0.000000, 0.000000, 0.000000, 0.000000, 0.000000, 0.000000, 0.000000, 0.000000, 0.000000]
  MODEL_COUNTS(s,a,*):  [0.000, 5.000, 1.587, 0.000, 0.000, 0.000, 0.000, 0.000, 0.000, 0.000, 0.000, 0.000, 0.000, 0.000, 0.000, 0.000, 0.000, 0.000, 0.000, 0.000, 0.000, 0.000]
  MODEL_REWARDS(s,a,*): [0.000, 0.000, 0.000, 0.000, 0.000, 0.000, 0.000, 0.000, 0.000, 0.000, 0.000, 0.000, 0.000, 0.000, 0.000, 0.000, 0.000, 0.000, 0.000, 0.000, 0.000, 0.000]
----------------------------------------
[DEBUG] Beta=1.0 Phase=pre-drug Step=24
  State: 1 -> Action: as7 -> Next: 1 (Reward: 0.0)
  Q_MF:  [0.000000, 0.000000, 0.000000, 0.000000, 0.000000, 0.000000, 0.000000, 0.000000, 0.000000]
  Q_MB:  [0.000000, 0.000000, 0.000000, 0.000000, 0.000000, 0.000000, 0.000000, 0.000000, 0.000000]
  Q_MIX: [0.000000, 0.000000, 0.000000, 0.000000, 0.000000, 0.000000, 0.000000, 0.000000, 0.000000]
  MODEL_COUNTS(s,a,*):  [0.000, 2.571, 0.000, 0.000, 0.000, 0.000, 0.000, 0.000, 0.000, 0.000, 0.000, 0.000, 0.000, 0.000, 0.000, 0.000, 0.000, 0.000, 0.000, 0.000, 0.000, 0.000]
  MODEL_REWARDS(s,a,*): [0.000, 0.000, 0.000, 0.000, 0.000, 0.000, 0.000, 0.000, 0.000, 0.000, 0.000, 0.000, 0.000, 0.000, 0.000, 0.000, 0.000, 0.000, 0.000, 0.000, 0.000, 0.000]
----------------------------------------
[DEBUG] Beta=1.0 Phase=pre-drug Step=25
  State: 1 -> Action: aw -> Next: 1 (Reward: 0.0)
  Q_MF:  [0.000000, 0.000000, 0.000000, 0.000000, 0.000000, 0.000000, 0.000000, 0.000000, 0.000000]
  Q_MB:  [0.000000, 0.000000, 0.000000, 0.000000, 0.000000, 0.000000, 0.000000, 0.000000, 0.000000]
  Q_MIX: [0.000000, 0.000000, 0.000000, 0.000000, 0.000000, 0.000000, 0.000000, 0.000000, 0.000000]
  MODEL_COUNTS(s,a,*):  [0.000, 2.556, 0.000, 0.000, 0.000, 0.000, 0.000, 0.000, 0.000, 0.000, 0.000, 0.000, 0.000, 0.000, 0.000, 0.000, 0.000, 0.000, 0.000, 0.000, 0.000, 0.000]
  MODEL_REWARDS(s,a,*): [0.000, 0.000, 0.000, 0.000, 0.000, 0.000, 0.000, 0.000, 0.000, 0.000, 0.000, 0.000, 0.000, 0.000, 0.000, 0.000, 0.000, 0.000, 0.000, 0.000, 0.000, 0.000]
----------------------------------------
[DEBUG] Beta=1.0 Phase=pre-drug Step=26
  State: 1 -> Action: aw -> Next: 1 (Reward: 0.0)
  Q_MF:  [0.000000, 0.000000, 0.000000, 0.000000, 0.000000, 0.000000, 0.000000, 0.000000, 0.000000]
  Q_MB:  [0.000000, 0.000000, 0.000000, 0.000000, 0.000000, 0.000000, 0.000000, 0.000000, 0.000000]
  Q_MIX: [0.000000, 0.000000, 0.000000, 0.000000, 0.000000, 0.000000, 0.000000, 0.000000, 0.000000]
  MODEL_COUNTS(s,a,*):  [0.000, 3.530, 0.000, 0.000, 0.000, 0.000, 0.000, 0.000, 0.000, 0.000, 0.000, 0.000, 0.000, 0.000, 0.000, 0.000, 0.000, 0.000, 0.000, 0.000, 0.000, 0.000]
  MODEL_REWARDS(s,a,*): [0.000, 0.000, 0.000, 0.000, 0.000, 0.000, 0.000, 0.000, 0.000, 0.000, 0.000, 0.000, 0.000, 0.000, 0.000, 0.000, 0.000, 0.000, 0.000, 0.000, 0.000, 0.000]
----------------------------------------
[DEBUG] Beta=1.0 Phase=pre-drug Step=27
  State: 1 -> Action: ag -> Next: 0 (Reward: 0.0)
  Q_MF:  [0.000000, 0.000000, 0.000000, 0.000000, 0.000000, 0.000000, 0.000000, 0.000000, 0.000000]
  Q_MB:  [0.000000, 0.000000, 0.000000, 0.000000, 0.000000, 0.000000, 0.000000, 0.000000, 0.000000]
  Q_MIX: [0.000000, 0.000000, 0.000000, 0.000000, 0.000000, 0.000000, 0.000000, 0.000000, 0.000000]
  MODEL_COUNTS(s,a,*):  [5.000, 1.525, 0.000, 0.000, 0.000, 0.000, 0.000, 0.000, 0.000, 0.000, 0.000, 0.000, 0.000, 0.000, 0.000, 0.000, 0.000, 0.000, 0.000, 0.000, 0.000, 0.000]
  MODEL_REWARDS(s,a,*): [0.000, 0.000, 0.000, 0.000, 0.000, 0.000, 0.000, 0.000, 0.000, 0.000, 0.000, 0.000, 0.000, 0.000, 0.000, 0.000, 0.000, 0.000, 0.000, 0.000, 0.000, 0.000]
----------------------------------------
[DEBUG] Beta=1.0 Phase=pre-drug Step=28
  State: 0 -> Action: ad -> Next: 0 (Reward: 0.0)
  Q_MF:  [0.000000, 0.000000, 0.000000, 0.000000, 0.000000, 0.000000, 0.000000, 0.000000, 0.000000]
  Q_MB:  [0.000000, 0.000000, 0.000000, 0.000000, 0.000000, 0.000000, 0.000000, 0.000000, 0.000000]
  Q_MIX: [0.000000, 0.000000, 0.000000, 0.000000, 0.000000, 0.000000, 0.000000, 0.000000, 0.000000]
  MODEL_COUNTS(s,a,*):  [2.509, 0.000, 0.000, 0.000, 0.000, 0.000, 0.000, 0.000, 0.000, 0.000, 0.000, 0.000, 0.000, 0.000, 0.000, 0.000, 0.000, 0.000, 0.000, 0.000, 0.000, 0.000]
  MODEL_REWARDS(s,a,*): [0.000, 0.000, 0.000, 0.000, 0.000, 0.000, 0.000, 0.000, 0.000, 0.000, 0.000, 0.000, 0.000, 0.000, 0.000, 0.000, 0.000, 0.000, 0.000, 0.000, 0.000, 0.000]
----------------------------------------
[DEBUG] Beta=1.0 Phase=pre-drug Step=29
  State: 0 -> Action: as5 -> Next: 0 (Reward: 0.0)
  Q_MF:  [0.000000, 0.000000, 0.000000, 0.000000, 0.000000, 0.000000, 0.000000, 0.000000, 0.000000]
  Q_MB:  [0.000000, 0.000000, 0.000000, 0.000000, 0.000000, 0.000000, 0.000000, 0.000000, 0.000000]
  Q_MIX: [0.000000, 0.000000, 0.000000, 0.000000, 0.000000, 0.000000, 0.000000, 0.000000, 0.000000]
  MODEL_COUNTS(s,a,*):  [2.494, 0.000, 0.000, 0.000, 0.000, 0.000, 0.000, 0.000, 0.000, 0.000, 0.000, 0.000, 0.000, 0.000, 0.000, 0.000, 0.000, 0.000, 0.000, 0.000, 0.000, 0.000]
  MODEL_REWARDS(s,a,*): [0.000, 0.000, 0.000, 0.000, 0.000, 0.000, 0.000, 0.000, 0.000, 0.000, 0.000, 0.000, 0.000, 0.000, 0.000, 0.000, 0.000, 0.000, 0.000, 0.000, 0.000, 0.000]
----------------------------------------
[DEBUG] Beta=1.0 Phase=pre-drug Step=30
  State: 0 -> Action: as3 -> Next: 0 (Reward: 0.0)
  Q_MF:  [0.000000, 0.000000, 0.000000, 0.000000, 0.000000, 0.000000, 0.000000, 0.000000, 0.000000]
  Q_MB:  [0.000000, 0.000000, 0.000000, 0.000000, 0.000000, 0.000000, 0.000000, 0.000000, 0.000000]
  Q_MIX: [0.000000, 0.000000, 0.000000, 0.000000, 0.000000, 0.000000, 0.000000, 0.000000, 0.000000]
  MODEL_COUNTS(s,a,*):  [2.479, 0.000, 0.000, 0.000, 0.000, 0.000, 0.000, 0.000, 0.000, 0.000, 0.000, 0.000, 0.000, 0.000, 0.000, 0.000, 0.000, 0.000, 0.000, 0.000, 0.000, 0.000]
  MODEL_REWARDS(s,a,*): [0.000, 0.000, 0.000, 0.000, 0.000, 0.000, 0.000, 0.000, 0.000, 0.000, 0.000, 0.000, 0.000, 0.000, 0.000, 0.000, 0.000, 0.000, 0.000, 0.000, 0.000, 0.000]
----------------------------------------
[DEBUG] Beta=1.0 Phase=pre-drug Step=31
  State: 0 -> Action: ag -> Next: 3 (Reward: 1.0)
  Q_MF:  [0.000000, 0.000000, 0.000000, 0.000000, 0.000000, 0.000000, 0.000000, 0.000000, 0.000000]
  Q_MB:  [0.000000, 0.000000, 0.000000, 0.000000, 0.000000, 0.000000, 0.000000, 0.000000, 0.000000]
  Q_MIX: [0.000000, 0.000000, 0.000000, 0.000000, 0.000000, 0.000000, 0.000000, 0.000000, 0.000000]
  MODEL_COUNTS(s,a,*):  [1.465, 0.000, 0.000, 5.000, 0.000, 0.000, 0.000, 0.000, 0.000, 0.000, 0.000, 0.000, 0.000, 0.000, 0.000, 0.000, 0.000, 0.000, 0.000, 0.000, 0.000, 0.000]
  MODEL_REWARDS(s,a,*): [0.000, 0.000, 0.000, 5.000, 0.000, 0.000, 0.000, 0.000, 0.000, 0.000, 0.000, 0.000, 0.000, 0.000, 0.000, 0.000, 0.000, 0.000, 0.000, 0.000, 0.000, 0.000]
----------------------------------------
[DEBUG] Beta=1.0 Phase=pre-drug Step=32
  State: 3 -> Action: as3 -> Next: 2 (Reward: 0.0)
  Q_MF:  [0.000000, 0.000000, 0.000000, 0.000000, 0.000000, 0.000000, 0.000000, 0.000000, 0.000000]
  Q_MB:  [0.338919, 0.380313, 0.338919, 0.338919, 0.338919, 0.338919, 0.338919, 0.338919, 0.338919]
  Q_MIX: [0.338919, 0.380313, 0.338919, 0.338919, 0.338919, 0.338919, 0.338919, 0.338919, 0.338919]
  MODEL_COUNTS(s,a,*):  [0.000, 0.000, 5.131, 1.450, 0.000, 0.000, 0.000, 0.000, 0.000, 0.000, 0.000, 0.000, 0.000, 0.000, 0.000, 0.000, 0.000, 0.000, 0.000, 0.000, 0.000, 0.000]
  MODEL_REWARDS(s,a,*): [0.000, 0.000, 0.000, 0.000, 0.000, 0.000, 0.000, 0.000, 0.000, 0.000, 0.000, 0.000, 0.000, 0.000, 0.000, 0.000, 0.000, 0.000, 0.000, 0.000, 0.000, 0.000]
----------------------------------------
[DEBUG] Beta=1.0 Phase=pre-drug Step=33
  State: 2 -> Action: ad -> Next: 2 (Reward: 0.0)
  Q_MF:  [0.000000, 0.000000, 0.000000, 0.000000, 0.000000, 0.000000, 0.000000, 0.000000, 0.000000]
  Q_MB:  [0.000000, 0.000000, 0.000000, 0.000000, 0.000000, 0.000000, 0.000000, 0.000000, 0.000000]
  Q_MIX: [0.000000, 0.000000, 0.000000, 0.000000, 0.000000, 0.000000, 0.000000, 0.000000, 0.000000]
  MODEL_COUNTS(s,a,*):  [0.000, 0.000, 2.435, 0.000, 0.000, 0.000, 0.000, 0.000, 0.000, 0.000, 0.000, 0.000, 0.000, 0.000, 0.000, 0.000, 0.000, 0.000, 0.000, 0.000, 0.000, 0.000]
  MODEL_REWARDS(s,a,*): [0.000, 0.000, 0.000, 0.000, 0.000, 0.000, 0.000, 0.000, 0.000, 0.000, 0.000, 0.000, 0.000, 0.000, 0.000, 0.000, 0.000, 0.000, 0.000, 0.000, 0.000, 0.000]
----------------------------------------
[DEBUG] Beta=1.0 Phase=pre-drug Step=34
  State: 2 -> Action: as2 -> Next: 1 (Reward: 0.0)
  Q_MF:  [0.000000, 0.000000, 0.000000, 0.000000, 0.000000, 0.000000, 0.000000, 0.000000, 0.000000]
  Q_MB:  [0.672177, 0.497061, 0.497061, 0.497061, 0.497061, 0.497061, 0.497061, 0.497061, 0.497061]
  Q_MIX: [0.672177, 0.497061, 0.497061, 0.497061, 0.497061, 0.497061, 0.497061, 0.497061, 0.497061]
  MODEL_COUNTS(s,a,*):  [0.000, 5.477, 1.421, 0.000, 0.000, 0.000, 0.000, 0.000, 0.000, 0.000, 0.000, 0.000, 0.000, 0.000, 0.000, 0.000, 0.000, 0.000, 0.000, 0.000, 0.000, 0.000]
  MODEL_REWARDS(s,a,*): [0.000, 0.000, 0.000, 0.000, 0.000, 0.000, 0.000, 0.000, 0.000, 0.000, 0.000, 0.000, 0.000, 0.000, 0.000, 0.000, 0.000, 0.000, 0.000, 0.000, 0.000, 0.000]
----------------------------------------
[DEBUG] Beta=1.0 Phase=pre-drug Step=35
  State: 1 -> Action: aw -> Next: 1 (Reward: 0.0)
  Q_MF:  [0.000000, 0.000000, 0.000000, 0.000000, 0.000000, 0.000000, 0.000000, 0.000000, 0.000000]
  Q_MB:  [0.000000, 0.000000, 0.000000, 0.000000, 0.000000, 0.000000, 0.000000, 0.000000, 0.000000]
  Q_MIX: [0.000000, 0.000000, 0.000000, 0.000000, 0.000000, 0.000000, 0.000000, 0.000000, 0.000000]
  MODEL_COUNTS(s,a,*):  [0.000, 4.225, 0.000, 0.000, 0.000, 0.000, 0.000, 0.000, 0.000, 0.000, 0.000, 0.000, 0.000, 0.000, 0.000, 0.000, 0.000, 0.000, 0.000, 0.000, 0.000, 0.000]
  MODEL_REWARDS(s,a,*): [0.000, 0.000, 0.000, 0.000, 0.000, 0.000, 0.000, 0.000, 0.000, 0.000, 0.000, 0.000, 0.000, 0.000, 0.000, 0.000, 0.000, 0.000, 0.000, 0.000, 0.000, 0.000]
----------------------------------------
[DEBUG] Beta=1.0 Phase=pre-drug Step=36
  State: 1 -> Action: as6 -> Next: 1 (Reward: 0.0)
  Q_MF:  [0.000000, 0.000000, 0.000000, 0.000000, 0.000000, 0.000000, 0.000000, 0.000000, 0.000000]
  Q_MB:  [0.000000, 0.000000, 0.000000, 0.000000, 0.000000, 0.000000, 0.000000, 0.000000, 0.000000]
  Q_MIX: [0.000000, 0.000000, 0.000000, 0.000000, 0.000000, 0.000000, 0.000000, 0.000000, 0.000000]
  MODEL_COUNTS(s,a,*):  [0.000, 2.393, 0.000, 0.000, 0.000, 0.000, 0.000, 0.000, 0.000, 0.000, 0.000, 0.000, 0.000, 0.000, 0.000, 0.000, 0.000, 0.000, 0.000, 0.000, 0.000, 0.000]
  MODEL_REWARDS(s,a,*): [0.000, 0.000, 0.000, 0.000, 0.000, 0.000, 0.000, 0.000, 0.000, 0.000, 0.000, 0.000, 0.000, 0.000, 0.000, 0.000, 0.000, 0.000, 0.000, 0.000, 0.000, 0.000]
----------------------------------------
[DEBUG] Beta=1.0 Phase=pre-drug Step=37
  State: 1 -> Action: ag -> Next: 0 (Reward: 0.0)
  Q_MF:  [0.000000, 0.000000, 0.000000, 0.000000, 0.000000, 0.000000, 0.000000, 0.000000, 0.000000]
  Q_MB:  [0.577982, 0.577982, 0.577982, 0.577982, 0.577982, 0.577982, 0.799443, 0.577982, 0.577982]
  Q_MIX: [0.577982, 0.577982, 0.577982, 0.577982, 0.577982, 0.577982, 0.799443, 0.577982, 0.577982]
  MODEL_COUNTS(s,a,*):  [5.522, 1.379, 0.000, 0.000, 0.000, 0.000, 0.000, 0.000, 0.000, 0.000, 0.000, 0.000, 0.000, 0.000, 0.000, 0.000, 0.000, 0.000, 0.000, 0.000, 0.000, 0.000]
  MODEL_REWARDS(s,a,*): [0.000, 0.000, 0.000, 0.000, 0.000, 0.000, 0.000, 0.000, 0.000, 0.000, 0.000, 0.000, 0.000, 0.000, 0.000, 0.000, 0.000, 0.000, 0.000, 0.000, 0.000, 0.000]
----------------------------------------
[DEBUG] Beta=1.0 Phase=pre-drug Step=38
  State: 0 -> Action: ag -> Next: 3 (Reward: 1.0)
  Q_MF:  [0.000000, 0.000000, 0.000000, 0.000000, 0.000000, 0.000000, 0.050000, 0.000000, 0.000000]
  Q_MB:  [1.041949, 1.041949, 1.041949, 1.041949, 1.041949, 1.041949, 1.203920, 1.041949, 1.041949]
  Q_MIX: [1.041949, 1.041949, 1.041949, 1.041949, 1.041949, 1.041949, 1.203920, 1.041949, 1.041949]
  MODEL_COUNTS(s,a,*):  [1.365, 0.000, 0.000, 5.660, 0.000, 0.000, 0.000, 0.000, 0.000, 0.000, 0.000, 0.000, 0.000, 0.000, 0.000, 0.000, 0.000, 0.000, 0.000, 0.000, 0.000, 0.000]
  MODEL_REWARDS(s,a,*): [0.000, 0.000, 0.000, 5.660, 0.000, 0.000, 0.000, 0.000, 0.000, 0.000, 0.000, 0.000, 0.000, 0.000, 0.000, 0.000, 0.000, 0.000, 0.000, 0.000, 0.000, 0.000]
----------------------------------------
[DEBUG] Beta=1.0 Phase=pre-drug Step=39
  State: 3 -> Action: as2 -> Next: 3 (Reward: 0.0)
  Q_MF:  [0.000000, 0.000000, 0.000000, 0.000000, 0.000000, 0.000000, 0.000000, 0.000000, 0.000000]
  Q_MB:  [0.000000, 0.000000, 0.000000, 0.000000, 0.000000, 0.000000, 0.000000, 0.000000, 0.000000]
  Q_MIX: [0.000000, 0.000000, 0.000000, 0.000000, 0.000000, 0.000000, 0.000000, 0.000000, 0.000000]
  MODEL_COUNTS(s,a,*):  [0.000, 0.000, 0.000, 3.041, 0.000, 0.000, 0.000, 0.000, 0.000, 0.000, 0.000, 0.000, 0.000, 0.000, 0.000, 0.000, 0.000, 0.000, 0.000, 0.000, 0.000, 0.000]
  MODEL_REWARDS(s,a,*): [0.000, 0.000, 0.000, 0.000, 0.000, 0.000, 0.000, 0.000, 0.000, 0.000, 0.000, 0.000, 0.000, 0.000, 0.000, 0.000, 0.000, 0.000, 0.000, 0.000, 0.000, 0.000]
----------------------------------------
[DEBUG] Beta=1.0 Phase=pre-drug Step=40
  State: 3 -> Action: as5 -> Next: 4 (Reward: 0.0)
  Q_MF:  [0.000000, 0.000000, 0.000000, 0.000000, 0.000000, 0.000000, 0.000000, 0.000000, 0.000000]
  Q_MB:  [0.000000, 0.344886, 0.000000, 0.000000, 0.000000, 0.000000, 0.000000, 0.000000, 0.000000]
  Q_MIX: [0.000000, 0.344886, 0.000000, 0.000000, 0.000000, 0.000000, 0.000000, 0.000000, 0.000000]
  MODEL_COUNTS(s,a,*):  [0.000, 0.000, 0.000, 1.338, 5.000, 0.000, 0.000, 0.000, 0.000, 0.000, 0.000, 0.000, 0.000, 0.000, 0.000, 0.000, 0.000, 0.000, 0.000, 0.000, 0.000, 0.000]
  MODEL_REWARDS(s,a,*): [0.000, 0.000, 0.000, 0.000, 0.000, 0.000, 0.000, 0.000, 0.000, 0.000, 0.000, 0.000, 0.000, 0.000, 0.000, 0.000, 0.000, 0.000, 0.000, 0.000, 0.000, 0.000]
----------------------------------------
[DEBUG] Beta=1.0 Phase=pre-drug Step=41
  State: 4 -> Action: as7 -> Next: 4 (Reward: 0.0)
  Q_MF:  [0.000000, 0.000000, 0.000000, 0.000000, 0.000000, 0.000000, 0.000000, 0.000000, 0.000000]
  Q_MB:  [0.000000, 0.000000, 0.000000, 0.000000, 0.000000, 0.000000, 0.000000, 0.000000, 0.000000]
  Q_MIX: [0.000000, 0.000000, 0.000000, 0.000000, 0.000000, 0.000000, 0.000000, 0.000000, 0.000000]
  MODEL_COUNTS(s,a,*):  [0.000, 0.000, 0.000, 0.000, 2.325, 0.000, 0.000, 0.000, 0.000, 0.000, 0.000, 0.000, 0.000, 0.000, 0.000, 0.000, 0.000, 0.000, 0.000, 0.000, 0.000, 0.000]
  MODEL_REWARDS(s,a,*): [0.000, 0.000, 0.000, 0.000, 0.000, 0.000, 0.000, 0.000, 0.000, 0.000, 0.000, 0.000, 0.000, 0.000, 0.000, 0.000, 0.000, 0.000, 0.000, 0.000, 0.000, 0.000]
----------------------------------------
[DEBUG] Beta=1.0 Phase=pre-drug Step=42
  State: 4 -> Action: aw -> Next: 4 (Reward: 0.0)
  Q_MF:  [0.000000, 0.000000, 0.000000, 0.000000, 0.000000, 0.000000, 0.000000, 0.000000, 0.000000]
  Q_MB:  [0.000000, 0.000000, 0.000000, 0.000000, 0.000000, 0.000000, 0.000000, 0.000000, 0.000000]
  Q_MIX: [0.000000, 0.000000, 0.000000, 0.000000, 0.000000, 0.000000, 0.000000, 0.000000, 0.000000]
  MODEL_COUNTS(s,a,*):  [0.000, 0.000, 0.000, 0.000, 2.311, 0.000, 0.000, 0.000, 0.000, 0.000, 0.000, 0.000, 0.000, 0.000, 0.000, 0.000, 0.000, 0.000, 0.000, 0.000, 0.000, 0.000]
  MODEL_REWARDS(s,a,*): [0.000, 0.000, 0.000, 0.000, 0.000, 0.000, 0.000, 0.000, 0.000, 0.000, 0.000, 0.000, 0.000, 0.000, 0.000, 0.000, 0.000, 0.000, 0.000, 0.000, 0.000, 0.000]
----------------------------------------
[DEBUG] Beta=1.0 Phase=pre-drug Step=43
  State: 4 -> Action: as6 -> Next: 5 (Reward: 0.0)
  Q_MF:  [0.000000, 0.000000, 0.000000, 0.000000, 0.000000, 0.000000, 0.000000, 0.000000, 0.000000]
  Q_MB:  [0.000000, 0.000000, 0.000000, 0.000000, 0.000000, 0.000000, 0.000000, 0.000000, 0.000000]
  Q_MIX: [0.000000, 0.000000, 0.000000, 0.000000, 0.000000, 0.000000, 0.000000, 0.000000, 0.000000]
  MODEL_COUNTS(s,a,*):  [0.000, 0.000, 0.000, 0.000, 1.298, 5.000, 0.000, 0.000, 0.000, 0.000, 0.000, 0.000, 0.000, 0.000, 0.000, 0.000, 0.000, 0.000, 0.000, 0.000, 0.000, 0.000]
  MODEL_REWARDS(s,a,*): [0.000, 0.000, 0.000, 0.000, 0.000, 0.000, 0.000, 0.000, 0.000, 0.000, 0.000, 0.000, 0.000, 0.000, 0.000, 0.000, 0.000, 0.000, 0.000, 0.000, 0.000, 0.000]
----------------------------------------
[DEBUG] Beta=1.0 Phase=pre-drug Step=44
  State: 5 -> Action: as3 -> Next: 5 (Reward: 0.0)
  Q_MF:  [0.000000, 0.000000, 0.000000, 0.000000, 0.000000, 0.000000, 0.000000, 0.000000, 0.000000]
  Q_MB:  [0.000000, 0.000000, 0.000000, 0.000000, 0.000000, 0.000000, 0.000000, 0.000000, 0.000000]
  Q_MIX: [0.000000, 0.000000, 0.000000, 0.000000, 0.000000, 0.000000, 0.000000, 0.000000, 0.000000]
  MODEL_COUNTS(s,a,*):  [0.000, 0.000, 0.000, 0.000, 0.000, 2.285, 0.000, 0.000, 0.000, 0.000, 0.000, 0.000, 0.000, 0.000, 0.000, 0.000, 0.000, 0.000, 0.000, 0.000, 0.000, 0.000]
  MODEL_REWARDS(s,a,*): [0.000, 0.000, 0.000, 0.000, 0.000, 0.000, 0.000, 0.000, 0.000, 0.000, 0.000, 0.000, 0.000, 0.000, 0.000, 0.000, 0.000, 0.000, 0.000, 0.000, 0.000, 0.000]
----------------------------------------
[DEBUG] Beta=1.0 Phase=pre-drug Step=45
  State: 5 -> Action: ag -> Next: 5 (Reward: 0.0)
  Q_MF:  [0.000000, 0.000000, 0.000000, 0.000000, 0.000000, 0.000000, 0.000000, 0.000000, 0.000000]
  Q_MB:  [0.000000, 0.000000, 0.000000, 0.000000, 0.000000, 0.000000, 0.000000, 0.000000, 0.000000]
  Q_MIX: [0.000000, 0.000000, 0.000000, 0.000000, 0.000000, 0.000000, 0.000000, 0.000000, 0.000000]
  MODEL_COUNTS(s,a,*):  [0.000, 0.000, 0.000, 0.000, 0.000, 2.272, 0.000, 0.000, 0.000, 0.000, 0.000, 0.000, 0.000, 0.000, 0.000, 0.000, 0.000, 0.000, 0.000, 0.000, 0.000, 0.000]
  MODEL_REWARDS(s,a,*): [0.000, 0.000, 0.000, 0.000, 0.000, 0.000, 0.000, 0.000, 0.000, 0.000, 0.000, 0.000, 0.000, 0.000, 0.000, 0.000, 0.000, 0.000, 0.000, 0.000, 0.000, 0.000]
----------------------------------------
[DEBUG] Beta=1.0 Phase=pre-drug Step=46
  State: 5 -> Action: as2 -> Next: 5 (Reward: 0.0)
  Q_MF:  [0.000000, 0.000000, 0.000000, 0.000000, 0.000000, 0.000000, 0.000000, 0.000000, 0.000000]
  Q_MB:  [0.000000, 0.000000, 0.000000, 0.000000, 0.000000, 0.000000, 0.000000, 0.000000, 0.000000]
  Q_MIX: [0.000000, 0.000000, 0.000000, 0.000000, 0.000000, 0.000000, 0.000000, 0.000000, 0.000000]
  MODEL_COUNTS(s,a,*):  [0.000, 0.000, 0.000, 0.000, 0.000, 2.260, 0.000, 0.000, 0.000, 0.000, 0.000, 0.000, 0.000, 0.000, 0.000, 0.000, 0.000, 0.000, 0.000, 0.000, 0.000, 0.000]
  MODEL_REWARDS(s,a,*): [0.000, 0.000, 0.000, 0.000, 0.000, 0.000, 0.000, 0.000, 0.000, 0.000, 0.000, 0.000, 0.000, 0.000, 0.000, 0.000, 0.000, 0.000, 0.000, 0.000, 0.000, 0.000]
----------------------------------------
[DEBUG] Beta=1.0 Phase=pre-drug Step=47
  State: 5 -> Action: ad -> Next: 5 (Reward: 0.0)
  Q_MF:  [0.000000, 0.000000, 0.000000, 0.000000, 0.000000, 0.000000, 0.000000, 0.000000, 0.000000]
  Q_MB:  [0.000000, 0.000000, 0.000000, 0.000000, 0.000000, 0.000000, 0.000000, 0.000000, 0.000000]
  Q_MIX: [0.000000, 0.000000, 0.000000, 0.000000, 0.000000, 0.000000, 0.000000, 0.000000, 0.000000]
  MODEL_COUNTS(s,a,*):  [0.000, 0.000, 0.000, 0.000, 0.000, 2.247, 0.000, 0.000, 0.000, 0.000, 0.000, 0.000, 0.000, 0.000, 0.000, 0.000, 0.000, 0.000, 0.000, 0.000, 0.000, 0.000]
  MODEL_REWARDS(s,a,*): [0.000, 0.000, 0.000, 0.000, 0.000, 0.000, 0.000, 0.000, 0.000, 0.000, 0.000, 0.000, 0.000, 0.000, 0.000, 0.000, 0.000, 0.000, 0.000, 0.000, 0.000, 0.000]
----------------------------------------
[DEBUG] Beta=1.0 Phase=pre-drug Step=48
  State: 5 -> Action: as7 -> Next: 6 (Reward: 0.0)
  Q_MF:  [0.000000, 0.000000, 0.000000, 0.000000, 0.000000, 0.000000, 0.000000, 0.000000, 0.000000]
  Q_MB:  [0.000000, 0.000000, 0.000000, 0.000000, 0.000000, 0.000000, 0.000000, 0.000000, 0.000000]
  Q_MIX: [0.000000, 0.000000, 0.000000, 0.000000, 0.000000, 0.000000, 0.000000, 0.000000, 0.000000]
  MODEL_COUNTS(s,a,*):  [0.000, 0.000, 0.000, 0.000, 0.000, 1.235, 5.000, 0.000, 0.000, 0.000, 0.000, 0.000, 0.000, 0.000, 0.000, 0.000, 0.000, 0.000, 0.000, 0.000, 0.000, 0.000]
  MODEL_REWARDS(s,a,*): [0.000, 0.000, 0.000, 0.000, 0.000, 0.000, 0.000, 0.000, 0.000, 0.000, 0.000, 0.000, 0.000, 0.000, 0.000, 0.000, 0.000, 0.000, 0.000, 0.000, 0.000, 0.000]
----------------------------------------
[DEBUG] Beta=1.0 Phase=pre-drug Step=49
  State: 6 -> Action: aw -> Next: 6 (Reward: 0.0)
  Q_MF:  [0.000000, 0.000000, 0.000000, 0.000000, 0.000000, 0.000000, 0.000000, 0.000000, 0.000000]
  Q_MB:  [0.000000, 0.000000, 0.000000, 0.000000, 0.000000, 0.000000, 0.000000, 0.000000, 0.000000]
  Q_MIX: [0.000000, 0.000000, 0.000000, 0.000000, 0.000000, 0.000000, 0.000000, 0.000000, 0.000000]
  MODEL_COUNTS(s,a,*):  [0.000, 0.000, 0.000, 0.000, 0.000, 0.000, 2.222, 0.000, 0.000, 0.000, 0.000, 0.000, 0.000, 0.000, 0.000, 0.000, 0.000, 0.000, 0.000, 0.000, 0.000, 0.000]
  MODEL_REWARDS(s,a,*): [0.000, 0.000, 0.000, 0.000, 0.000, 0.000, 0.000, 0.000, 0.000, 0.000, 0.000, 0.000, 0.000, 0.000, 0.000, 0.000, 0.000, 0.000, 0.000, 0.000, 0.000, 0.000]
----------------------------------------
[DEBUG] Beta=1.0 Phase=pre-drug Step=50
  State: 6 -> Action: as4 -> Next: 6 (Reward: 0.0)
  Q_MF:  [0.000000, 0.000000, 0.000000, 0.000000, 0.000000, 0.000000, 0.000000, 0.000000, 0.000000]
  Q_MB:  [0.000000, 0.000000, 0.000000, 0.000000, 0.000000, 0.000000, 0.000000, 0.000000, 0.000000]
  Q_MIX: [0.000000, 0.000000, 0.000000, 0.000000, 0.000000, 0.000000, 0.000000, 0.000000, 0.000000]
  MODEL_COUNTS(s,a,*):  [0.000, 0.000, 0.000, 0.000, 0.000, 0.000, 2.210, 0.000, 0.000, 0.000, 0.000, 0.000, 0.000, 0.000, 0.000, 0.000, 0.000, 0.000, 0.000, 0.000, 0.000, 0.000]
  MODEL_REWARDS(s,a,*): [0.000, 0.000, 0.000, 0.000, 0.000, 0.000, 0.000, 0.000, 0.000, 0.000, 0.000, 0.000, 0.000, 0.000, 0.000, 0.000, 0.000, 0.000, 0.000, 0.000, 0.000, 0.000]
----------------------------------------
[DEBUG] Beta=1.0 Phase=addiction Step=1
  State: 6 -> Action: as5 -> Next: 6 (Reward: 0.0)
  Q_MF:  [0.000000, 0.000000, 0.000000, 0.000000, 0.000000, 0.000000, 0.000000, 0.000000, 0.000000]
  Q_MB:  [0.000000, 0.000000, 0.000000, 0.000000, 0.000000, 0.000000, 0.000000, 0.000000, 0.000000]
  Q_MIX: [0.000000, 0.000000, 0.000000, 0.000000, 0.000000, 0.000000, 0.000000, 0.000000, 0.000000]
  MODEL_COUNTS(s,a,*):  [0.000, 0.000, 0.000, 0.000, 0.000, 0.000, 2.198, 0.000, 0.000, 0.000, 0.000, 0.000, 0.000, 0.000, 0.000, 0.000, 0.000, 0.000, 0.000, 0.000, 0.000, 0.000]
  MODEL_REWARDS(s,a,*): [0.000, 0.000, 0.000, 0.000, 0.000, 0.000, 0.000, 0.000, 0.000, 0.000, 0.000, 0.000, 0.000, 0.000, 0.000, 0.000, 0.000, 0.000, 0.000, 0.000, 0.000, 0.000]
----------------------------------------
[DEBUG] Beta=1.0 Phase=addiction Step=2
  State: 6 -> Action: ag -> Next: 6 (Reward: 0.0)
  Q_MF:  [0.000000, 0.000000, 0.000000, 0.000000, 0.000000, 0.000000, 0.000000, 0.000000, 0.000000]
  Q_MB:  [0.000000, 0.000000, 0.000000, 0.000000, 0.000000, 0.000000, 0.000000, 0.000000, 0.000000]
  Q_MIX: [0.000000, 0.000000, 0.000000, 0.000000, 0.000000, 0.000000, 0.000000, 0.000000, 0.000000]
  MODEL_COUNTS(s,a,*):  [0.000, 0.000, 0.000, 0.000, 0.000, 0.000, 2.186, 0.000, 0.000, 0.000, 0.000, 0.000, 0.000, 0.000, 0.000, 0.000, 0.000, 0.000, 0.000, 0.000, 0.000, 0.000]
  MODEL_REWARDS(s,a,*): [0.000, 0.000, 0.000, 0.000, 0.000, 0.000, 0.000, 0.000, 0.000, 0.000, 0.000, 0.000, 0.000, 0.000, 0.000, 0.000, 0.000, 0.000, 0.000, 0.000, 0.000, 0.000]
----------------------------------------
[DEBUG] Beta=1.0 Phase=addiction Step=3
  State: 6 -> Action: as6 -> Next: 5 (Reward: 0.0)
  Q_MF:  [0.000000, 0.000000, 0.000000, 0.000000, 0.000000, 0.000000, 0.000000, 0.000000, 0.000000]
  Q_MB:  [0.000000, 0.000000, 0.000000, 0.000000, 0.000000, 0.000000, 0.000000, 0.000000, 0.000000]
  Q_MIX: [0.000000, 0.000000, 0.000000, 0.000000, 0.000000, 0.000000, 0.000000, 0.000000, 0.000000]
  MODEL_COUNTS(s,a,*):  [0.000, 0.000, 0.000, 0.000, 0.000, 5.000, 1.174, 0.000, 0.000, 0.000, 0.000, 0.000, 0.000, 0.000, 0.000, 0.000, 0.000, 0.000, 0.000, 0.000, 0.000, 0.000]
  MODEL_REWARDS(s,a,*): [0.000, 0.000, 0.000, 0.000, 0.000, 0.000, 0.000, 0.000, 0.000, 0.000, 0.000, 0.000, 0.000, 0.000, 0.000, 0.000, 0.000, 0.000, 0.000, 0.000, 0.000, 0.000]
----------------------------------------
[DEBUG] Beta=1.0 Phase=addiction Step=4
  State: 5 -> Action: ag -> Next: 5 (Reward: 0.0)
  Q_MF:  [0.000000, 0.000000, 0.000000, 0.000000, 0.000000, 0.000000, 0.000000, 0.000000, 0.000000]
  Q_MB:  [0.000000, 0.000000, 0.000000, 0.000000, 0.000000, 0.000000, 0.000000, 0.000000, 0.000000]
  Q_MIX: [0.000000, 0.000000, 0.000000, 0.000000, 0.000000, 0.000000, 0.000000, 0.000000, 0.000000]
  MODEL_COUNTS(s,a,*):  [0.000, 0.000, 0.000, 0.000, 0.000, 3.076, 0.000, 0.000, 0.000, 0.000, 0.000, 0.000, 0.000, 0.000, 0.000, 0.000, 0.000, 0.000, 0.000, 0.000, 0.000, 0.000]
  MODEL_REWARDS(s,a,*): [0.000, 0.000, 0.000, 0.000, 0.000, 0.000, 0.000, 0.000, 0.000, 0.000, 0.000, 0.000, 0.000, 0.000, 0.000, 0.000, 0.000, 0.000, 0.000, 0.000, 0.000, 0.000]
----------------------------------------
[DEBUG] Beta=1.0 Phase=addiction Step=5
  State: 5 -> Action: ag -> Next: 5 (Reward: 0.0)
  Q_MF:  [0.000000, 0.000000, 0.000000, 0.000000, 0.000000, 0.000000, 0.000000, 0.000000, 0.000000]
  Q_MB:  [0.000000, 0.000000, 0.000000, 0.000000, 0.000000, 0.000000, 0.000000, 0.000000, 0.000000]
  Q_MIX: [0.000000, 0.000000, 0.000000, 0.000000, 0.000000, 0.000000, 0.000000, 0.000000, 0.000000]
  MODEL_COUNTS(s,a,*):  [0.000, 0.000, 0.000, 0.000, 0.000, 4.045, 0.000, 0.000, 0.000, 0.000, 0.000, 0.000, 0.000, 0.000, 0.000, 0.000, 0.000, 0.000, 0.000, 0.000, 0.000, 0.000]
  MODEL_REWARDS(s,a,*): [0.000, 0.000, 0.000, 0.000, 0.000, 0.000, 0.000, 0.000, 0.000, 0.000, 0.000, 0.000, 0.000, 0.000, 0.000, 0.000, 0.000, 0.000, 0.000, 0.000, 0.000, 0.000]
----------------------------------------
[DEBUG] Beta=1.0 Phase=addiction Step=6
  State: 5 -> Action: as6 -> Next: 5 (Reward: 0.0)
  Q_MF:  [0.000000, 0.000000, 0.000000, 0.000000, 0.000000, 0.000000, 0.000000, 0.000000, 0.000000]
  Q_MB:  [0.000000, 0.000000, 0.000000, 0.000000, 0.000000, 0.000000, 0.000000, 0.000000, 0.000000]
  Q_MIX: [0.000000, 0.000000, 0.000000, 0.000000, 0.000000, 0.000000, 0.000000, 0.000000, 0.000000]
  MODEL_COUNTS(s,a,*):  [0.000, 0.000, 0.000, 0.000, 0.000, 2.139, 0.000, 0.000, 0.000, 0.000, 0.000, 0.000, 0.000, 0.000, 0.000, 0.000, 0.000, 0.000, 0.000, 0.000, 0.000, 0.000]
  MODEL_REWARDS(s,a,*): [0.000, 0.000, 0.000, 0.000, 0.000, 0.000, 0.000, 0.000, 0.000, 0.000, 0.000, 0.000, 0.000, 0.000, 0.000, 0.000, 0.000, 0.000, 0.000, 0.000, 0.000, 0.000]
----------------------------------------
[DEBUG] Beta=1.0 Phase=addiction Step=7
  State: 5 -> Action: as3 -> Next: 5 (Reward: 0.0)
  Q_MF:  [0.000000, 0.000000, 0.000000, 0.000000, 0.000000, 0.000000, 0.000000, 0.000000, 0.000000]
  Q_MB:  [0.000000, 0.000000, 0.000000, 0.000000, 0.000000, 0.000000, 0.000000, 0.000000, 0.000000]
  Q_MIX: [0.000000, 0.000000, 0.000000, 0.000000, 0.000000, 0.000000, 0.000000, 0.000000, 0.000000]
  MODEL_COUNTS(s,a,*):  [0.000, 0.000, 0.000, 0.000, 0.000, 3.005, 0.000, 0.000, 0.000, 0.000, 0.000, 0.000, 0.000, 0.000, 0.000, 0.000, 0.000, 0.000, 0.000, 0.000, 0.000, 0.000]
  MODEL_REWARDS(s,a,*): [0.000, 0.000, 0.000, 0.000, 0.000, 0.000, 0.000, 0.000, 0.000, 0.000, 0.000, 0.000, 0.000, 0.000, 0.000, 0.000, 0.000, 0.000, 0.000, 0.000, 0.000, 0.000]
----------------------------------------
[DEBUG] Beta=1.0 Phase=addiction Step=8
  State: 5 -> Action: as4 -> Next: 5 (Reward: 0.0)
  Q_MF:  [0.000000, 0.000000, 0.000000, 0.000000, 0.000000, 0.000000, 0.000000, 0.000000, 0.000000]
  Q_MB:  [0.000000, 0.000000, 0.000000, 0.000000, 0.000000, 0.000000, 0.000000, 0.000000, 0.000000]
  Q_MIX: [0.000000, 0.000000, 0.000000, 0.000000, 0.000000, 0.000000, 0.000000, 0.000000, 0.000000]
  MODEL_COUNTS(s,a,*):  [0.000, 0.000, 0.000, 0.000, 0.000, 2.117, 0.000, 0.000, 0.000, 0.000, 0.000, 0.000, 0.000, 0.000, 0.000, 0.000, 0.000, 0.000, 0.000, 0.000, 0.000, 0.000]
  MODEL_REWARDS(s,a,*): [0.000, 0.000, 0.000, 0.000, 0.000, 0.000, 0.000, 0.000, 0.000, 0.000, 0.000, 0.000, 0.000, 0.000, 0.000, 0.000, 0.000, 0.000, 0.000, 0.000, 0.000, 0.000]
----------------------------------------
[DEBUG] Beta=1.0 Phase=addiction Step=9
  State: 5 -> Action: as2 -> Next: 5 (Reward: 0.0)
  Q_MF:  [0.000000, 0.000000, 0.000000, 0.000000, 0.000000, 0.000000, 0.000000, 0.000000, 0.000000]
  Q_MB:  [0.000000, 0.000000, 0.000000, 0.000000, 0.000000, 0.000000, 0.000000, 0.000000, 0.000000]
  Q_MIX: [0.000000, 0.000000, 0.000000, 0.000000, 0.000000, 0.000000, 0.000000, 0.000000, 0.000000]
  MODEL_COUNTS(s,a,*):  [0.000, 0.000, 0.000, 0.000, 0.000, 2.983, 0.000, 0.000, 0.000, 0.000, 0.000, 0.000, 0.000, 0.000, 0.000, 0.000, 0.000, 0.000, 0.000, 0.000, 0.000, 0.000]
  MODEL_REWARDS(s,a,*): [0.000, 0.000, 0.000, 0.000, 0.000, 0.000, 0.000, 0.000, 0.000, 0.000, 0.000, 0.000, 0.000, 0.000, 0.000, 0.000, 0.000, 0.000, 0.000, 0.000, 0.000, 0.000]
----------------------------------------
[DEBUG] Beta=1.0 Phase=addiction Step=10
  State: 5 -> Action: as6 -> Next: 5 (Reward: 0.0)
  Q_MF:  [0.000000, 0.000000, 0.000000, 0.000000, 0.000000, 0.000000, 0.000000, 0.000000, 0.000000]
  Q_MB:  [0.000000, 0.000000, 0.000000, 0.000000, 0.000000, 0.000000, 0.000000, 0.000000, 0.000000]
  Q_MIX: [0.000000, 0.000000, 0.000000, 0.000000, 0.000000, 0.000000, 0.000000, 0.000000, 0.000000]
  MODEL_COUNTS(s,a,*):  [0.000, 0.000, 0.000, 0.000, 0.000, 3.055, 0.000, 0.000, 0.000, 0.000, 0.000, 0.000, 0.000, 0.000, 0.000, 0.000, 0.000, 0.000, 0.000, 0.000, 0.000, 0.000]
  MODEL_REWARDS(s,a,*): [0.000, 0.000, 0.000, 0.000, 0.000, 0.000, 0.000, 0.000, 0.000, 0.000, 0.000, 0.000, 0.000, 0.000, 0.000, 0.000, 0.000, 0.000, 0.000, 0.000, 0.000, 0.000]
----------------------------------------
[DEBUG] Beta=1.0 Phase=addiction Step=11
  State: 5 -> Action: as7 -> Next: 6 (Reward: 0.0)
  Q_MF:  [0.000000, 0.000000, 0.000000, 0.000000, 0.000000, 0.000000, 0.000000, 0.000000, 0.000000]
  Q_MB:  [0.000000, 0.000000, 0.000000, 0.000000, 0.000000, 0.000000, 0.000000, 0.000000, 0.000000]
  Q_MIX: [0.000000, 0.000000, 0.000000, 0.000000, 0.000000, 0.000000, 0.000000, 0.000000, 0.000000]
  MODEL_COUNTS(s,a,*):  [0.000, 0.000, 0.000, 0.000, 0.000, 1.083, 5.388, 0.000, 0.000, 0.000, 0.000, 0.000, 0.000, 0.000, 0.000, 0.000, 0.000, 0.000, 0.000, 0.000, 0.000, 0.000]
  MODEL_REWARDS(s,a,*): [0.000, 0.000, 0.000, 0.000, 0.000, 0.000, 0.000, 0.000, 0.000, 0.000, 0.000, 0.000, 0.000, 0.000, 0.000, 0.000, 0.000, 0.000, 0.000, 0.000, 0.000, 0.000]
----------------------------------------
[DEBUG] Beta=1.0 Phase=addiction Step=12
  State: 6 -> Action: aw -> Next: 6 (Reward: 0.0)
  Q_MF:  [0.000000, 0.000000, 0.000000, 0.000000, 0.000000, 0.000000, 0.000000, 0.000000, 0.000000]
  Q_MB:  [0.000000, 0.000000, 0.000000, 0.000000, 0.000000, 0.000000, 0.000000, 0.000000, 0.000000]
  Q_MIX: [0.000000, 0.000000, 0.000000, 0.000000, 0.000000, 0.000000, 0.000000, 0.000000, 0.000000]
  MODEL_COUNTS(s,a,*):  [0.000, 0.000, 0.000, 0.000, 0.000, 0.000, 2.950, 0.000, 0.000, 0.000, 0.000, 0.000, 0.000, 0.000, 0.000, 0.000, 0.000, 0.000, 0.000, 0.000, 0.000, 0.000]
  MODEL_REWARDS(s,a,*): [0.000, 0.000, 0.000, 0.000, 0.000, 0.000, 0.000, 0.000, 0.000, 0.000, 0.000, 0.000, 0.000, 0.000, 0.000, 0.000, 0.000, 0.000, 0.000, 0.000, 0.000, 0.000]
----------------------------------------
[DEBUG] Beta=1.0 Phase=addiction Step=13
  State: 6 -> Action: as5 -> Next: 6 (Reward: 0.0)
  Q_MF:  [0.000000, 0.000000, 0.000000, 0.000000, 0.000000, 0.000000, 0.000000, 0.000000, 0.000000]
  Q_MB:  [0.000000, 0.000000, 0.000000, 0.000000, 0.000000, 0.000000, 0.000000, 0.000000, 0.000000]
  Q_MIX: [0.000000, 0.000000, 0.000000, 0.000000, 0.000000, 0.000000, 0.000000, 0.000000, 0.000000]
  MODEL_COUNTS(s,a,*):  [0.000, 0.000, 0.000, 0.000, 0.000, 0.000, 2.948, 0.000, 0.000, 0.000, 0.000, 0.000, 0.000, 0.000, 0.000, 0.000, 0.000, 0.000, 0.000, 0.000, 0.000, 0.000]
  MODEL_REWARDS(s,a,*): [0.000, 0.000, 0.000, 0.000, 0.000, 0.000, 0.000, 0.000, 0.000, 0.000, 0.000, 0.000, 0.000, 0.000, 0.000, 0.000, 0.000, 0.000, 0.000, 0.000, 0.000, 0.000]
----------------------------------------
[DEBUG] Beta=1.0 Phase=addiction Step=14
  State: 6 -> Action: as6 -> Next: 5 (Reward: 0.0)
  Q_MF:  [0.000000, 0.000000, 0.000000, 0.000000, 0.000000, 0.000000, 0.000000, 0.000000, 0.000000]
  Q_MB:  [0.000000, 0.000000, 0.000000, 0.000000, 0.000000, 0.000000, 0.000000, 0.000000, 0.000000]
  Q_MIX: [0.000000, 0.000000, 0.000000, 0.000000, 0.000000, 0.000000, 0.000000, 0.000000, 0.000000]
  MODEL_COUNTS(s,a,*):  [0.000, 0.000, 0.000, 0.000, 0.000, 5.477, 1.051, 0.000, 0.000, 0.000, 0.000, 0.000, 0.000, 0.000, 0.000, 0.000, 0.000, 0.000, 0.000, 0.000, 0.000, 0.000]
  MODEL_REWARDS(s,a,*): [0.000, 0.000, 0.000, 0.000, 0.000, 0.000, 0.000, 0.000, 0.000, 0.000, 0.000, 0.000, 0.000, 0.000, 0.000, 0.000, 0.000, 0.000, 0.000, 0.000, 0.000, 0.000]
----------------------------------------
[DEBUG] Beta=1.0 Phase=addiction Step=15
  State: 5 -> Action: as6 -> Next: 5 (Reward: 0.0)
  Q_MF:  [0.000000, 0.000000, 0.000000, 0.000000, 0.000000, 0.000000, 0.000000, 0.000000, 0.000000]
  Q_MB:  [0.000000, 0.000000, 0.000000, 0.000000, 0.000000, 0.000000, 0.000000, 0.000000, 0.000000]
  Q_MIX: [0.000000, 0.000000, 0.000000, 0.000000, 0.000000, 0.000000, 0.000000, 0.000000, 0.000000]
  MODEL_COUNTS(s,a,*):  [0.000, 0.000, 0.000, 0.000, 0.000, 3.905, 0.000, 0.000, 0.000, 0.000, 0.000, 0.000, 0.000, 0.000, 0.000, 0.000, 0.000, 0.000, 0.000, 0.000, 0.000, 0.000]
  MODEL_REWARDS(s,a,*): [0.000, 0.000, 0.000, 0.000, 0.000, 0.000, 0.000, 0.000, 0.000, 0.000, 0.000, 0.000, 0.000, 0.000, 0.000, 0.000, 0.000, 0.000, 0.000, 0.000, 0.000, 0.000]
----------------------------------------
[DEBUG] Beta=1.0 Phase=addiction Step=16
  State: 5 -> Action: aw -> Next: 5 (Reward: 0.0)
  Q_MF:  [0.000000, 0.000000, 0.000000, 0.000000, 0.000000, 0.000000, 0.000000, 0.000000, 0.000000]
  Q_MB:  [0.000000, 0.000000, 0.000000, 0.000000, 0.000000, 0.000000, 0.000000, 0.000000, 0.000000]
  Q_MIX: [0.000000, 0.000000, 0.000000, 0.000000, 0.000000, 0.000000, 0.000000, 0.000000, 0.000000]
  MODEL_COUNTS(s,a,*):  [0.000, 0.000, 0.000, 0.000, 0.000, 2.030, 0.000, 0.000, 0.000, 0.000, 0.000, 0.000, 0.000, 0.000, 0.000, 0.000, 0.000, 0.000, 0.000, 0.000, 0.000, 0.000]
  MODEL_REWARDS(s,a,*): [0.000, 0.000, 0.000, 0.000, 0.000, 0.000, 0.000, 0.000, 0.000, 0.000, 0.000, 0.000, 0.000, 0.000, 0.000, 0.000, 0.000, 0.000, 0.000, 0.000, 0.000, 0.000]
----------------------------------------
[DEBUG] Beta=1.0 Phase=addiction Step=17
  State: 5 -> Action: as3 -> Next: 5 (Reward: 0.0)
  Q_MF:  [0.000000, 0.000000, 0.000000, 0.000000, 0.000000, 0.000000, 0.000000, 0.000000, 0.000000]
  Q_MB:  [0.000000, 0.000000, 0.000000, 0.000000, 0.000000, 0.000000, 0.000000, 0.000000, 0.000000]
  Q_MIX: [0.000000, 0.000000, 0.000000, 0.000000, 0.000000, 0.000000, 0.000000, 0.000000, 0.000000]
  MODEL_COUNTS(s,a,*):  [0.000, 0.000, 0.000, 0.000, 0.000, 3.718, 0.000, 0.000, 0.000, 0.000, 0.000, 0.000, 0.000, 0.000, 0.000, 0.000, 0.000, 0.000, 0.000, 0.000, 0.000, 0.000]
  MODEL_REWARDS(s,a,*): [0.000, 0.000, 0.000, 0.000, 0.000, 0.000, 0.000, 0.000, 0.000, 0.000, 0.000, 0.000, 0.000, 0.000, 0.000, 0.000, 0.000, 0.000, 0.000, 0.000, 0.000, 0.000]
----------------------------------------
[DEBUG] Beta=1.0 Phase=addiction Step=18
  State: 5 -> Action: ag -> Next: 5 (Reward: 0.0)
  Q_MF:  [0.000000, 0.000000, 0.000000, 0.000000, 0.000000, 0.000000, 0.000000, 0.000000, 0.000000]
  Q_MB:  [0.000000, 0.000000, 0.000000, 0.000000, 0.000000, 0.000000, 0.000000, 0.000000, 0.000000]
  Q_MIX: [0.000000, 0.000000, 0.000000, 0.000000, 0.000000, 0.000000, 0.000000, 0.000000, 0.000000]
  MODEL_COUNTS(s,a,*):  [0.000, 0.000, 0.000, 0.000, 0.000, 4.550, 0.000, 0.000, 0.000, 0.000, 0.000, 0.000, 0.000, 0.000, 0.000, 0.000, 0.000, 0.000, 0.000, 0.000, 0.000, 0.000]
  MODEL_REWARDS(s,a,*): [0.000, 0.000, 0.000, 0.000, 0.000, 0.000, 0.000, 0.000, 0.000, 0.000, 0.000, 0.000, 0.000, 0.000, 0.000, 0.000, 0.000, 0.000, 0.000, 0.000, 0.000, 0.000]
----------------------------------------
[DEBUG] Beta=1.0 Phase=addiction Step=19
  State: 5 -> Action: as5 -> Next: 4 (Reward: 0.0)
  Q_MF:  [0.000000, 0.000000, 0.000000, 0.000000, 0.000000, 0.000000, 0.000000, 0.000000, 0.000000]
  Q_MB:  [0.000000, 0.000000, 0.000000, 0.000000, 0.000000, 0.000000, 0.000000, 0.000000, 0.000000]
  Q_MIX: [0.000000, 0.000000, 0.000000, 0.000000, 0.000000, 0.000000, 0.000000, 0.000000, 0.000000]
  MODEL_COUNTS(s,a,*):  [0.000, 0.000, 0.000, 0.000, 5.000, 1.000, 0.000, 0.000, 0.000, 0.000, 0.000, 0.000, 0.000, 0.000, 0.000, 0.000, 0.000, 0.000, 0.000, 0.000, 0.000, 0.000]
  MODEL_REWARDS(s,a,*): [0.000, 0.000, 0.000, 0.000, 0.000, 0.000, 0.000, 0.000, 0.000, 0.000, 0.000, 0.000, 0.000, 0.000, 0.000, 0.000, 0.000, 0.000, 0.000, 0.000, 0.000, 0.000]
----------------------------------------
[DEBUG] Beta=1.0 Phase=addiction Step=20
  State: 4 -> Action: as4 -> Next: 3 (Reward: 0.0)
  Q_MF:  [0.000000, 0.000000, 0.000000, 0.000000, 0.000000, 0.000000, 0.000000, 0.000000, 0.000000]
  Q_MB:  [0.000000, 0.000000, 0.000000, 0.000000, 0.000000, 0.000000, 0.000000, 0.000000, 0.000000]
  Q_MIX: [0.000000, 0.000000, 0.000000, 0.000000, 0.000000, 0.000000, 0.000000, 0.000000, 0.000000]
  MODEL_COUNTS(s,a,*):  [0.000, 0.000, 0.000, 5.000, 0.990, 0.000, 0.000, 0.000, 0.000, 0.000, 0.000, 0.000, 0.000, 0.000, 0.000, 0.000, 0.000, 0.000, 0.000, 0.000, 0.000, 0.000]
  MODEL_REWARDS(s,a,*): [0.000, 0.000, 0.000, 0.000, 0.000, 0.000, 0.000, 0.000, 0.000, 0.000, 0.000, 0.000, 0.000, 0.000, 0.000, 0.000, 0.000, 0.000, 0.000, 0.000, 0.000, 0.000]
----------------------------------------
[DEBUG] Beta=1.0 Phase=addiction Step=21
  State: 3 -> Action: as4 -> Next: 3 (Reward: 0.0)
  Q_MF:  [0.000000, 0.000000, 0.000000, 0.000000, 0.000000, 0.000000, 0.000000, 0.000000, 0.000000]
  Q_MB:  [0.000000, 0.000000, 0.000000, 0.000000, 0.000000, 0.000000, 0.000000, 0.000000, 0.000000]
  Q_MIX: [0.000000, 0.000000, 0.000000, 0.000000, 0.000000, 0.000000, 0.000000, 0.000000, 0.000000]
  MODEL_COUNTS(s,a,*):  [0.000, 0.000, 0.000, 1.980, 0.000, 0.000, 0.000, 0.000, 0.000, 0.000, 0.000, 0.000, 0.000, 0.000, 0.000, 0.000, 0.000, 0.000, 0.000, 0.000, 0.000, 0.000]
  MODEL_REWARDS(s,a,*): [0.000, 0.000, 0.000, 0.000, 0.000, 0.000, 0.000, 0.000, 0.000, 0.000, 0.000, 0.000, 0.000, 0.000, 0.000, 0.000, 0.000, 0.000, 0.000, 0.000, 0.000, 0.000]
----------------------------------------
[DEBUG] Beta=1.0 Phase=addiction Step=22
  State: 3 -> Action: ag -> Next: 3 (Reward: 0.0)
  Q_MF:  [0.000000, 0.000000, 0.000000, 0.000000, 0.000000, 0.000000, 0.000000, 0.000000, 0.000000]
  Q_MB:  [0.000000, 0.000000, 0.000000, 0.000000, 0.000000, 0.000000, 0.000000, 0.000000, 0.000000]
  Q_MIX: [0.000000, 0.000000, 0.000000, 0.000000, 0.000000, 0.000000, 0.000000, 0.000000, 0.000000]
  MODEL_COUNTS(s,a,*):  [0.000, 0.000, 0.000, 3.017, 0.000, 0.000, 0.000, 0.000, 0.000, 0.000, 0.000, 0.000, 0.000, 0.000, 0.000, 0.000, 0.000, 0.000, 0.000, 0.000, 0.000, 0.000]
  MODEL_REWARDS(s,a,*): [0.000, 0.000, 0.000, 0.000, 0.000, 0.000, 0.000, 0.000, 0.000, 0.000, 0.000, 0.000, 0.000, 0.000, 0.000, 0.000, 0.000, 0.000, 0.000, 0.000, 0.000, 0.000]
----------------------------------------
[DEBUG] Beta=1.0 Phase=addiction Step=23
  State: 3 -> Action: as6 -> Next: 3 (Reward: 0.0)
  Q_MF:  [0.000000, 0.000000, 0.000000, 0.000000, 0.000000, 0.000000, 0.000000, 0.000000, 0.000000]
  Q_MB:  [0.000000, 0.000000, 0.000000, 0.000000, 0.000000, 0.000000, 0.000000, 0.000000, 0.000000]
  Q_MIX: [0.000000, 0.000000, 0.000000, 0.000000, 0.000000, 0.000000, 0.000000, 0.000000, 0.000000]
  MODEL_COUNTS(s,a,*):  [0.000, 0.000, 0.000, 4.037, 0.000, 0.000, 0.000, 0.000, 0.000, 0.000, 0.000, 0.000, 0.000, 0.000, 0.000, 0.000, 0.000, 0.000, 0.000, 0.000, 0.000, 0.000]
  MODEL_REWARDS(s,a,*): [0.000, 0.000, 0.000, 0.000, 0.000, 0.000, 0.000, 0.000, 0.000, 0.000, 0.000, 0.000, 0.000, 0.000, 0.000, 0.000, 0.000, 0.000, 0.000, 0.000, 0.000, 0.000]
----------------------------------------
[DEBUG] Beta=1.0 Phase=addiction Step=24
  State: 3 -> Action: ad -> Next: 3 (Reward: 0.0)
  Q_MF:  [0.000000, 0.000000, 0.000000, 0.000000, 0.000000, 0.000000, 0.000000, 0.000000, 0.000000]
  Q_MB:  [0.000000, 0.000000, 0.000000, 0.000000, 0.000000, 0.000000, 0.000000, 0.000000, 0.000000]
  Q_MIX: [0.000000, 0.000000, 0.000000, 0.000000, 0.000000, 0.000000, 0.000000, 0.000000, 0.000000]
  MODEL_COUNTS(s,a,*):  [0.000, 0.000, 0.000, 2.967, 0.000, 0.000, 0.000, 0.000, 0.000, 0.000, 0.000, 0.000, 0.000, 0.000, 0.000, 0.000, 0.000, 0.000, 0.000, 0.000, 0.000, 0.000]
  MODEL_REWARDS(s,a,*): [0.000, 0.000, 0.000, 0.000, 0.000, 0.000, 0.000, 0.000, 0.000, 0.000, 0.000, 0.000, 0.000, 0.000, 0.000, 0.000, 0.000, 0.000, 0.000, 0.000, 0.000, 0.000]
----------------------------------------
[DEBUG] Beta=1.0 Phase=addiction Step=25
  State: 3 -> Action: as3 -> Next: 2 (Reward: 0.0)
  Q_MF:  [0.000000, 0.000000, 0.000000, 0.000000, 0.000000, 0.000000, 0.000000, 0.000000, 0.000000]
  Q_MB:  [0.000000, 0.406908, 0.000000, 0.000000, 0.000000, 0.000000, 0.000000, 0.000000, 0.000000]
  Q_MIX: [0.000000, 0.406908, 0.000000, 0.000000, 0.000000, 0.000000, 0.000000, 0.000000, 0.000000]
  MODEL_COUNTS(s,a,*):  [0.000, 0.000, 4.330, 0.941, 0.000, 0.000, 0.000, 0.000, 0.000, 0.000, 0.000, 0.000, 0.000, 0.000, 0.000, 0.000, 0.000, 0.000, 0.000, 0.000, 0.000, 0.000]
  MODEL_REWARDS(s,a,*): [0.000, 0.000, 0.000, 0.000, 0.000, 0.000, 0.000, 0.000, 0.000, 0.000, 0.000, 0.000, 0.000, 0.000, 0.000, 0.000, 0.000, 0.000, 0.000, 0.000, 0.000, 0.000]
----------------------------------------
[DEBUG] Beta=1.0 Phase=addiction Step=26
  State: 2 -> Action: as2 -> Next: 1 (Reward: 0.0)
  Q_MF:  [0.000000, 0.000000, 0.000000, 0.000000, 0.000000, 0.000000, 0.000000, 0.000000, 0.000000]
  Q_MB:  [0.491499, 0.373158, 0.373158, 0.373158, 0.373158, 0.373158, 0.373158, 0.373158, 0.373158]
  Q_MIX: [0.491499, 0.373158, 0.373158, 0.373158, 0.373158, 0.373158, 0.373158, 0.373158, 0.373158]
  MODEL_COUNTS(s,a,*):  [0.000, 4.591, 0.932, 0.000, 0.000, 0.000, 0.000, 0.000, 0.000, 0.000, 0.000, 0.000, 0.000, 0.000, 0.000, 0.000, 0.000, 0.000, 0.000, 0.000, 0.000, 0.000]
  MODEL_REWARDS(s,a,*): [0.000, 0.000, 0.000, 0.000, 0.000, 0.000, 0.000, 0.000, 0.000, 0.000, 0.000, 0.000, 0.000, 0.000, 0.000, 0.000, 0.000, 0.000, 0.000, 0.000, 0.000, 0.000]
----------------------------------------
[DEBUG] Beta=1.0 Phase=addiction Step=27
  State: 1 -> Action: ag -> Next: 0 (Reward: 0.0)
  Q_MF:  [0.000000, 0.000000, 0.000000, 0.000000, 0.000000, 0.000000, 0.002250, 0.000000, 0.000000]
  Q_MB:  [0.000000, 0.000000, 0.000000, 0.000000, 0.000000, 0.000000, 0.580230, 0.000000, 0.000000]
  Q_MIX: [0.000000, 0.000000, 0.000000, 0.000000, 0.000000, 0.000000, 0.580230, 0.000000, 0.000000]
  MODEL_COUNTS(s,a,*):  [4.694, 0.922, 0.000, 0.000, 0.000, 0.000, 0.000, 0.000, 0.000, 0.000, 0.000, 0.000, 0.000, 0.000, 0.000, 0.000, 0.000, 0.000, 0.000, 0.000, 0.000, 0.000]
  MODEL_REWARDS(s,a,*): [0.000, 0.000, 0.000, 0.000, 0.000, 0.000, 0.000, 0.000, 0.000, 0.000, 0.000, 0.000, 0.000, 0.000, 0.000, 0.000, 0.000, 0.000, 0.000, 0.000, 0.000, 0.000]
----------------------------------------
[DEBUG] Beta=1.0 Phase=addiction Step=28
  State: 0 -> Action: ag -> Next: 3 (Reward: 1.0)
  Q_MF:  [0.000000, 0.000000, 0.000000, 0.000000, 0.000000, 0.000000, 0.097500, 0.000000, 0.000000]
  Q_MB:  [0.725121, 0.725121, 0.725121, 0.725121, 0.725121, 0.725121, 0.946588, 0.725121, 0.725121]
  Q_MIX: [0.725121, 0.725121, 0.725121, 0.725121, 0.725121, 0.725121, 0.946588, 0.725121, 0.725121]
  MODEL_COUNTS(s,a,*):  [0.913, 0.000, 0.000, 4.787, 0.000, 0.000, 0.000, 0.000, 0.000, 0.000, 0.000, 0.000, 0.000, 0.000, 0.000, 0.000, 0.000, 0.000, 0.000, 0.000, 0.000, 0.000]
  MODEL_REWARDS(s,a,*): [0.000, 0.000, 0.000, 4.787, 0.000, 0.000, 0.000, 0.000, 0.000, 0.000, 0.000, 0.000, 0.000, 0.000, 0.000, 0.000, 0.000, 0.000, 0.000, 0.000, 0.000, 0.000]
----------------------------------------
[DEBUG] Beta=1.0 Phase=addiction Step=29
  State: 3 -> Action: as3 -> Next: 2 (Reward: 0.0)
  Q_MF:  [0.000000, 0.000000, 0.000000, 0.000000, 0.000000, 0.000000, 0.000000, 0.000000, 0.000000]
  Q_MB:  [0.314452, 0.405533, 0.314452, 0.066381, 0.314452, 0.314452, 0.314452, 0.314452, 0.314452]
  Q_MIX: [0.314452, 0.405533, 0.314452, 0.066381, 0.314452, 0.314452, 0.314452, 0.314452, 0.314452]
  MODEL_COUNTS(s,a,*):  [0.000, 0.000, 5.160, 0.904, 0.000, 0.000, 0.000, 0.000, 0.000, 0.000, 0.000, 0.000, 0.000, 0.000, 0.000, 0.000, 0.000, 0.000, 0.000, 0.000, 0.000, 0.000]
  MODEL_REWARDS(s,a,*): [0.000, 0.000, 0.000, 0.000, 0.000, 0.000, 0.000, 0.000, 0.000, 0.000, 0.000, 0.000, 0.000, 0.000, 0.000, 0.000, 0.000, 0.000, 0.000, 0.000, 0.000, 0.000]
----------------------------------------
[DEBUG] Beta=1.0 Phase=addiction Step=30
  State: 2 -> Action: as2 -> Next: 1 (Reward: 0.0)
  Q_MF:  [0.000101, 0.000000, 0.000000, 0.000000, 0.000000, 0.000000, 0.000000, 0.000000, 0.000000]
  Q_MB:  [0.472586, 0.000000, 0.000000, 0.000000, 0.000000, 0.000000, 0.000000, 0.000000, 0.000000]
  Q_MIX: [0.472586, 0.000000, 0.000000, 0.000000, 0.000000, 0.000000, 0.000000, 0.000000, 0.000000]
  MODEL_COUNTS(s,a,*):  [0.000, 5.410, 0.895, 0.000, 0.000, 0.000, 0.000, 0.000, 0.000, 0.000, 0.000, 0.000, 0.000, 0.000, 0.000, 0.000, 0.000, 0.000, 0.000, 0.000, 0.000, 0.000]
  MODEL_REWARDS(s,a,*): [0.000, 0.000, 0.000, 0.000, 0.000, 0.000, 0.000, 0.000, 0.000, 0.000, 0.000, 0.000, 0.000, 0.000, 0.000, 0.000, 0.000, 0.000, 0.000, 0.000, 0.000, 0.000]
----------------------------------------
[DEBUG] Beta=1.0 Phase=addiction Step=31
  State: 1 -> Action: ag -> Next: 0 (Reward: 0.0)
  Q_MF:  [0.000000, 0.000000, 0.000000, 0.000000, 0.000000, 0.000000, 0.006525, 0.000000, 0.000000]
  Q_MB:  [0.748771, 0.748771, 0.748771, 0.748771, 0.748771, 0.748771, 0.845733, 0.748771, 0.748771]
  Q_MIX: [0.748771, 0.748771, 0.748771, 0.748771, 0.748771, 0.748771, 0.845733, 0.748771, 0.748771]
  MODEL_COUNTS(s,a,*):  [5.509, 0.886, 0.000, 0.000, 0.000, 0.000, 0.000, 0.000, 0.000, 0.000, 0.000, 0.000, 0.000, 0.000, 0.000, 0.000, 0.000, 0.000, 0.000, 0.000, 0.000, 0.000]
  MODEL_REWARDS(s,a,*): [0.000, 0.000, 0.000, 0.000, 0.000, 0.000, 0.000, 0.000, 0.000, 0.000, 0.000, 0.000, 0.000, 0.000, 0.000, 0.000, 0.000, 0.000, 0.000, 0.000, 0.000, 0.000]
----------------------------------------
[DEBUG] Beta=1.0 Phase=addiction Step=32
  State: 0 -> Action: ag -> Next: 3 (Reward: 1.0)
  Q_MF:  [0.000000, 0.000000, 0.000000, 0.000000, 0.000000, 0.000000, 0.142625, 0.000000, 0.000000]
  Q_MB:  [1.218474, 1.218474, 1.218474, 1.218474, 1.218474, 1.218474, 1.661423, 1.218474, 1.218474]
  Q_MIX: [1.218474, 1.218474, 1.218474, 1.218474, 1.218474, 1.218474, 1.661423, 1.218474, 1.218474]
  MODEL_COUNTS(s,a,*):  [0.877, 0.000, 0.000, 5.598, 0.000, 0.000, 0.000, 0.000, 0.000, 0.000, 0.000, 0.000, 0.000, 0.000, 0.000, 0.000, 0.000, 0.000, 0.000, 0.000, 0.000, 0.000]
  MODEL_REWARDS(s,a,*): [0.000, 0.000, 0.000, 5.598, 0.000, 0.000, 0.000, 0.000, 0.000, 0.000, 0.000, 0.000, 0.000, 0.000, 0.000, 0.000, 0.000, 0.000, 0.000, 0.000, 0.000, 0.000]
----------------------------------------
[DEBUG] Beta=1.0 Phase=addiction Step=33
  State: 3 -> Action: as3 -> Next: 2 (Reward: 0.0)
  Q_MF:  [0.000000, 0.000005, 0.000000, 0.000000, 0.000000, 0.000000, 0.000000, 0.000000, 0.000000]
  Q_MB:  [0.000000, 0.444719, 0.000000, 0.000000, 0.000000, 0.000000, 0.000000, 0.000000, 0.000000]
  Q_MIX: [0.000000, 0.444719, 0.000000, 0.000000, 0.000000, 0.000000, 0.000000, 0.000000, 0.000000]
  MODEL_COUNTS(s,a,*):  [0.000, 0.000, 5.956, 0.868, 0.000, 0.000, 0.000, 0.000, 0.000, 0.000, 0.000, 0.000, 0.000, 0.000, 0.000, 0.000, 0.000, 0.000, 0.000, 0.000, 0.000, 0.000]
  MODEL_REWARDS(s,a,*): [0.000, 0.000, 0.000, 0.000, 0.000, 0.000, 0.000, 0.000, 0.000, 0.000, 0.000, 0.000, 0.000, 0.000, 0.000, 0.000, 0.000, 0.000, 0.000, 0.000, 0.000, 0.000]
----------------------------------------
[DEBUG] Beta=1.0 Phase=addiction Step=34
  State: 2 -> Action: as2 -> Next: 1 (Reward: 0.0)
  Q_MF:  [0.000390, 0.000000, 0.000000, 0.000000, 0.000000, 0.000000, 0.000000, 0.000000, 0.000000]
  Q_MB:  [0.748029, 0.596957, 0.596957, 0.596957, 0.596957, 0.596957, 0.596957, 0.596957, 0.596957]
  Q_MIX: [0.748029, 0.596957, 0.596957, 0.596957, 0.596957, 0.596957, 0.596957, 0.596957, 0.596957]
  MODEL_COUNTS(s,a,*):  [0.000, 6.197, 0.860, 0.000, 0.000, 0.000, 0.000, 0.000, 0.000, 0.000, 0.000, 0.000, 0.000, 0.000, 0.000, 0.000, 0.000, 0.000, 0.000, 0.000, 0.000, 0.000]
  MODEL_REWARDS(s,a,*): [0.000, 0.000, 0.000, 0.000, 0.000, 0.000, 0.000, 0.000, 0.000, 0.000, 0.000, 0.000, 0.000, 0.000, 0.000, 0.000, 0.000, 0.000, 0.000, 0.000, 0.000, 0.000]
----------------------------------------
[DEBUG] Beta=1.0 Phase=addiction Step=35
  State: 1 -> Action: ag -> Next: 0 (Reward: 0.0)
  Q_MF:  [0.000000, 0.000000, 0.000000, 0.000000, 0.000000, 0.000000, 0.012617, 0.000000, 0.000000]
  Q_MB:  [0.603238, 0.603238, 0.603238, 0.603238, 0.603238, 0.603238, 0.753847, 0.603238, 0.603238]
  Q_MIX: [0.603238, 0.603238, 0.603238, 0.603238, 0.603238, 0.603238, 0.753847, 0.603238, 0.603238]
  MODEL_COUNTS(s,a,*):  [6.292, 0.851, 0.000, 0.000, 0.000, 0.000, 0.000, 0.000, 0.000, 0.000, 0.000, 0.000, 0.000, 0.000, 0.000, 0.000, 0.000, 0.000, 0.000, 0.000, 0.000, 0.000]
  MODEL_REWARDS(s,a,*): [0.000, 0.000, 0.000, 0.000, 0.000, 0.000, 0.000, 0.000, 0.000, 0.000, 0.000, 0.000, 0.000, 0.000, 0.000, 0.000, 0.000, 0.000, 0.000, 0.000, 0.000, 0.000]
----------------------------------------
[DEBUG] Beta=1.0 Phase=addiction Step=36
  State: 0 -> Action: ag -> Next: 3 (Reward: 1.0)
  Q_MF:  [0.000000, 0.000000, 0.000000, 0.000000, 0.000000, 0.000000, 0.185494, 0.000000, 0.000000]
  Q_MB:  [0.885918, 0.885918, 0.885918, 0.885918, 0.885918, 0.885918, 0.984545, 0.885918, 0.885918]
  Q_MIX: [0.885918, 0.885918, 0.885918, 0.885918, 0.885918, 0.885918, 0.984545, 0.885918, 0.885918]
  MODEL_COUNTS(s,a,*):  [0.843, 0.000, 0.000, 6.377, 0.000, 0.000, 0.000, 0.000, 0.000, 0.000, 0.000, 0.000, 0.000, 0.000, 0.000, 0.000, 0.000, 0.000, 0.000, 0.000, 0.000, 0.000]
  MODEL_REWARDS(s,a,*): [0.000, 0.000, 0.000, 6.377, 0.000, 0.000, 0.000, 0.000, 0.000, 0.000, 0.000, 0.000, 0.000, 0.000, 0.000, 0.000, 0.000, 0.000, 0.000, 0.000, 0.000, 0.000]
----------------------------------------
[DEBUG] Beta=1.0 Phase=addiction Step=37
  State: 3 -> Action: as3 -> Next: 2 (Reward: 0.0)
  Q_MF:  [0.000000, 0.000022, 0.000000, 0.000000, 0.000000, 0.000000, 0.000000, 0.000000, 0.000000]
  Q_MB:  [0.000000, 0.481320, 0.000000, 0.000000, 0.000000, 0.000000, 0.000000, 0.000000, 0.000000]
  Q_MIX: [0.000000, 0.481320, 0.000000, 0.000000, 0.000000, 0.000000, 0.000000, 0.000000, 0.000000]
  MODEL_COUNTS(s,a,*):  [0.000, 0.000, 6.722, 0.834, 0.000, 0.000, 0.000, 0.000, 0.000, 0.000, 0.000, 0.000, 0.000, 0.000, 0.000, 0.000, 0.000, 0.000, 0.000, 0.000, 0.000, 0.000]
  MODEL_REWARDS(s,a,*): [0.000, 0.000, 0.000, 0.000, 0.000, 0.000, 0.000, 0.000, 0.000, 0.000, 0.000, 0.000, 0.000, 0.000, 0.000, 0.000, 0.000, 0.000, 0.000, 0.000, 0.000, 0.000]
----------------------------------------
[DEBUG] Beta=1.0 Phase=addiction Step=38
  State: 2 -> Action: as2 -> Next: 1 (Reward: 0.0)
  Q_MF:  [0.000938, 0.000000, 0.000000, 0.000000, 0.000000, 0.000000, 0.000000, 0.000000, 0.000000]
  Q_MB:  [0.000000, 0.000000, 0.000000, 0.000000, 0.000000, 0.000000, 0.000000, 0.000000, 0.000000]
  Q_MIX: [0.000000, 0.000000, 0.000000, 0.000000, 0.000000, 0.000000, 0.000000, 0.000000, 0.000000]
  MODEL_COUNTS(s,a,*):  [0.000, 6.953, 0.826, 0.000, 0.000, 0.000, 0.000, 0.000, 0.000, 0.000, 0.000, 0.000, 0.000, 0.000, 0.000, 0.000, 0.000, 0.000, 0.000, 0.000, 0.000, 0.000]
  MODEL_REWARDS(s,a,*): [0.000, 0.000, 0.000, 0.000, 0.000, 0.000, 0.000, 0.000, 0.000, 0.000, 0.000, 0.000, 0.000, 0.000, 0.000, 0.000, 0.000, 0.000, 0.000, 0.000, 0.000, 0.000]
----------------------------------------
[DEBUG] Beta=1.0 Phase=addiction Step=39
  State: 1 -> Action: ad -> Next: 1 (Reward: 0.0)
  Q_MF:  [0.000000, 0.000000, 0.000000, 0.000000, 0.000000, 0.000000, 0.020333, 0.000000, 0.000000]
  Q_MB:  [0.000000, 0.000000, 0.000000, 0.000000, 0.000000, 0.000000, 0.000000, 0.000000, 0.000000]
  Q_MIX: [0.000000, 0.000000, 0.000000, 0.000000, 0.000000, 0.000000, 0.000000, 0.000000, 0.000000]
  MODEL_COUNTS(s,a,*):  [0.000, 1.818, 0.000, 0.000, 0.000, 0.000, 0.000, 0.000, 0.000, 0.000, 0.000, 0.000, 0.000, 0.000, 0.000, 0.000, 0.000, 0.000, 0.000, 0.000, 0.000, 0.000]
  MODEL_REWARDS(s,a,*): [0.000, 0.000, 0.000, 0.000, 0.000, 0.000, 0.000, 0.000, 0.000, 0.000, 0.000, 0.000, 0.000, 0.000, 0.000, 0.000, 0.000, 0.000, 0.000, 0.000, 0.000, 0.000]
----------------------------------------
[DEBUG] Beta=1.0 Phase=addiction Step=40
  State: 1 -> Action: ag -> Next: 0 (Reward: 0.0)
  Q_MF:  [0.000000, 0.000000, 0.000000, 0.000000, 0.000000, 0.000000, 0.020333, 0.000915, 0.000000]
  Q_MB:  [0.771092, 0.771092, 0.771092, 0.771092, 0.771092, 0.771092, 0.865668, 0.771092, 0.771092]
  Q_MIX: [0.771092, 0.771092, 0.771092, 0.771092, 0.771092, 0.771092, 0.865668, 0.771092, 0.771092]
  MODEL_COUNTS(s,a,*):  [6.984, 0.809, 0.000, 0.000, 0.000, 0.000, 0.000, 0.000, 0.000, 0.000, 0.000, 0.000, 0.000, 0.000, 0.000, 0.000, 0.000, 0.000, 0.000, 0.000, 0.000, 0.000]
  MODEL_REWARDS(s,a,*): [0.000, 0.000, 0.000, 0.000, 0.000, 0.000, 0.000, 0.000, 0.000, 0.000, 0.000, 0.000, 0.000, 0.000, 0.000, 0.000, 0.000, 0.000, 0.000, 0.000, 0.000, 0.000]
----------------------------------------
[DEBUG] Beta=1.0 Phase=addiction Step=41
  State: 0 -> Action: ag -> Next: 3 (Reward: 1.0)
  Q_MF:  [0.000000, 0.000000, 0.000000, 0.000000, 0.000000, 0.000000, 0.226220, 0.000000, 0.000000]
  Q_MB:  [0.878462, 0.878462, 0.878462, 0.878462, 0.878462, 0.878462, 1.466402, 0.878462, 0.878462]
  Q_MIX: [0.878462, 0.878462, 0.878462, 0.878462, 0.878462, 0.878462, 1.466402, 0.878462, 0.878462]
  MODEL_COUNTS(s,a,*):  [0.801, 0.000, 0.000, 7.065, 0.000, 0.000, 0.000, 0.000, 0.000, 0.000, 0.000, 0.000, 0.000, 0.000, 0.000, 0.000, 0.000, 0.000, 0.000, 0.000, 0.000, 0.000]
  MODEL_REWARDS(s,a,*): [0.000, 0.000, 0.000, 7.065, 0.000, 0.000, 0.000, 0.000, 0.000, 0.000, 0.000, 0.000, 0.000, 0.000, 0.000, 0.000, 0.000, 0.000, 0.000, 0.000, 0.000, 0.000]
----------------------------------------
[DEBUG] Beta=1.0 Phase=addiction Step=42
  State: 3 -> Action: as3 -> Next: 2 (Reward: 0.0)
  Q_MF:  [0.000000, 0.000063, 0.000000, 0.000000, 0.000000, 0.000000, 0.000000, 0.000000, 0.000000]
  Q_MB:  [0.000000, 0.466528, 0.000000, 0.000000, 0.000000, 0.000000, 0.000000, 0.000000, 0.000000]
  Q_MIX: [0.000000, 0.466528, 0.000000, 0.000000, 0.000000, 0.000000, 0.000000, 0.000000, 0.000000]
  MODEL_COUNTS(s,a,*):  [0.000, 0.000, 7.392, 0.793, 0.000, 0.000, 0.000, 0.000, 0.000, 0.000, 0.000, 0.000, 0.000, 0.000, 0.000, 0.000, 0.000, 0.000, 0.000, 0.000, 0.000, 0.000]
  MODEL_REWARDS(s,a,*): [0.000, 0.000, 0.000, 0.000, 0.000, 0.000, 0.000, 0.000, 0.000, 0.000, 0.000, 0.000, 0.000, 0.000, 0.000, 0.000, 0.000, 0.000, 0.000, 0.000, 0.000, 0.000]
----------------------------------------
[DEBUG] Beta=1.0 Phase=addiction Step=43
  State: 2 -> Action: as2 -> Next: 1 (Reward: 0.0)
  Q_MF:  [0.001806, 0.000000, 0.000000, 0.000000, 0.000000, 0.000000, 0.000000, 0.000000, 0.000000]
  Q_MB:  [0.643703, 0.574543, 0.574543, 0.574543, 0.574543, 0.574543, 0.574543, 0.574543, 0.574543]
  Q_MIX: [0.643703, 0.574543, 0.574543, 0.574543, 0.574543, 0.574543, 0.574543, 0.574543, 0.574543]
  MODEL_COUNTS(s,a,*):  [0.000, 7.612, 0.785, 0.000, 0.000, 0.000, 0.000, 0.000, 0.000, 0.000, 0.000, 0.000, 0.000, 0.000, 0.000, 0.000, 0.000, 0.000, 0.000, 0.000, 0.000, 0.000]
  MODEL_REWARDS(s,a,*): [0.000, 0.000, 0.000, 0.000, 0.000, 0.000, 0.000, 0.000, 0.000, 0.000, 0.000, 0.000, 0.000, 0.000, 0.000, 0.000, 0.000, 0.000, 0.000, 0.000, 0.000, 0.000]
----------------------------------------
[DEBUG] Beta=1.0 Phase=addiction Step=44
  State: 1 -> Action: ag -> Next: 0 (Reward: 0.0)
  Q_MF:  [0.000000, 0.000000, 0.000000, 0.000000, 0.000000, 0.000000, 0.029497, 0.000915, 0.000000]
  Q_MB:  [0.719091, 0.719091, 0.719091, 0.719091, 0.719091, 0.719091, 0.799045, 0.719091, 0.719091]
  Q_MIX: [0.719091, 0.719091, 0.719091, 0.719091, 0.719091, 0.719091, 0.799045, 0.719091, 0.719091]
  MODEL_COUNTS(s,a,*):  [7.708, 0.778, 0.000, 0.000, 0.000, 0.000, 0.000, 0.000, 0.000, 0.000, 0.000, 0.000, 0.000, 0.000, 0.000, 0.000, 0.000, 0.000, 0.000, 0.000, 0.000, 0.000]
  MODEL_REWARDS(s,a,*): [0.000, 0.000, 0.000, 0.000, 0.000, 0.000, 0.000, 0.000, 0.000, 0.000, 0.000, 0.000, 0.000, 0.000, 0.000, 0.000, 0.000, 0.000, 0.000, 0.000, 0.000, 0.000]
----------------------------------------
[DEBUG] Beta=1.0 Phase=addiction Step=45
  State: 0 -> Action: ag -> Next: 3 (Reward: 1.0)
  Q_MF:  [0.000000, 0.000000, 0.000000, 0.000000, 0.000000, 0.000000, 0.264912, 0.000000, 0.000000]
  Q_MB:  [0.882425, 0.882425, 0.882425, 0.882425, 0.882425, 0.882425, 0.988022, 0.882425, 0.882425]
  Q_MIX: [0.882425, 0.882425, 0.882425, 0.882425, 0.882425, 0.882425, 0.988022, 0.882425, 0.882425]
  MODEL_COUNTS(s,a,*):  [0.770, 0.000, 0.000, 7.786, 0.000, 0.000, 0.000, 0.000, 0.000, 0.000, 0.000, 0.000, 0.000, 0.000, 0.000, 0.000, 0.000, 0.000, 0.000, 0.000, 0.000, 0.000]
  MODEL_REWARDS(s,a,*): [0.000, 0.000, 0.000, 7.786, 0.000, 0.000, 0.000, 0.000, 0.000, 0.000, 0.000, 0.000, 0.000, 0.000, 0.000, 0.000, 0.000, 0.000, 0.000, 0.000, 0.000, 0.000]
----------------------------------------
[DEBUG] Beta=1.0 Phase=addiction Step=46
  State: 3 -> Action: as3 -> Next: 2 (Reward: 0.0)
  Q_MF:  [0.000000, 0.000141, 0.000000, 0.000000, 0.000000, 0.000000, 0.000000, 0.000000, 0.000000]
  Q_MB:  [0.000000, 0.533261, 0.000000, 0.000000, 0.000000, 0.000000, 0.000000, 0.000000, 0.000000]
  Q_MIX: [0.000000, 0.533261, 0.000000, 0.000000, 0.000000, 0.000000, 0.000000, 0.000000, 0.000000]
  MODEL_COUNTS(s,a,*):  [0.000, 0.000, 8.101, 0.762, 0.000, 0.000, 0.000, 0.000, 0.000, 0.000, 0.000, 0.000, 0.000, 0.000, 0.000, 0.000, 0.000, 0.000, 0.000, 0.000, 0.000, 0.000]
  MODEL_REWARDS(s,a,*): [0.000, 0.000, 0.000, 0.000, 0.000, 0.000, 0.000, 0.000, 0.000, 0.000, 0.000, 0.000, 0.000, 0.000, 0.000, 0.000, 0.000, 0.000, 0.000, 0.000, 0.000, 0.000]
----------------------------------------
[DEBUG] Beta=1.0 Phase=addiction Step=47
  State: 2 -> Action: as2 -> Next: 1 (Reward: 0.0)
  Q_MF:  [0.003043, 0.000000, 0.000000, 0.000000, 0.000000, 0.000000, 0.000000, 0.000000, 0.000000]
  Q_MB:  [0.606955, 0.000000, 0.000000, 0.000000, 0.000000, 0.000000, 0.000000, 0.000000, 0.000000]
  Q_MIX: [0.606955, 0.000000, 0.000000, 0.000000, 0.000000, 0.000000, 0.000000, 0.000000, 0.000000]
  MODEL_COUNTS(s,a,*):  [0.000, 8.312, 0.754, 0.000, 0.000, 0.000, 0.000, 0.000, 0.000, 0.000, 0.000, 0.000, 0.000, 0.000, 0.000, 0.000, 0.000, 0.000, 0.000, 0.000, 0.000, 0.000]
  MODEL_REWARDS(s,a,*): [0.000, 0.000, 0.000, 0.000, 0.000, 0.000, 0.000, 0.000, 0.000, 0.000, 0.000, 0.000, 0.000, 0.000, 0.000, 0.000, 0.000, 0.000, 0.000, 0.000, 0.000, 0.000]
----------------------------------------
[DEBUG] Beta=1.0 Phase=addiction Step=48
  State: 1 -> Action: aw -> Next: 1 (Reward: 0.0)
  Q_MF:  [0.000000, 0.000000, 0.000000, 0.000000, 0.000000, 0.000000, 0.039943, 0.000915, 0.000000]
  Q_MB:  [0.000000, 0.000000, 0.000000, 0.000000, 0.000000, 0.000000, 0.000000, 0.000000, 0.000000]
  Q_MIX: [0.000000, 0.000000, 0.000000, 0.000000, 0.000000, 0.000000, 0.000000, 0.000000, 0.000000]
  MODEL_COUNTS(s,a,*):  [0.000, 3.243, 0.000, 0.000, 0.000, 0.000, 0.000, 0.000, 0.000, 0.000, 0.000, 0.000, 0.000, 0.000, 0.000, 0.000, 0.000, 0.000, 0.000, 0.000, 0.000, 0.000]
  MODEL_REWARDS(s,a,*): [0.000, 0.000, 0.000, 0.000, 0.000, 0.000, 0.000, 0.000, 0.000, 0.000, 0.000, 0.000, 0.000, 0.000, 0.000, 0.000, 0.000, 0.000, 0.000, 0.000, 0.000, 0.000]
----------------------------------------
[DEBUG] Beta=1.0 Phase=addiction Step=49
  State: 1 -> Action: ag -> Next: 0 (Reward: 0.0)
  Q_MF:  [0.000000, 0.000000, 0.000000, 0.000000, 0.000000, 0.000000, 0.039943, 0.000915, 0.001797]
  Q_MB:  [0.724801, 0.724801, 0.724801, 0.724801, 0.724801, 0.724801, 0.810395, 0.724801, 0.724801]
  Q_MIX: [0.724801, 0.724801, 0.724801, 0.724801, 0.724801, 0.724801, 0.810395, 0.724801, 0.724801]
  MODEL_COUNTS(s,a,*):  [8.331, 0.739, 0.000, 0.000, 0.000, 0.000, 0.000, 0.000, 0.000, 0.000, 0.000, 0.000, 0.000, 0.000, 0.000, 0.000, 0.000, 0.000, 0.000, 0.000, 0.000, 0.000]
  MODEL_REWARDS(s,a,*): [0.000, 0.000, 0.000, 0.000, 0.000, 0.000, 0.000, 0.000, 0.000, 0.000, 0.000, 0.000, 0.000, 0.000, 0.000, 0.000, 0.000, 0.000, 0.000, 0.000, 0.000, 0.000]
----------------------------------------
[DEBUG] Beta=1.0 Phase=addiction Step=50
  State: 0 -> Action: ag -> Next: 3 (Reward: 1.0)
  Q_MF:  [0.000000, 0.000000, 0.000000, 0.000000, 0.000000, 0.000000, 0.301673, 0.000000, 0.000000]
  Q_MB:  [1.327846, 1.327846, 1.327846, 1.327846, 1.327846, 1.327846, 1.478366, 1.327846, 1.327846]
  Q_MIX: [1.327846, 1.327846, 1.327846, 1.327846, 1.327846, 1.327846, 1.478366, 1.327846, 1.327846]
  MODEL_COUNTS(s,a,*):  [0.732, 0.000, 0.000, 8.405, 0.000, 0.000, 0.000, 0.000, 0.000, 0.000, 0.000, 0.000, 0.000, 0.000, 0.000, 0.000, 0.000, 0.000, 0.000, 0.000, 0.000, 0.000]
  MODEL_REWARDS(s,a,*): [0.000, 0.000, 0.000, 8.405, 0.000, 0.000, 0.000, 0.000, 0.000, 0.000, 0.000, 0.000, 0.000, 0.000, 0.000, 0.000, 0.000, 0.000, 0.000, 0.000, 0.000, 0.000]
----------------------------------------
[DEBUG] Beta=1.0 Phase=addiction Step=51
  State: 3 -> Action: as3 -> Next: 2 (Reward: 0.0)
  Q_MF:  [0.000000, 0.000271, 0.000000, 0.000000, 0.000000, 0.000000, 0.000000, 0.000000, 0.000000]
  Q_MB:  [0.622507, 0.695519, 0.622507, 0.500368, 0.622507, 0.622507, 0.622507, 0.622507, 0.622507]
  Q_MIX: [0.622507, 0.695519, 0.622507, 0.500368, 0.622507, 0.622507, 0.622507, 0.622507, 0.622507]
  MODEL_COUNTS(s,a,*):  [0.000, 0.000, 8.704, 0.725, 0.000, 0.000, 0.000, 0.000, 0.000, 0.000, 0.000, 0.000, 0.000, 0.000, 0.000, 0.000, 0.000, 0.000, 0.000, 0.000, 0.000, 0.000]
  MODEL_REWARDS(s,a,*): [0.000, 0.000, 0.000, 0.000, 0.000, 0.000, 0.000, 0.000, 0.000, 0.000, 0.000, 0.000, 0.000, 0.000, 0.000, 0.000, 0.000, 0.000, 0.000, 0.000, 0.000, 0.000]
----------------------------------------
[DEBUG] Beta=1.0 Phase=addiction Step=52
  State: 2 -> Action: as5 -> Next: 2 (Reward: 0.0)
  Q_MF:  [0.004688, 0.000000, 0.000000, 0.000000, 0.000000, 0.000000, 0.000000, 0.000000, 0.000000]
  Q_MB:  [0.000000, 0.000000, 0.000000, 0.000000, 0.000000, 0.000000, 0.000000, 0.000000, 0.000000]
  Q_MIX: [0.000000, 0.000000, 0.000000, 0.000000, 0.000000, 0.000000, 0.000000, 0.000000, 0.000000]
  MODEL_COUNTS(s,a,*):  [0.000, 0.000, 2.608, 0.000, 0.000, 0.000, 0.000, 0.000, 0.000, 0.000, 0.000, 0.000, 0.000, 0.000, 0.000, 0.000, 0.000, 0.000, 0.000, 0.000, 0.000, 0.000]
  MODEL_REWARDS(s,a,*): [0.000, 0.000, 0.000, 0.000, 0.000, 0.000, 0.000, 0.000, 0.000, 0.000, 0.000, 0.000, 0.000, 0.000, 0.000, 0.000, 0.000, 0.000, 0.000, 0.000, 0.000, 0.000]
----------------------------------------
[DEBUG] Beta=1.0 Phase=addiction Step=53
  State: 2 -> Action: as2 -> Next: 1 (Reward: 0.0)
  Q_MF:  [0.004688, 0.000000, 0.000000, 0.000211, 0.000000, 0.000000, 0.000000, 0.000000, 0.000000]
  Q_MB:  [0.776028, 0.689105, 0.689105, 0.689105, 0.689105, 0.689105, 0.689105, 0.689105, 0.689105]
  Q_MIX: [0.776028, 0.689105, 0.689105, 0.689105, 0.689105, 0.689105, 0.689105, 0.689105, 0.689105]
  MODEL_COUNTS(s,a,*):  [0.000, 8.825, 0.710, 0.000, 0.000, 0.000, 0.000, 0.000, 0.000, 0.000, 0.000, 0.000, 0.000, 0.000, 0.000, 0.000, 0.000, 0.000, 0.000, 0.000, 0.000, 0.000]
  MODEL_REWARDS(s,a,*): [0.000, 0.000, 0.000, 0.000, 0.000, 0.000, 0.000, 0.000, 0.000, 0.000, 0.000, 0.000, 0.000, 0.000, 0.000, 0.000, 0.000, 0.000, 0.000, 0.000, 0.000, 0.000]
----------------------------------------
[DEBUG] Beta=1.0 Phase=addiction Step=54
  State: 1 -> Action: ag -> Next: 0 (Reward: 0.0)
  Q_MF:  [0.000000, 0.000000, 0.000000, 0.000000, 0.000000, 0.000000, 0.051521, 0.000915, 0.001797]
  Q_MB:  [0.000000, 0.000000, 0.000000, 0.000000, 0.000000, 0.000000, 0.760395, 0.000000, 0.000000]
  Q_MIX: [0.000000, 0.000000, 0.000000, 0.000000, 0.000000, 0.000000, 0.760395, 0.000000, 0.000000]
  MODEL_COUNTS(s,a,*):  [8.922, 0.703, 0.000, 0.000, 0.000, 0.000, 0.000, 0.000, 0.000, 0.000, 0.000, 0.000, 0.000, 0.000, 0.000, 0.000, 0.000, 0.000, 0.000, 0.000, 0.000, 0.000]
  MODEL_REWARDS(s,a,*): [0.000, 0.000, 0.000, 0.000, 0.000, 0.000, 0.000, 0.000, 0.000, 0.000, 0.000, 0.000, 0.000, 0.000, 0.000, 0.000, 0.000, 0.000, 0.000, 0.000, 0.000, 0.000]
----------------------------------------
[DEBUG] Beta=1.0 Phase=addiction Step=55
  State: 0 -> Action: ag -> Next: 3 (Reward: 1.0)
  Q_MF:  [0.000000, 0.000000, 0.000000, 0.000000, 0.000000, 0.000000, 0.336601, 0.000000, 0.000000]
  Q_MB:  [1.309313, 1.309313, 1.309313, 1.309313, 1.309313, 1.309313, 1.493365, 1.309313, 1.309313]
  Q_MIX: [1.309313, 1.309313, 1.309313, 1.309313, 1.309313, 1.309313, 1.493365, 1.309313, 1.309313]
  MODEL_COUNTS(s,a,*):  [0.696, 0.000, 0.000, 8.993, 0.000, 0.000, 0.000, 0.000, 0.000, 0.000, 0.000, 0.000, 0.000, 0.000, 0.000, 0.000, 0.000, 0.000, 0.000, 0.000, 0.000, 0.000]
  MODEL_REWARDS(s,a,*): [0.000, 0.000, 0.000, 8.993, 0.000, 0.000, 0.000, 0.000, 0.000, 0.000, 0.000, 0.000, 0.000, 0.000, 0.000, 0.000, 0.000, 0.000, 0.000, 0.000, 0.000, 0.000]
----------------------------------------
[DEBUG] Beta=1.0 Phase=addiction Step=56
  State: 3 -> Action: as6 -> Next: 3 (Reward: 0.0)
  Q_MF:  [0.000000, 0.000468, 0.000000, 0.000000, 0.000000, 0.000000, 0.000000, 0.000000, 0.000000]
  Q_MB:  [0.588842, 0.657198, 0.588842, 0.124305, 0.588842, 0.588842, 0.588842, 0.588842, 0.588842]
  Q_MIX: [0.588842, 0.657198, 0.588842, 0.124305, 0.588842, 0.588842, 0.588842, 0.588842, 0.588842]
  MODEL_COUNTS(s,a,*):  [0.000, 0.000, 0.000, 3.897, 0.000, 0.000, 0.000, 0.000, 0.000, 0.000, 0.000, 0.000, 0.000, 0.000, 0.000, 0.000, 0.000, 0.000, 0.000, 0.000, 0.000, 0.000]
  MODEL_REWARDS(s,a,*): [0.000, 0.000, 0.000, 0.000, 0.000, 0.000, 0.000, 0.000, 0.000, 0.000, 0.000, 0.000, 0.000, 0.000, 0.000, 0.000, 0.000, 0.000, 0.000, 0.000, 0.000, 0.000]
----------------------------------------
[DEBUG] Beta=1.0 Phase=addiction Step=57
  State: 3 -> Action: as4 -> Next: 3 (Reward: 0.0)
  Q_MF:  [0.000000, 0.000468, 0.000000, 0.000000, 0.000021, 0.000000, 0.000000, 0.000000, 0.000000]
  Q_MB:  [0.000000, 0.000000, 0.000000, 0.000000, 0.000000, 0.000000, 0.000000, 0.000000, 0.000000]
  Q_MIX: [0.000000, 0.000000, 0.000000, 0.000000, 0.000000, 0.000000, 0.000000, 0.000000, 0.000000]
  MODEL_COUNTS(s,a,*):  [0.000, 0.000, 0.000, 2.379, 0.000, 0.000, 0.000, 0.000, 0.000, 0.000, 0.000, 0.000, 0.000, 0.000, 0.000, 0.000, 0.000, 0.000, 0.000, 0.000, 0.000, 0.000]
  MODEL_REWARDS(s,a,*): [0.000, 0.000, 0.000, 0.000, 0.000, 0.000, 0.000, 0.000, 0.000, 0.000, 0.000, 0.000, 0.000, 0.000, 0.000, 0.000, 0.000, 0.000, 0.000, 0.000, 0.000, 0.000]
----------------------------------------
[DEBUG] Beta=1.0 Phase=addiction Step=58
  State: 3 -> Action: as6 -> Next: 3 (Reward: 0.0)
  Q_MF:  [0.000000, 0.000468, 0.000021, 0.000000, 0.000021, 0.000000, 0.000000, 0.000000, 0.000000]
  Q_MB:  [0.000000, 0.000000, 0.000000, 0.000000, 0.000000, 0.000000, 0.000000, 0.000000, 0.000000]
  Q_MIX: [0.000000, 0.000000, 0.000000, 0.000000, 0.000000, 0.000000, 0.000000, 0.000000, 0.000000]
  MODEL_COUNTS(s,a,*):  [0.000, 0.000, 0.000, 4.820, 0.000, 0.000, 0.000, 0.000, 0.000, 0.000, 0.000, 0.000, 0.000, 0.000, 0.000, 0.000, 0.000, 0.000, 0.000, 0.000, 0.000, 0.000]
  MODEL_REWARDS(s,a,*): [0.000, 0.000, 0.000, 0.000, 0.000, 0.000, 0.000, 0.000, 0.000, 0.000, 0.000, 0.000, 0.000, 0.000, 0.000, 0.000, 0.000, 0.000, 0.000, 0.000, 0.000, 0.000]
----------------------------------------
[DEBUG] Beta=1.0 Phase=addiction Step=59
  State: 3 -> Action: aw -> Next: 3 (Reward: 0.0)
  Q_MF:  [0.000000, 0.000468, 0.000021, 0.000000, 0.000041, 0.000000, 0.000000, 0.000000, 0.000000]
  Q_MB:  [0.000000, 0.000000, 0.000000, 0.000000, 0.000000, 0.000000, 0.000000, 0.000000, 0.000000]
  Q_MIX: [0.000000, 0.000000, 0.000000, 0.000000, 0.000000, 0.000000, 0.000000, 0.000000, 0.000000]
  MODEL_COUNTS(s,a,*):  [0.000, 0.000, 0.000, 1.669, 0.000, 0.000, 0.000, 0.000, 0.000, 0.000, 0.000, 0.000, 0.000, 0.000, 0.000, 0.000, 0.000, 0.000, 0.000, 0.000, 0.000, 0.000]
  MODEL_REWARDS(s,a,*): [0.000, 0.000, 0.000, 0.000, 0.000, 0.000, 0.000, 0.000, 0.000, 0.000, 0.000, 0.000, 0.000, 0.000, 0.000, 0.000, 0.000, 0.000, 0.000, 0.000, 0.000, 0.000]
----------------------------------------
[DEBUG] Beta=1.0 Phase=addiction Step=60
  State: 3 -> Action: as3 -> Next: 2 (Reward: 0.0)
  Q_MF:  [0.000000, 0.000468, 0.000021, 0.000000, 0.000041, 0.000000, 0.000000, 0.000000, 0.000021]
  Q_MB:  [0.482266, 0.644077, 0.482266, 0.387643, 0.482266, 0.482266, 0.482266, 0.482266, 0.482266]
  Q_MIX: [0.482266, 0.644077, 0.482266, 0.387643, 0.482266, 0.482266, 0.482266, 0.482266, 0.482266]
  MODEL_COUNTS(s,a,*):  [0.000, 0.000, 8.951, 0.662, 0.000, 0.000, 0.000, 0.000, 0.000, 0.000, 0.000, 0.000, 0.000, 0.000, 0.000, 0.000, 0.000, 0.000, 0.000, 0.000, 0.000, 0.000]
  MODEL_REWARDS(s,a,*): [0.000, 0.000, 0.000, 0.000, 0.000, 0.000, 0.000, 0.000, 0.000, 0.000, 0.000, 0.000, 0.000, 0.000, 0.000, 0.000, 0.000, 0.000, 0.000, 0.000, 0.000, 0.000]
----------------------------------------
[DEBUG] Beta=1.0 Phase=addiction Step=61
  State: 2 -> Action: as2 -> Next: 1 (Reward: 0.0)
  Q_MF:  [0.006772, 0.000000, 0.000000, 0.000211, 0.000000, 0.000000, 0.000000, 0.000000, 0.000000]
  Q_MB:  [0.000000, 0.000000, 0.000000, 0.000000, 0.000000, 0.000000, 0.000000, 0.000000, 0.000000]
  Q_MIX: [0.000000, 0.000000, 0.000000, 0.000000, 0.000000, 0.000000, 0.000000, 0.000000, 0.000000]
  MODEL_COUNTS(s,a,*):  [0.000, 9.144, 0.655, 0.000, 0.000, 0.000, 0.000, 0.000, 0.000, 0.000, 0.000, 0.000, 0.000, 0.000, 0.000, 0.000, 0.000, 0.000, 0.000, 0.000, 0.000, 0.000]
  MODEL_REWARDS(s,a,*): [0.000, 0.000, 0.000, 0.000, 0.000, 0.000, 0.000, 0.000, 0.000, 0.000, 0.000, 0.000, 0.000, 0.000, 0.000, 0.000, 0.000, 0.000, 0.000, 0.000, 0.000, 0.000]
----------------------------------------
[DEBUG] Beta=1.0 Phase=addiction Step=62
  State: 1 -> Action: as2 -> Next: 1 (Reward: 0.0)
  Q_MF:  [0.000000, 0.000000, 0.000000, 0.000000, 0.000000, 0.000000, 0.064092, 0.000915, 0.001797]
  Q_MB:  [0.790724, 0.790724, 0.790724, 0.790724, 0.790724, 0.790724, 0.882146, 0.790724, 0.790724]
  Q_MIX: [0.790724, 0.790724, 0.790724, 0.790724, 0.790724, 0.790724, 0.882146, 0.790724, 0.790724]
  MODEL_COUNTS(s,a,*):  [0.000, 1.649, 0.000, 0.000, 0.000, 0.000, 0.000, 0.000, 0.000, 0.000, 0.000, 0.000, 0.000, 0.000, 0.000, 0.000, 0.000, 0.000, 0.000, 0.000, 0.000, 0.000]
  MODEL_REWARDS(s,a,*): [0.000, 0.000, 0.000, 0.000, 0.000, 0.000, 0.000, 0.000, 0.000, 0.000, 0.000, 0.000, 0.000, 0.000, 0.000, 0.000, 0.000, 0.000, 0.000, 0.000, 0.000, 0.000]
----------------------------------------
[DEBUG] Beta=1.0 Phase=addiction Step=63
  State: 1 -> Action: ag -> Next: 0 (Reward: 0.0)
  Q_MF:  [0.002884, 0.000000, 0.000000, 0.000000, 0.000000, 0.000000, 0.064092, 0.000915, 0.001797]
  Q_MB:  [0.790724, 0.790724, 0.790724, 0.790724, 0.790724, 0.790724, 0.882146, 0.790724, 0.790724]
  Q_MIX: [0.790724, 0.790724, 0.790724, 0.790724, 0.790724, 0.790724, 0.882146, 0.790724, 0.790724]
  MODEL_COUNTS(s,a,*):  [9.151, 0.642, 0.000, 0.000, 0.000, 0.000, 0.000, 0.000, 0.000, 0.000, 0.000, 0.000, 0.000, 0.000, 0.000, 0.000, 0.000, 0.000, 0.000, 0.000, 0.000, 0.000]
  MODEL_REWARDS(s,a,*): [0.000, 0.000, 0.000, 0.000, 0.000, 0.000, 0.000, 0.000, 0.000, 0.000, 0.000, 0.000, 0.000, 0.000, 0.000, 0.000, 0.000, 0.000, 0.000, 0.000, 0.000, 0.000]
----------------------------------------
[DEBUG] Beta=1.0 Phase=addiction Step=64
  State: 0 -> Action: ag -> Next: 3 (Reward: 1.0)
  Q_MF:  [0.000000, 0.000000, 0.000000, 0.000000, 0.000000, 0.000000, 0.369792, 0.000000, 0.000000]
  Q_MB:  [0.892845, 0.892845, 0.892845, 0.892845, 0.892845, 0.892845, 0.992301, 0.892845, 0.892845]
  Q_MIX: [0.892845, 0.892845, 0.892845, 0.892845, 0.892845, 0.892845, 0.992301, 0.892845, 0.892845]
  MODEL_COUNTS(s,a,*):  [0.636, 0.000, 0.000, 9.215, 0.000, 0.000, 0.000, 0.000, 0.000, 0.000, 0.000, 0.000, 0.000, 0.000, 0.000, 0.000, 0.000, 0.000, 0.000, 0.000, 0.000, 0.000]
  MODEL_REWARDS(s,a,*): [0.000, 0.000, 0.000, 9.215, 0.000, 0.000, 0.000, 0.000, 0.000, 0.000, 0.000, 0.000, 0.000, 0.000, 0.000, 0.000, 0.000, 0.000, 0.000, 0.000, 0.000, 0.000]
----------------------------------------
[DEBUG] Beta=1.0 Phase=addiction Step=65
  State: 3 -> Action: as3 -> Next: 2 (Reward: 0.0)
  Q_MF:  [0.000000, 0.000750, 0.000021, 0.000000, 0.000041, 0.000000, 0.000000, 0.000000, 0.000021]
  Q_MB:  [0.000000, 0.553634, 0.000000, 0.000000, 0.000000, 0.000000, 0.000000, 0.000000, 0.000000]
  Q_MIX: [0.000000, 0.553634, 0.000000, 0.000000, 0.000000, 0.000000, 0.000000, 0.000000, 0.000000]
  MODEL_COUNTS(s,a,*):  [0.000, 0.000, 9.513, 0.630, 0.000, 0.000, 0.000, 0.000, 0.000, 0.000, 0.000, 0.000, 0.000, 0.000, 0.000, 0.000, 0.000, 0.000, 0.000, 0.000, 0.000, 0.000]
  MODEL_REWARDS(s,a,*): [0.000, 0.000, 0.000, 0.000, 0.000, 0.000, 0.000, 0.000, 0.000, 0.000, 0.000, 0.000, 0.000, 0.000, 0.000, 0.000, 0.000, 0.000, 0.000, 0.000, 0.000, 0.000]
----------------------------------------
[DEBUG] Beta=1.0 Phase=addiction Step=66
  State: 2 -> Action: as2 -> Next: 1 (Reward: 0.0)
  Q_MF:  [0.009318, 0.000000, 0.000000, 0.000211, 0.000000, 0.000000, 0.000000, 0.000000, 0.000000]
  Q_MB:  [0.741768, 0.629685, 0.629685, 0.629685, 0.629685, 0.629685, 0.629685, 0.629685, 0.629685]
  Q_MIX: [0.741768, 0.629685, 0.629685, 0.629685, 0.629685, 0.629685, 0.629685, 0.629685, 0.629685]
  MODEL_COUNTS(s,a,*):  [0.000, 9.696, 0.623, 0.000, 0.000, 0.000, 0.000, 0.000, 0.000, 0.000, 0.000, 0.000, 0.000, 0.000, 0.000, 0.000, 0.000, 0.000, 0.000, 0.000, 0.000, 0.000]
  MODEL_REWARDS(s,a,*): [0.000, 0.000, 0.000, 0.000, 0.000, 0.000, 0.000, 0.000, 0.000, 0.000, 0.000, 0.000, 0.000, 0.000, 0.000, 0.000, 0.000, 0.000, 0.000, 0.000, 0.000, 0.000]
----------------------------------------
[DEBUG] Beta=1.0 Phase=addiction Step=67
  State: 1 -> Action: ag -> Next: 0 (Reward: 0.0)
  Q_MF:  [0.002884, 0.000000, 0.000000, 0.000000, 0.000000, 0.000000, 0.077528, 0.000915, 0.001797]
  Q_MB:  [0.000000, 0.000000, 0.000000, 0.000000, 0.000000, 0.000000, 0.832379, 0.000000, 0.000000]
  Q_MIX: [0.000000, 0.000000, 0.000000, 0.000000, 0.000000, 0.000000, 0.832379, 0.000000, 0.000000]
  MODEL_COUNTS(s,a,*):  [9.790, 0.617, 0.000, 0.000, 0.000, 0.000, 0.000, 0.000, 0.000, 0.000, 0.000, 0.000, 0.000, 0.000, 0.000, 0.000, 0.000, 0.000, 0.000, 0.000, 0.000, 0.000]
  MODEL_REWARDS(s,a,*): [0.000, 0.000, 0.000, 0.000, 0.000, 0.000, 0.000, 0.000, 0.000, 0.000, 0.000, 0.000, 0.000, 0.000, 0.000, 0.000, 0.000, 0.000, 0.000, 0.000, 0.000, 0.000]
----------------------------------------
[DEBUG] Beta=1.0 Phase=addiction Step=68
  State: 0 -> Action: as4 -> Next: 0 (Reward: 0.0)
  Q_MF:  [0.000000, 0.000000, 0.000000, 0.000000, 0.000000, 0.000000, 0.401336, 0.000000, 0.000000]
  Q_MB:  [0.890814, 0.890814, 0.890814, 0.890814, 0.890814, 0.890814, 0.992951, 0.890814, 0.890814]
  Q_MIX: [0.890814, 0.890814, 0.890814, 0.890814, 0.890814, 0.890814, 0.992951, 0.890814, 0.890814]
  MODEL_COUNTS(s,a,*):  [1.611, 0.000, 0.000, 0.000, 0.000, 0.000, 0.000, 0.000, 0.000, 0.000, 0.000, 0.000, 0.000, 0.000, 0.000, 0.000, 0.000, 0.000, 0.000, 0.000, 0.000, 0.000]
  MODEL_REWARDS(s,a,*): [0.000, 0.000, 0.000, 0.000, 0.000, 0.000, 0.000, 0.000, 0.000, 0.000, 0.000, 0.000, 0.000, 0.000, 0.000, 0.000, 0.000, 0.000, 0.000, 0.000, 0.000, 0.000]
----------------------------------------
[DEBUG] Beta=1.0 Phase=addiction Step=69
  State: 0 -> Action: ag -> Next: 3 (Reward: 1.0)
  Q_MF:  [0.000000, 0.000000, 0.018060, 0.000000, 0.000000, 0.000000, 0.401336, 0.000000, 0.000000]
  Q_MB:  [1.372882, 1.372882, 1.372882, 1.372882, 1.372882, 1.372882, 1.527307, 1.372882, 1.372882]
  Q_MIX: [1.372882, 1.372882, 1.372882, 1.372882, 1.372882, 1.372882, 1.527307, 1.372882, 1.372882]
  MODEL_COUNTS(s,a,*):  [0.605, 0.000, 0.000, 9.764, 0.000, 0.000, 0.000, 0.000, 0.000, 0.000, 0.000, 0.000, 0.000, 0.000, 0.000, 0.000, 0.000, 0.000, 0.000, 0.000, 0.000, 0.000]
  MODEL_REWARDS(s,a,*): [0.000, 0.000, 0.000, 9.764, 0.000, 0.000, 0.000, 0.000, 0.000, 0.000, 0.000, 0.000, 0.000, 0.000, 0.000, 0.000, 0.000, 0.000, 0.000, 0.000, 0.000, 0.000]
----------------------------------------
[DEBUG] Beta=1.0 Phase=addiction Step=70
  State: 3 -> Action: as3 -> Next: 2 (Reward: 0.0)
  Q_MF:  [0.000000, 0.001132, 0.000021, 0.000000, 0.000041, 0.000000, 0.000000, 0.000000, 0.000021]
  Q_MB:  [0.603835, 0.671223, 0.603835, 0.482531, 0.603835, 0.603835, 0.603835, 0.603835, 0.603835]
  Q_MIX: [0.603835, 0.671223, 0.603835, 0.482531, 0.603835, 0.603835, 0.603835, 0.603835, 0.603835]
  MODEL_COUNTS(s,a,*):  [0.000, 0.000, 10.046, 0.599, 0.000, 0.000, 0.000, 0.000, 0.000, 0.000, 0.000, 0.000, 0.000, 0.000, 0.000, 0.000, 0.000, 0.000, 0.000, 0.000, 0.000, 0.000]
  MODEL_REWARDS(s,a,*): [0.000, 0.000, 0.000, 0.000, 0.000, 0.000, 0.000, 0.000, 0.000, 0.000, 0.000, 0.000, 0.000, 0.000, 0.000, 0.000, 0.000, 0.000, 0.000, 0.000, 0.000, 0.000]
----------------------------------------
[DEBUG] Beta=1.0 Phase=addiction Step=71
  State: 2 -> Action: as2 -> Next: 1 (Reward: 0.0)
  Q_MF:  [0.012341, 0.000000, 0.000000, 0.000211, 0.000000, 0.000000, 0.000000, 0.000000, 0.000000]
  Q_MB:  [0.782205, 0.606763, 0.606763, 0.606763, 0.606763, 0.606763, 0.606763, 0.606763, 0.606763]
  Q_MIX: [0.782205, 0.606763, 0.606763, 0.606763, 0.606763, 0.606763, 0.606763, 0.606763, 0.606763]
  MODEL_COUNTS(s,a,*):  [0.000, 10.220, 0.593, 0.000, 0.000, 0.000, 0.000, 0.000, 0.000, 0.000, 0.000, 0.000, 0.000, 0.000, 0.000, 0.000, 0.000, 0.000, 0.000, 0.000, 0.000, 0.000]
  MODEL_REWARDS(s,a,*): [0.000, 0.000, 0.000, 0.000, 0.000, 0.000, 0.000, 0.000, 0.000, 0.000, 0.000, 0.000, 0.000, 0.000, 0.000, 0.000, 0.000, 0.000, 0.000, 0.000, 0.000, 0.000]
----------------------------------------
[DEBUG] Beta=1.0 Phase=addiction Step=72
  State: 1 -> Action: ag -> Next: 0 (Reward: 0.0)
  Q_MF:  [0.002884, 0.000000, 0.000000, 0.000000, 0.000000, 0.000000, 0.091712, 0.000915, 0.001797]
  Q_MB:  [0.000000, 0.000000, 0.000000, 0.000000, 0.000000, 0.000000, 0.000000, 0.000000, 0.000000]
  Q_MIX: [0.000000, 0.000000, 0.000000, 0.000000, 0.000000, 0.000000, 0.000000, 0.000000, 0.000000]
  MODEL_COUNTS(s,a,*):  [10.310, 0.587, 0.000, 0.000, 0.000, 0.000, 0.000, 0.000, 0.000, 0.000, 0.000, 0.000, 0.000, 0.000, 0.000, 0.000, 0.000, 0.000, 0.000, 0.000, 0.000, 0.000]
  MODEL_REWARDS(s,a,*): [0.000, 0.000, 0.000, 0.000, 0.000, 0.000, 0.000, 0.000, 0.000, 0.000, 0.000, 0.000, 0.000, 0.000, 0.000, 0.000, 0.000, 0.000, 0.000, 0.000, 0.000, 0.000]
----------------------------------------
[DEBUG] Beta=1.0 Phase=addiction Step=73
  State: 0 -> Action: ag -> Next: 3 (Reward: 1.0)
  Q_MF:  [0.000000, 0.000000, 0.018060, 0.000000, 0.000000, 0.000000, 0.431321, 0.000000, 0.000000]
  Q_MB:  [1.355370, 1.355370, 1.355370, 1.355370, 1.355370, 1.355370, 1.608366, 1.355370, 1.355370]
  Q_MIX: [1.355370, 1.355370, 1.355370, 1.355370, 1.355370, 1.355370, 1.608366, 1.355370, 1.355370]
  MODEL_COUNTS(s,a,*):  [0.581, 0.000, 0.000, 10.379, 0.000, 0.000, 0.000, 0.000, 0.000, 0.000, 0.000, 0.000, 0.000, 0.000, 0.000, 0.000, 0.000, 0.000, 0.000, 0.000, 0.000, 0.000]
  MODEL_REWARDS(s,a,*): [0.000, 0.000, 0.000, 10.379, 0.000, 0.000, 0.000, 0.000, 0.000, 0.000, 0.000, 0.000, 0.000, 0.000, 0.000, 0.000, 0.000, 0.000, 0.000, 0.000, 0.000, 0.000]
----------------------------------------
[DEBUG] Beta=1.0 Phase=addiction Step=74
  State: 3 -> Action: as3 -> Next: 2 (Reward: 0.0)
  Q_MF:  [0.000000, 0.001630, 0.000021, 0.000000, 0.000041, 0.000000, 0.000000, 0.000000, 0.000021]
  Q_MB:  [0.000000, 0.612810, 0.000000, 0.000000, 0.000000, 0.000000, 0.000000, 0.000000, 0.000000]
  Q_MIX: [0.000000, 0.612810, 0.000000, 0.000000, 0.000000, 0.000000, 0.000000, 0.000000, 0.000000]
  MODEL_COUNTS(s,a,*):  [0.000, 0.000, 10.650, 0.575, 0.000, 0.000, 0.000, 0.000, 0.000, 0.000, 0.000, 0.000, 0.000, 0.000, 0.000, 0.000, 0.000, 0.000, 0.000, 0.000, 0.000, 0.000]
  MODEL_REWARDS(s,a,*): [0.000, 0.000, 0.000, 0.000, 0.000, 0.000, 0.000, 0.000, 0.000, 0.000, 0.000, 0.000, 0.000, 0.000, 0.000, 0.000, 0.000, 0.000, 0.000, 0.000, 0.000, 0.000]
----------------------------------------
[DEBUG] Beta=1.0 Phase=addiction Step=75
  State: 2 -> Action: as7 -> Next: 2 (Reward: 0.0)
  Q_MF:  [0.015851, 0.000000, 0.000000, 0.000211, 0.000000, 0.000000, 0.000000, 0.000000, 0.000000]
  Q_MB:  [0.000000, 0.000000, 0.000000, 0.000000, 0.000000, 0.000000, 0.000000, 0.000000, 0.000000]
  Q_MIX: [0.000000, 0.000000, 0.000000, 0.000000, 0.000000, 0.000000, 0.000000, 0.000000, 0.000000]
  MODEL_COUNTS(s,a,*):  [0.000, 0.000, 2.593, 0.000, 0.000, 0.000, 0.000, 0.000, 0.000, 0.000, 0.000, 0.000, 0.000, 0.000, 0.000, 0.000, 0.000, 0.000, 0.000, 0.000, 0.000, 0.000]
  MODEL_REWARDS(s,a,*): [0.000, 0.000, 0.000, 0.000, 0.000, 0.000, 0.000, 0.000, 0.000, 0.000, 0.000, 0.000, 0.000, 0.000, 0.000, 0.000, 0.000, 0.000, 0.000, 0.000, 0.000, 0.000]
----------------------------------------
[DEBUG] Beta=1.0 Phase=addiction Step=76
  State: 2 -> Action: as6 -> Next: 2 (Reward: 0.0)
  Q_MF:  [0.015851, 0.000000, 0.000000, 0.000211, 0.000000, 0.000713, 0.000000, 0.000000, 0.000000]
  Q_MB:  [0.790679, 0.678153, 0.678153, 0.678153, 0.678153, 0.678153, 0.678153, 0.678153, 0.678153]
  Q_MIX: [0.790679, 0.678153, 0.678153, 0.678153, 0.678153, 0.678153, 0.678153, 0.678153, 0.678153]
  MODEL_COUNTS(s,a,*):  [0.000, 0.000, 2.219, 0.000, 0.000, 0.000, 0.000, 0.000, 0.000, 0.000, 0.000, 0.000, 0.000, 0.000, 0.000, 0.000, 0.000, 0.000, 0.000, 0.000, 0.000, 0.000]
  MODEL_REWARDS(s,a,*): [0.000, 0.000, 0.000, 0.000, 0.000, 0.000, 0.000, 0.000, 0.000, 0.000, 0.000, 0.000, 0.000, 0.000, 0.000, 0.000, 0.000, 0.000, 0.000, 0.000, 0.000, 0.000]
----------------------------------------
[DEBUG] Beta=1.0 Phase=addiction Step=77
  State: 2 -> Action: as6 -> Next: 2 (Reward: 0.0)
  Q_MF:  [0.015851, 0.000000, 0.000000, 0.000211, 0.000713, 0.000713, 0.000000, 0.000000, 0.000000]
  Q_MB:  [0.753528, 0.000000, 0.000000, 0.000000, 0.000000, 0.000000, 0.000000, 0.000000, 0.000000]
  Q_MIX: [0.753528, 0.000000, 0.000000, 0.000000, 0.000000, 0.000000, 0.000000, 0.000000, 0.000000]
  MODEL_COUNTS(s,a,*):  [0.000, 0.000, 3.197, 0.000, 0.000, 0.000, 0.000, 0.000, 0.000, 0.000, 0.000, 0.000, 0.000, 0.000, 0.000, 0.000, 0.000, 0.000, 0.000, 0.000, 0.000, 0.000]
  MODEL_REWARDS(s,a,*): [0.000, 0.000, 0.000, 0.000, 0.000, 0.000, 0.000, 0.000, 0.000, 0.000, 0.000, 0.000, 0.000, 0.000, 0.000, 0.000, 0.000, 0.000, 0.000, 0.000, 0.000, 0.000]
----------------------------------------
[DEBUG] Beta=1.0 Phase=addiction Step=78
  State: 2 -> Action: as2 -> Next: 1 (Reward: 0.0)
  Q_MF:  [0.015851, 0.000000, 0.000000, 0.000211, 0.001391, 0.000713, 0.000000, 0.000000, 0.000000]
  Q_MB:  [0.758227, 0.680822, 0.680822, 0.680822, 0.680822, 0.680822, 0.680822, 0.680822, 0.680822]
  Q_MIX: [0.758227, 0.680822, 0.680822, 0.680822, 0.680822, 0.680822, 0.680822, 0.680822, 0.680822]
  MODEL_COUNTS(s,a,*):  [0.000, 10.526, 0.553, 0.000, 0.000, 0.000, 0.000, 0.000, 0.000, 0.000, 0.000, 0.000, 0.000, 0.000, 0.000, 0.000, 0.000, 0.000, 0.000, 0.000, 0.000, 0.000]
  MODEL_REWARDS(s,a,*): [0.000, 0.000, 0.000, 0.000, 0.000, 0.000, 0.000, 0.000, 0.000, 0.000, 0.000, 0.000, 0.000, 0.000, 0.000, 0.000, 0.000, 0.000, 0.000, 0.000, 0.000, 0.000]
----------------------------------------
[DEBUG] Beta=1.0 Phase=addiction Step=79
  State: 1 -> Action: ag -> Next: 0 (Reward: 0.0)
  Q_MF:  [0.002884, 0.000000, 0.000000, 0.000000, 0.000000, 0.000000, 0.106536, 0.000915, 0.001797]
  Q_MB:  [0.760378, 0.760378, 0.760378, 0.760378, 0.760378, 0.760378, 0.887649, 0.760378, 0.760378]
  Q_MIX: [0.760378, 0.760378, 0.760378, 0.760378, 0.760378, 0.760378, 0.887649, 0.760378, 0.760378]
  MODEL_COUNTS(s,a,*):  [10.610, 0.547, 0.000, 0.000, 0.000, 0.000, 0.000, 0.000, 0.000, 0.000, 0.000, 0.000, 0.000, 0.000, 0.000, 0.000, 0.000, 0.000, 0.000, 0.000, 0.000, 0.000]
  MODEL_REWARDS(s,a,*): [0.000, 0.000, 0.000, 0.000, 0.000, 0.000, 0.000, 0.000, 0.000, 0.000, 0.000, 0.000, 0.000, 0.000, 0.000, 0.000, 0.000, 0.000, 0.000, 0.000, 0.000, 0.000]
----------------------------------------
[DEBUG] Beta=1.0 Phase=addiction Step=80
  State: 0 -> Action: ag -> Next: 3 (Reward: 1.0)
  Q_MF:  [0.000000, 0.000000, 0.018060, 0.000000, 0.000000, 0.000000, 0.459828, 0.000000, 0.000000]
  Q_MB:  [0.892953, 0.892953, 0.892953, 0.892953, 0.892953, 0.892953, 0.994325, 0.892953, 0.892953]
  Q_MIX: [0.892953, 0.892953, 0.892953, 0.892953, 0.892953, 0.892953, 0.994325, 0.892953, 0.892953]
  MODEL_COUNTS(s,a,*):  [0.542, 0.000, 0.000, 10.674, 0.000, 0.000, 0.000, 0.000, 0.000, 0.000, 0.000, 0.000, 0.000, 0.000, 0.000, 0.000, 0.000, 0.000, 0.000, 0.000, 0.000, 0.000]
  MODEL_REWARDS(s,a,*): [0.000, 0.000, 0.000, 10.674, 0.000, 0.000, 0.000, 0.000, 0.000, 0.000, 0.000, 0.000, 0.000, 0.000, 0.000, 0.000, 0.000, 0.000, 0.000, 0.000, 0.000, 0.000]
----------------------------------------
[DEBUG] Beta=1.0 Phase=addiction Step=81
  State: 3 -> Action: as7 -> Next: 3 (Reward: 0.0)
  Q_MF:  [0.000000, 0.002262, 0.000021, 0.000000, 0.000041, 0.000000, 0.000000, 0.000000, 0.000021]
  Q_MB:  [0.000000, 0.000000, 0.000000, 0.000000, 0.000000, 0.000000, 0.000000, 0.000000, 0.000000]
  Q_MIX: [0.000000, 0.000000, 0.000000, 0.000000, 0.000000, 0.000000, 0.000000, 0.000000, 0.000000]
  MODEL_COUNTS(s,a,*):  [0.000, 0.000, 0.000, 2.388, 0.000, 0.000, 0.000, 0.000, 0.000, 0.000, 0.000, 0.000, 0.000, 0.000, 0.000, 0.000, 0.000, 0.000, 0.000, 0.000, 0.000, 0.000]
  MODEL_REWARDS(s,a,*): [0.000, 0.000, 0.000, 0.000, 0.000, 0.000, 0.000, 0.000, 0.000, 0.000, 0.000, 0.000, 0.000, 0.000, 0.000, 0.000, 0.000, 0.000, 0.000, 0.000, 0.000, 0.000]
----------------------------------------
[DEBUG] Beta=1.0 Phase=addiction Step=82
  State: 3 -> Action: as7 -> Next: 3 (Reward: 0.0)
  Q_MF:  [0.000000, 0.002262, 0.000021, 0.000000, 0.000041, 0.000102, 0.000000, 0.000000, 0.000021]
  Q_MB:  [0.000000, 0.000000, 0.000000, 0.000000, 0.000000, 0.000000, 0.000000, 0.000000, 0.000000]
  Q_MIX: [0.000000, 0.000000, 0.000000, 0.000000, 0.000000, 0.000000, 0.000000, 0.000000, 0.000000]
  MODEL_COUNTS(s,a,*):  [0.000, 0.000, 0.000, 3.364, 0.000, 0.000, 0.000, 0.000, 0.000, 0.000, 0.000, 0.000, 0.000, 0.000, 0.000, 0.000, 0.000, 0.000, 0.000, 0.000, 0.000, 0.000]
  MODEL_REWARDS(s,a,*): [0.000, 0.000, 0.000, 0.000, 0.000, 0.000, 0.000, 0.000, 0.000, 0.000, 0.000, 0.000, 0.000, 0.000, 0.000, 0.000, 0.000, 0.000, 0.000, 0.000, 0.000, 0.000]
----------------------------------------
[DEBUG] Beta=1.0 Phase=addiction Step=83
  State: 3 -> Action: ad -> Next: 3 (Reward: 0.0)
  Q_MF:  [0.000000, 0.002262, 0.000021, 0.000000, 0.000041, 0.000199, 0.000000, 0.000000, 0.000021]
  Q_MB:  [0.000000, 0.000000, 0.000000, 0.000000, 0.000000, 0.000000, 0.000000, 0.000000, 0.000000]
  Q_MIX: [0.000000, 0.000000, 0.000000, 0.000000, 0.000000, 0.000000, 0.000000, 0.000000, 0.000000]
  MODEL_COUNTS(s,a,*):  [0.000, 0.000, 0.000, 2.640, 0.000, 0.000, 0.000, 0.000, 0.000, 0.000, 0.000, 0.000, 0.000, 0.000, 0.000, 0.000, 0.000, 0.000, 0.000, 0.000, 0.000, 0.000]
  MODEL_REWARDS(s,a,*): [0.000, 0.000, 0.000, 0.000, 0.000, 0.000, 0.000, 0.000, 0.000, 0.000, 0.000, 0.000, 0.000, 0.000, 0.000, 0.000, 0.000, 0.000, 0.000, 0.000, 0.000, 0.000]
----------------------------------------
[DEBUG] Beta=1.0 Phase=addiction Step=84
  State: 3 -> Action: as7 -> Next: 3 (Reward: 0.0)
  Q_MF:  [0.000000, 0.002262, 0.000021, 0.000000, 0.000041, 0.000199, 0.000000, 0.000102, 0.000021]
  Q_MB:  [0.000000, 0.000000, 0.000000, 0.000000, 0.000000, 0.000000, 0.000000, 0.000000, 0.000000]
  Q_MIX: [0.000000, 0.000000, 0.000000, 0.000000, 0.000000, 0.000000, 0.000000, 0.000000, 0.000000]
  MODEL_COUNTS(s,a,*):  [0.000, 0.000, 0.000, 4.297, 0.000, 0.000, 0.000, 0.000, 0.000, 0.000, 0.000, 0.000, 0.000, 0.000, 0.000, 0.000, 0.000, 0.000, 0.000, 0.000, 0.000, 0.000]
  MODEL_REWARDS(s,a,*): [0.000, 0.000, 0.000, 0.000, 0.000, 0.000, 0.000, 0.000, 0.000, 0.000, 0.000, 0.000, 0.000, 0.000, 0.000, 0.000, 0.000, 0.000, 0.000, 0.000, 0.000, 0.000]
----------------------------------------
[DEBUG] Beta=1.0 Phase=addiction Step=85
  State: 3 -> Action: as3 -> Next: 2 (Reward: 0.0)
  Q_MF:  [0.000000, 0.002262, 0.000021, 0.000000, 0.000041, 0.000290, 0.000000, 0.000102, 0.000021]
  Q_MB:  [0.000000, 0.647975, 0.000000, 0.000000, 0.000000, 0.000000, 0.000000, 0.000000, 0.000000]
  Q_MIX: [0.000000, 0.647975, 0.000000, 0.000000, 0.000000, 0.000000, 0.000000, 0.000000, 0.000000]
  MODEL_COUNTS(s,a,*):  [0.000, 0.000, 10.536, 0.515, 0.000, 0.000, 0.000, 0.000, 0.000, 0.000, 0.000, 0.000, 0.000, 0.000, 0.000, 0.000, 0.000, 0.000, 0.000, 0.000, 0.000, 0.000]
  MODEL_REWARDS(s,a,*): [0.000, 0.000, 0.000, 0.000, 0.000, 0.000, 0.000, 0.000, 0.000, 0.000, 0.000, 0.000, 0.000, 0.000, 0.000, 0.000, 0.000, 0.000, 0.000, 0.000, 0.000, 0.000]
----------------------------------------
[DEBUG] Beta=1.0 Phase=addiction Step=86
  State: 2 -> Action: as2 -> Next: 1 (Reward: 0.0)
  Q_MF:  [0.019852, 0.000000, 0.000000, 0.000211, 0.001391, 0.000713, 0.000000, 0.000000, 0.000000]
  Q_MB:  [0.795902, 0.713694, 0.713694, 0.713694, 0.713694, 0.713694, 0.713694, 0.713694, 0.713694]
  Q_MIX: [0.795902, 0.713694, 0.713694, 0.713694, 0.713694, 0.713694, 0.713694, 0.713694, 0.713694]
  MODEL_COUNTS(s,a,*):  [0.000, 10.713, 0.510, 0.000, 0.000, 0.000, 0.000, 0.000, 0.000, 0.000, 0.000, 0.000, 0.000, 0.000, 0.000, 0.000, 0.000, 0.000, 0.000, 0.000, 0.000, 0.000]
  MODEL_REWARDS(s,a,*): [0.000, 0.000, 0.000, 0.000, 0.000, 0.000, 0.000, 0.000, 0.000, 0.000, 0.000, 0.000, 0.000, 0.000, 0.000, 0.000, 0.000, 0.000, 0.000, 0.000, 0.000, 0.000]
----------------------------------------
[DEBUG] Beta=1.0 Phase=addiction Step=87
  State: 1 -> Action: aw -> Next: 1 (Reward: 0.0)
  Q_MF:  [0.002884, 0.000000, 0.000000, 0.000000, 0.000000, 0.000000, 0.121901, 0.000915, 0.001797]
  Q_MB:  [0.000000, 0.000000, 0.000000, 0.000000, 0.000000, 0.000000, 0.849948, 0.000000, 0.000000]
  Q_MIX: [0.000000, 0.000000, 0.000000, 0.000000, 0.000000, 0.000000, 0.849948, 0.000000, 0.000000]
  MODEL_COUNTS(s,a,*):  [0.000, 3.191, 0.000, 0.000, 0.000, 0.000, 0.000, 0.000, 0.000, 0.000, 0.000, 0.000, 0.000, 0.000, 0.000, 0.000, 0.000, 0.000, 0.000, 0.000, 0.000, 0.000]
  MODEL_REWARDS(s,a,*): [0.000, 0.000, 0.000, 0.000, 0.000, 0.000, 0.000, 0.000, 0.000, 0.000, 0.000, 0.000, 0.000, 0.000, 0.000, 0.000, 0.000, 0.000, 0.000, 0.000, 0.000, 0.000]
----------------------------------------
[DEBUG] Beta=1.0 Phase=addiction Step=88
  State: 1 -> Action: ag -> Next: 0 (Reward: 0.0)
  Q_MF:  [0.002884, 0.000000, 0.000000, 0.000000, 0.000000, 0.000000, 0.121901, 0.000915, 0.007193]
  Q_MB:  [0.733097, 0.733097, 0.733097, 0.733097, 0.733097, 0.733097, 0.850493, 0.733097, 0.733097]
  Q_MIX: [0.733097, 0.733097, 0.733097, 0.733097, 0.733097, 0.733097, 0.850493, 0.733097, 0.733097]
  MODEL_COUNTS(s,a,*):  [10.692, 0.500, 0.000, 0.000, 0.000, 0.000, 0.000, 0.000, 0.000, 0.000, 0.000, 0.000, 0.000, 0.000, 0.000, 0.000, 0.000, 0.000, 0.000, 0.000, 0.000, 0.000]
  MODEL_REWARDS(s,a,*): [0.000, 0.000, 0.000, 0.000, 0.000, 0.000, 0.000, 0.000, 0.000, 0.000, 0.000, 0.000, 0.000, 0.000, 0.000, 0.000, 0.000, 0.000, 0.000, 0.000, 0.000, 0.000]
----------------------------------------
[DEBUG] Beta=1.0 Phase=addiction Step=89
  State: 0 -> Action: ag -> Next: 3 (Reward: 1.0)
  Q_MF:  [0.000000, 0.000000, 0.018060, 0.000000, 0.000000, 0.000000, 0.486938, 0.000000, 0.000000]
  Q_MB:  [0.895384, 0.895384, 0.895384, 0.895384, 0.895384, 0.895384, 0.994949, 0.895384, 0.895384]
  Q_MIX: [0.895384, 0.895384, 0.895384, 0.895384, 0.895384, 0.895384, 0.994949, 0.895384, 0.895384]
  MODEL_COUNTS(s,a,*):  [0.495, 0.000, 0.000, 10.751, 0.000, 0.000, 0.000, 0.000, 0.000, 0.000, 0.000, 0.000, 0.000, 0.000, 0.000, 0.000, 0.000, 0.000, 0.000, 0.000, 0.000, 0.000]
  MODEL_REWARDS(s,a,*): [0.000, 0.000, 0.000, 10.751, 0.000, 0.000, 0.000, 0.000, 0.000, 0.000, 0.000, 0.000, 0.000, 0.000, 0.000, 0.000, 0.000, 0.000, 0.000, 0.000, 0.000, 0.000]
----------------------------------------
[DEBUG] Beta=1.0 Phase=addiction Step=90
  State: 3 -> Action: as7 -> Next: 3 (Reward: 0.0)
  Q_MF:  [0.000000, 0.003042, 0.000021, 0.000000, 0.000041, 0.000290, 0.000000, 0.000102, 0.000021]
  Q_MB:  [0.000000, 0.630727, 0.000000, 0.000000, 0.000000, 0.000000, 0.000000, 0.000000, 0.000000]
  Q_MIX: [0.000000, 0.630727, 0.000000, 0.000000, 0.000000, 0.000000, 0.000000, 0.000000, 0.000000]
  MODEL_COUNTS(s,a,*):  [0.000, 0.000, 0.000, 5.045, 0.000, 0.000, 0.000, 0.000, 0.000, 0.000, 0.000, 0.000, 0.000, 0.000, 0.000, 0.000, 0.000, 0.000, 0.000, 0.000, 0.000, 0.000]
  MODEL_REWARDS(s,a,*): [0.000, 0.000, 0.000, 0.000, 0.000, 0.000, 0.000, 0.000, 0.000, 0.000, 0.000, 0.000, 0.000, 0.000, 0.000, 0.000, 0.000, 0.000, 0.000, 0.000, 0.000, 0.000]
----------------------------------------
[DEBUG] Beta=1.0 Phase=addiction Step=91
  State: 3 -> Action: as3 -> Next: 2 (Reward: 0.0)
  Q_MF:  [0.000000, 0.003042, 0.000021, 0.000000, 0.000041, 0.000413, 0.000000, 0.000102, 0.000021]
  Q_MB:  [0.000000, 0.656686, 0.000000, 0.000000, 0.000000, 0.000000, 0.000000, 0.000000, 0.000000]
  Q_MIX: [0.000000, 0.656686, 0.000000, 0.000000, 0.000000, 0.000000, 0.000000, 0.000000, 0.000000]
  MODEL_COUNTS(s,a,*):  [0.000, 0.000, 10.919, 0.485, 0.000, 0.000, 0.000, 0.000, 0.000, 0.000, 0.000, 0.000, 0.000, 0.000, 0.000, 0.000, 0.000, 0.000, 0.000, 0.000, 0.000, 0.000]
  MODEL_REWARDS(s,a,*): [0.000, 0.000, 0.000, 0.000, 0.000, 0.000, 0.000, 0.000, 0.000, 0.000, 0.000, 0.000, 0.000, 0.000, 0.000, 0.000, 0.000, 0.000, 0.000, 0.000, 0.000, 0.000]
----------------------------------------
[DEBUG] Beta=1.0 Phase=addiction Step=92
  State: 2 -> Action: as2 -> Next: 1 (Reward: 0.0)
  Q_MF:  [0.024345, 0.000000, 0.000000, 0.000211, 0.001391, 0.000713, 0.000000, 0.000000, 0.000000]
  Q_MB:  [0.793699, 0.686271, 0.686271, 0.686271, 0.686271, 0.686271, 0.686271, 0.686271, 0.686271]
  Q_MIX: [0.793699, 0.686271, 0.686271, 0.686271, 0.686271, 0.686271, 0.686271, 0.686271, 0.686271]
  MODEL_COUNTS(s,a,*):  [0.000, 11.086, 0.480, 0.000, 0.000, 0.000, 0.000, 0.000, 0.000, 0.000, 0.000, 0.000, 0.000, 0.000, 0.000, 0.000, 0.000, 0.000, 0.000, 0.000, 0.000, 0.000]
  MODEL_REWARDS(s,a,*): [0.000, 0.000, 0.000, 0.000, 0.000, 0.000, 0.000, 0.000, 0.000, 0.000, 0.000, 0.000, 0.000, 0.000, 0.000, 0.000, 0.000, 0.000, 0.000, 0.000, 0.000, 0.000]
----------------------------------------
[DEBUG] Beta=1.0 Phase=addiction Step=93
  State: 1 -> Action: ag -> Next: 0 (Reward: 0.0)
  Q_MF:  [0.002884, 0.000000, 0.000000, 0.000000, 0.000000, 0.000000, 0.137718, 0.000915, 0.007193]
  Q_MB:  [0.000000, 0.000000, 0.000000, 0.000000, 0.000000, 0.000000, 0.855828, 0.000000, 0.000000]
  Q_MIX: [0.000000, 0.000000, 0.000000, 0.000000, 0.000000, 0.000000, 0.855828, 0.000000, 0.000000]
  MODEL_COUNTS(s,a,*):  [11.168, 0.475, 0.000, 0.000, 0.000, 0.000, 0.000, 0.000, 0.000, 0.000, 0.000, 0.000, 0.000, 0.000, 0.000, 0.000, 0.000, 0.000, 0.000, 0.000, 0.000, 0.000]
  MODEL_REWARDS(s,a,*): [0.000, 0.000, 0.000, 0.000, 0.000, 0.000, 0.000, 0.000, 0.000, 0.000, 0.000, 0.000, 0.000, 0.000, 0.000, 0.000, 0.000, 0.000, 0.000, 0.000, 0.000, 0.000]
----------------------------------------
[DEBUG] Beta=1.0 Phase=addiction Step=94
  State: 0 -> Action: ag -> Next: 3 (Reward: 1.0)
  Q_MF:  [0.000000, 0.000000, 0.018060, 0.000000, 0.000000, 0.000000, 0.512728, 0.000000, 0.000000]
  Q_MB:  [0.895822, 0.895822, 0.895822, 0.895822, 0.895822, 0.895822, 0.995417, 0.895822, 0.895822]
  Q_MIX: [0.895822, 0.895822, 0.895822, 0.895822, 0.895822, 0.895822, 0.995417, 0.895822, 0.895822]
  MODEL_COUNTS(s,a,*):  [0.470, 0.000, 0.000, 11.224, 0.000, 0.000, 0.000, 0.000, 0.000, 0.000, 0.000, 0.000, 0.000, 0.000, 0.000, 0.000, 0.000, 0.000, 0.000, 0.000, 0.000, 0.000]
  MODEL_REWARDS(s,a,*): [0.000, 0.000, 0.000, 11.224, 0.000, 0.000, 0.000, 0.000, 0.000, 0.000, 0.000, 0.000, 0.000, 0.000, 0.000, 0.000, 0.000, 0.000, 0.000, 0.000, 0.000, 0.000]
----------------------------------------
[DEBUG] Beta=1.0 Phase=addiction Step=95
  State: 3 -> Action: aw -> Next: 3 (Reward: 0.0)
  Q_MF:  [0.000000, 0.003986, 0.000021, 0.000000, 0.000041, 0.000413, 0.000000, 0.000102, 0.000021]
  Q_MB:  [0.000000, 0.000000, 0.000000, 0.000000, 0.000000, 0.000000, 0.000000, 0.000000, 0.000000]
  Q_MIX: [0.000000, 0.000000, 0.000000, 0.000000, 0.000000, 0.000000, 0.000000, 0.000000, 0.000000]
  MODEL_COUNTS(s,a,*):  [0.000, 0.000, 0.000, 2.162, 0.000, 0.000, 0.000, 0.000, 0.000, 0.000, 0.000, 0.000, 0.000, 0.000, 0.000, 0.000, 0.000, 0.000, 0.000, 0.000, 0.000, 0.000]
  MODEL_REWARDS(s,a,*): [0.000, 0.000, 0.000, 0.000, 0.000, 0.000, 0.000, 0.000, 0.000, 0.000, 0.000, 0.000, 0.000, 0.000, 0.000, 0.000, 0.000, 0.000, 0.000, 0.000, 0.000, 0.000]
----------------------------------------
[DEBUG] Beta=1.0 Phase=addiction Step=96
  State: 3 -> Action: as3 -> Next: 2 (Reward: 0.0)
  Q_MF:  [0.000000, 0.003986, 0.000021, 0.000000, 0.000041, 0.000413, 0.000000, 0.000102, 0.000199]
  Q_MB:  [0.000000, 0.687299, 0.000000, 0.000000, 0.000000, 0.000000, 0.000000, 0.000000, 0.000000]
  Q_MIX: [0.000000, 0.687299, 0.000000, 0.000000, 0.000000, 0.000000, 0.000000, 0.000000, 0.000000]
  MODEL_COUNTS(s,a,*):  [0.000, 0.000, 11.384, 0.461, 0.000, 0.000, 0.000, 0.000, 0.000, 0.000, 0.000, 0.000, 0.000, 0.000, 0.000, 0.000, 0.000, 0.000, 0.000, 0.000, 0.000, 0.000]
  MODEL_REWARDS(s,a,*): [0.000, 0.000, 0.000, 0.000, 0.000, 0.000, 0.000, 0.000, 0.000, 0.000, 0.000, 0.000, 0.000, 0.000, 0.000, 0.000, 0.000, 0.000, 0.000, 0.000, 0.000, 0.000]
----------------------------------------
[DEBUG] Beta=1.0 Phase=addiction Step=97
  State: 2 -> Action: as5 -> Next: 2 (Reward: 0.0)
  Q_MF:  [0.029325, 0.000000, 0.000000, 0.000211, 0.001391, 0.000713, 0.000000, 0.000000, 0.000000]
  Q_MB:  [0.000000, 0.000000, 0.000000, 0.000000, 0.000000, 0.000000, 0.000000, 0.000000, 0.000000]
  Q_MIX: [0.000000, 0.000000, 0.000000, 0.000000, 0.000000, 0.000000, 0.000000, 0.000000, 0.000000]
  MODEL_COUNTS(s,a,*):  [0.000, 0.000, 2.659, 0.000, 0.000, 0.000, 0.000, 0.000, 0.000, 0.000, 0.000, 0.000, 0.000, 0.000, 0.000, 0.000, 0.000, 0.000, 0.000, 0.000, 0.000, 0.000]
  MODEL_REWARDS(s,a,*): [0.000, 0.000, 0.000, 0.000, 0.000, 0.000, 0.000, 0.000, 0.000, 0.000, 0.000, 0.000, 0.000, 0.000, 0.000, 0.000, 0.000, 0.000, 0.000, 0.000, 0.000, 0.000]
----------------------------------------
[DEBUG] Beta=1.0 Phase=addiction Step=98
  State: 2 -> Action: as2 -> Next: 1 (Reward: 0.0)
  Q_MF:  [0.029325, 0.000000, 0.000000, 0.001520, 0.001391, 0.000713, 0.000000, 0.000000, 0.000000]
  Q_MB:  [0.797534, 0.715936, 0.715936, 0.715936, 0.715936, 0.715936, 0.715936, 0.715936, 0.715936]
  Q_MIX: [0.797534, 0.715936, 0.715936, 0.715936, 0.715936, 0.715936, 0.715936, 0.715936, 0.715936]
  MODEL_COUNTS(s,a,*):  [0.000, 11.437, 0.452, 0.000, 0.000, 0.000, 0.000, 0.000, 0.000, 0.000, 0.000, 0.000, 0.000, 0.000, 0.000, 0.000, 0.000, 0.000, 0.000, 0.000, 0.000, 0.000]
  MODEL_REWARDS(s,a,*): [0.000, 0.000, 0.000, 0.000, 0.000, 0.000, 0.000, 0.000, 0.000, 0.000, 0.000, 0.000, 0.000, 0.000, 0.000, 0.000, 0.000, 0.000, 0.000, 0.000, 0.000, 0.000]
----------------------------------------
[DEBUG] Beta=1.0 Phase=addiction Step=99
  State: 1 -> Action: ag -> Next: 0 (Reward: 0.0)
  Q_MF:  [0.002884, 0.000000, 0.000000, 0.000000, 0.000000, 0.000000, 0.153905, 0.000915, 0.007193]
  Q_MB:  [0.000000, 0.000000, 0.000000, 0.000000, 0.000000, 0.000000, 0.858540, 0.000000, 0.000000]
  Q_MIX: [0.000000, 0.000000, 0.000000, 0.000000, 0.000000, 0.000000, 0.858540, 0.000000, 0.000000]
  MODEL_COUNTS(s,a,*):  [11.515, 0.447, 0.000, 0.000, 0.000, 0.000, 0.000, 0.000, 0.000, 0.000, 0.000, 0.000, 0.000, 0.000, 0.000, 0.000, 0.000, 0.000, 0.000, 0.000, 0.000, 0.000]
  MODEL_REWARDS(s,a,*): [0.000, 0.000, 0.000, 0.000, 0.000, 0.000, 0.000, 0.000, 0.000, 0.000, 0.000, 0.000, 0.000, 0.000, 0.000, 0.000, 0.000, 0.000, 0.000, 0.000, 0.000, 0.000]
----------------------------------------
[DEBUG] Beta=1.0 Phase=addiction Step=100
  State: 0 -> Action: ag -> Next: 3 (Reward: 1.0)
  Q_MF:  [0.000000, 0.000000, 0.018060, 0.000000, 0.000000, 0.000000, 0.537271, 0.000000, 0.000000]
  Q_MB:  [0.863795, 0.863795, 0.863795, 0.863795, 0.863795, 0.863795, 0.994521, 0.863795, 0.863795]
  Q_MIX: [0.863795, 0.863795, 0.863795, 0.863795, 0.863795, 0.863795, 0.994521, 0.863795, 0.863795]
  MODEL_COUNTS(s,a,*):  [0.443, 0.000, 0.000, 11.567, 0.000, 0.000, 0.000, 0.000, 0.000, 0.000, 0.000, 0.000, 0.000, 0.000, 0.000, 0.000, 0.000, 0.000, 0.000, 0.000, 0.000, 0.000]
  MODEL_REWARDS(s,a,*): [0.000, 0.000, 0.000, 11.567, 0.000, 0.000, 0.000, 0.000, 0.000, 0.000, 0.000, 0.000, 0.000, 0.000, 0.000, 0.000, 0.000, 0.000, 0.000, 0.000, 0.000, 0.000]
----------------------------------------
[DEBUG] Beta=1.0 Phase=addiction Step=101
  State: 3 -> Action: as3 -> Next: 2 (Reward: 0.0)
  Q_MF:  [0.000000, 0.005106, 0.000021, 0.000000, 0.000041, 0.000413, 0.000000, 0.000102, 0.000199]
  Q_MB:  [0.562374, 0.646751, 0.562374, 0.118718, 0.562374, 0.562374, 0.562374, 0.562374, 0.562374]
  Q_MIX: [0.562374, 0.646751, 0.562374, 0.118718, 0.562374, 0.562374, 0.562374, 0.562374, 0.562374]
  MODEL_COUNTS(s,a,*):  [0.000, 0.000, 11.826, 0.438, 0.000, 0.000, 0.000, 0.000, 0.000, 0.000, 0.000, 0.000, 0.000, 0.000, 0.000, 0.000, 0.000, 0.000, 0.000, 0.000, 0.000, 0.000]
  MODEL_REWARDS(s,a,*): [0.000, 0.000, 0.000, 0.000, 0.000, 0.000, 0.000, 0.000, 0.000, 0.000, 0.000, 0.000, 0.000, 0.000, 0.000, 0.000, 0.000, 0.000, 0.000, 0.000, 0.000, 0.000]
----------------------------------------
[DEBUG] Beta=1.0 Phase=addiction Step=102
  State: 2 -> Action: as2 -> Next: 1 (Reward: 0.0)
  Q_MF:  [0.034785, 0.000000, 0.000000, 0.001520, 0.001391, 0.000713, 0.000000, 0.000000, 0.000000]
  Q_MB:  [0.797863, 0.650168, 0.650168, 0.650168, 0.650168, 0.650168, 0.650168, 0.650168, 0.650168]
  Q_MIX: [0.797863, 0.650168, 0.650168, 0.650168, 0.650168, 0.650168, 0.650168, 0.650168, 0.650168]
  MODEL_COUNTS(s,a,*):  [0.000, 11.987, 0.434, 0.000, 0.000, 0.000, 0.000, 0.000, 0.000, 0.000, 0.000, 0.000, 0.000, 0.000, 0.000, 0.000, 0.000, 0.000, 0.000, 0.000, 0.000, 0.000]
  MODEL_REWARDS(s,a,*): [0.000, 0.000, 0.000, 0.000, 0.000, 0.000, 0.000, 0.000, 0.000, 0.000, 0.000, 0.000, 0.000, 0.000, 0.000, 0.000, 0.000, 0.000, 0.000, 0.000, 0.000, 0.000]
----------------------------------------
[DEBUG] Beta=1.0 Phase=addiction Step=103
  State: 1 -> Action: ag -> Next: 0 (Reward: 0.0)
  Q_MF:  [0.002884, 0.000000, 0.000000, 0.000000, 0.000000, 0.000000, 0.170387, 0.000915, 0.007193]
  Q_MB:  [0.775877, 0.775877, 0.775877, 0.775877, 0.775877, 0.775877, 0.891103, 0.775877, 0.775877]
  Q_MIX: [0.775877, 0.775877, 0.775877, 0.775877, 0.775877, 0.775877, 0.891103, 0.775877, 0.775877]
  MODEL_COUNTS(s,a,*):  [12.061, 0.430, 0.000, 0.000, 0.000, 0.000, 0.000, 0.000, 0.000, 0.000, 0.000, 0.000, 0.000, 0.000, 0.000, 0.000, 0.000, 0.000, 0.000, 0.000, 0.000, 0.000]
  MODEL_REWARDS(s,a,*): [0.000, 0.000, 0.000, 0.000, 0.000, 0.000, 0.000, 0.000, 0.000, 0.000, 0.000, 0.000, 0.000, 0.000, 0.000, 0.000, 0.000, 0.000, 0.000, 0.000, 0.000, 0.000]
----------------------------------------
[DEBUG] Beta=1.0 Phase=addiction Step=104
  State: 0 -> Action: ag -> Next: 3 (Reward: 1.0)
  Q_MF:  [0.000000, 0.000000, 0.018060, 0.000000, 0.000000, 0.000000, 0.560637, 0.000000, 0.000000]
  Q_MB:  [0.866810, 0.866810, 0.866810, 0.866810, 0.866810, 0.866810, 0.995088, 0.866810, 0.866810]
  Q_MIX: [0.866810, 0.866810, 0.866810, 0.866810, 0.866810, 0.866810, 0.995088, 0.866810, 0.866810]
  MODEL_COUNTS(s,a,*):  [0.425, 0.000, 0.000, 12.111, 0.000, 0.000, 0.000, 0.000, 0.000, 0.000, 0.000, 0.000, 0.000, 0.000, 0.000, 0.000, 0.000, 0.000, 0.000, 0.000, 0.000, 0.000]
  MODEL_REWARDS(s,a,*): [0.000, 0.000, 0.000, 12.111, 0.000, 0.000, 0.000, 0.000, 0.000, 0.000, 0.000, 0.000, 0.000, 0.000, 0.000, 0.000, 0.000, 0.000, 0.000, 0.000, 0.000, 0.000]
----------------------------------------
[DEBUG] Beta=1.0 Phase=addiction Step=105
  State: 3 -> Action: as6 -> Next: 3 (Reward: 0.0)
  Q_MF:  [0.000000, 0.006416, 0.000021, 0.000000, 0.000041, 0.000413, 0.000000, 0.000102, 0.000199]
  Q_MB:  [0.000000, 0.000000, 0.000000, 0.000000, 0.000000, 0.000000, 0.000000, 0.000000, 0.000000]
  Q_MIX: [0.000000, 0.000000, 0.000000, 0.000000, 0.000000, 0.000000, 0.000000, 0.000000, 0.000000]
  MODEL_COUNTS(s,a,*):  [0.000, 0.000, 0.000, 4.005, 0.000, 0.000, 0.000, 0.000, 0.000, 0.000, 0.000, 0.000, 0.000, 0.000, 0.000, 0.000, 0.000, 0.000, 0.000, 0.000, 0.000, 0.000]
  MODEL_REWARDS(s,a,*): [0.000, 0.000, 0.000, 0.000, 0.000, 0.000, 0.000, 0.000, 0.000, 0.000, 0.000, 0.000, 0.000, 0.000, 0.000, 0.000, 0.000, 0.000, 0.000, 0.000, 0.000, 0.000]
----------------------------------------
[DEBUG] Beta=1.0 Phase=addiction Step=106
  State: 3 -> Action: as2 -> Next: 3 (Reward: 0.0)
  Q_MF:  [0.000000, 0.006416, 0.000021, 0.000000, 0.000328, 0.000413, 0.000000, 0.000102, 0.000199]
  Q_MB:  [0.000000, 0.000000, 0.000000, 0.000000, 0.000000, 0.000000, 0.000000, 0.000000, 0.000000]
  Q_MIX: [0.000000, 0.000000, 0.000000, 0.000000, 0.000000, 0.000000, 0.000000, 0.000000, 0.000000]
  MODEL_COUNTS(s,a,*):  [0.000, 0.000, 0.000, 1.938, 0.000, 0.000, 0.000, 0.000, 0.000, 0.000, 0.000, 0.000, 0.000, 0.000, 0.000, 0.000, 0.000, 0.000, 0.000, 0.000, 0.000, 0.000]
  MODEL_REWARDS(s,a,*): [0.000, 0.000, 0.000, 0.000, 0.000, 0.000, 0.000, 0.000, 0.000, 0.000, 0.000, 0.000, 0.000, 0.000, 0.000, 0.000, 0.000, 0.000, 0.000, 0.000, 0.000, 0.000]
----------------------------------------
[DEBUG] Beta=1.0 Phase=addiction Step=107
  State: 3 -> Action: as3 -> Next: 2 (Reward: 0.0)
  Q_MF:  [0.000289, 0.006416, 0.000021, 0.000000, 0.000328, 0.000413, 0.000000, 0.000102, 0.000199]
  Q_MB:  [0.000000, 0.652719, 0.000000, 0.000000, 0.000000, 0.000000, 0.000000, 0.000000, 0.000000]
  Q_MIX: [0.000000, 0.652719, 0.000000, 0.000000, 0.000000, 0.000000, 0.000000, 0.000000, 0.000000]
  MODEL_COUNTS(s,a,*):  [0.000, 0.000, 12.134, 0.413, 0.000, 0.000, 0.000, 0.000, 0.000, 0.000, 0.000, 0.000, 0.000, 0.000, 0.000, 0.000, 0.000, 0.000, 0.000, 0.000, 0.000, 0.000]
  MODEL_REWARDS(s,a,*): [0.000, 0.000, 0.000, 0.000, 0.000, 0.000, 0.000, 0.000, 0.000, 0.000, 0.000, 0.000, 0.000, 0.000, 0.000, 0.000, 0.000, 0.000, 0.000, 0.000, 0.000, 0.000]
----------------------------------------
[DEBUG] Beta=1.0 Phase=addiction Step=108
  State: 2 -> Action: aw -> Next: 2 (Reward: 0.0)
  Q_MF:  [0.040713, 0.000000, 0.000000, 0.001520, 0.001391, 0.000713, 0.000000, 0.000000, 0.000000]
  Q_MB:  [0.000000, 0.000000, 0.000000, 0.000000, 0.000000, 0.000000, 0.000000, 0.000000, 0.000000]
  Q_MIX: [0.000000, 0.000000, 0.000000, 0.000000, 0.000000, 0.000000, 0.000000, 0.000000, 0.000000]
  MODEL_COUNTS(s,a,*):  [0.000, 0.000, 1.409, 0.000, 0.000, 0.000, 0.000, 0.000, 0.000, 0.000, 0.000, 0.000, 0.000, 0.000, 0.000, 0.000, 0.000, 0.000, 0.000, 0.000, 0.000, 0.000]
  MODEL_REWARDS(s,a,*): [0.000, 0.000, 0.000, 0.000, 0.000, 0.000, 0.000, 0.000, 0.000, 0.000, 0.000, 0.000, 0.000, 0.000, 0.000, 0.000, 0.000, 0.000, 0.000, 0.000, 0.000, 0.000]
----------------------------------------
[DEBUG] Beta=1.0 Phase=addiction Step=109
  State: 2 -> Action: as2 -> Next: 1 (Reward: 0.0)
  Q_MF:  [0.040713, 0.000000, 0.000000, 0.001520, 0.001391, 0.000713, 0.000000, 0.000000, 0.001832]
  Q_MB:  [0.775089, 0.676308, 0.676308, 0.676308, 0.676308, 0.676308, 0.676308, 0.676308, 0.676308]
  Q_MIX: [0.775089, 0.676308, 0.676308, 0.676308, 0.676308, 0.676308, 0.676308, 0.676308, 0.676308]
  MODEL_COUNTS(s,a,*):  [0.000, 12.172, 0.405, 0.000, 0.000, 0.000, 0.000, 0.000, 0.000, 0.000, 0.000, 0.000, 0.000, 0.000, 0.000, 0.000, 0.000, 0.000, 0.000, 0.000, 0.000, 0.000]
  MODEL_REWARDS(s,a,*): [0.000, 0.000, 0.000, 0.000, 0.000, 0.000, 0.000, 0.000, 0.000, 0.000, 0.000, 0.000, 0.000, 0.000, 0.000, 0.000, 0.000, 0.000, 0.000, 0.000, 0.000, 0.000]
----------------------------------------
[DEBUG] Beta=1.0 Phase=addiction Step=110
  State: 1 -> Action: ad -> Next: 1 (Reward: 0.0)
  Q_MF:  [0.002884, 0.000000, 0.000000, 0.000000, 0.000000, 0.000000, 0.187096, 0.000915, 0.007193]
  Q_MB:  [0.000000, 0.000000, 0.000000, 0.000000, 0.000000, 0.000000, 0.000000, 0.000000, 0.000000]
  Q_MIX: [0.000000, 0.000000, 0.000000, 0.000000, 0.000000, 0.000000, 0.000000, 0.000000, 0.000000]
  MODEL_COUNTS(s,a,*):  [0.000, 1.890, 0.000, 0.000, 0.000, 0.000, 0.000, 0.000, 0.000, 0.000, 0.000, 0.000, 0.000, 0.000, 0.000, 0.000, 0.000, 0.000, 0.000, 0.000, 0.000, 0.000]
  MODEL_REWARDS(s,a,*): [0.000, 0.000, 0.000, 0.000, 0.000, 0.000, 0.000, 0.000, 0.000, 0.000, 0.000, 0.000, 0.000, 0.000, 0.000, 0.000, 0.000, 0.000, 0.000, 0.000, 0.000, 0.000]
----------------------------------------
[DEBUG] Beta=1.0 Phase=addiction Step=111
  State: 1 -> Action: ag -> Next: 0 (Reward: 0.0)
  Q_MF:  [0.002884, 0.000000, 0.000000, 0.000000, 0.000000, 0.000000, 0.187096, 0.009289, 0.007193]
  Q_MB:  [0.804229, 0.804229, 0.804229, 0.804229, 0.804229, 0.804229, 0.893638, 0.804229, 0.804229]
  Q_MIX: [0.804229, 0.804229, 0.804229, 0.804229, 0.804229, 0.804229, 0.893638, 0.804229, 0.804229]
  MODEL_COUNTS(s,a,*):  [12.129, 0.397, 0.000, 0.000, 0.000, 0.000, 0.000, 0.000, 0.000, 0.000, 0.000, 0.000, 0.000, 0.000, 0.000, 0.000, 0.000, 0.000, 0.000, 0.000, 0.000, 0.000]
  MODEL_REWARDS(s,a,*): [0.000, 0.000, 0.000, 0.000, 0.000, 0.000, 0.000, 0.000, 0.000, 0.000, 0.000, 0.000, 0.000, 0.000, 0.000, 0.000, 0.000, 0.000, 0.000, 0.000, 0.000, 0.000]
----------------------------------------
[DEBUG] Beta=1.0 Phase=addiction Step=112
  State: 0 -> Action: ag -> Next: 3 (Reward: 1.0)
  Q_MF:  [0.000000, 0.000000, 0.018060, 0.000000, 0.000000, 0.000000, 0.582894, 0.000000, 0.000000]
  Q_MB:  [0.896013, 0.896013, 0.896013, 0.896013, 0.896013, 0.896013, 1.619662, 0.896013, 0.896013]
  Q_MIX: [0.896013, 0.896013, 0.896013, 0.896013, 0.896013, 0.896013, 1.619662, 0.896013, 0.896013]
  MODEL_COUNTS(s,a,*):  [0.393, 0.000, 0.000, 12.176, 0.000, 0.000, 0.000, 0.000, 0.000, 0.000, 0.000, 0.000, 0.000, 0.000, 0.000, 0.000, 0.000, 0.000, 0.000, 0.000, 0.000, 0.000]
  MODEL_REWARDS(s,a,*): [0.000, 0.000, 0.000, 12.176, 0.000, 0.000, 0.000, 0.000, 0.000, 0.000, 0.000, 0.000, 0.000, 0.000, 0.000, 0.000, 0.000, 0.000, 0.000, 0.000, 0.000, 0.000]
----------------------------------------
[DEBUG] Beta=1.0 Phase=addiction Step=113
  State: 3 -> Action: as4 -> Next: 3 (Reward: 0.0)
  Q_MF:  [0.000289, 0.007927, 0.000021, 0.000000, 0.000328, 0.000413, 0.000000, 0.000102, 0.000199]
  Q_MB:  [0.000000, 0.000000, 0.000000, 0.000000, 0.000000, 0.000000, 0.000000, 0.000000, 0.000000]
  Q_MIX: [0.000000, 0.000000, 0.000000, 0.000000, 0.000000, 0.000000, 0.000000, 0.000000, 0.000000]
  MODEL_COUNTS(s,a,*):  [0.000, 0.000, 0.000, 2.355, 0.000, 0.000, 0.000, 0.000, 0.000, 0.000, 0.000, 0.000, 0.000, 0.000, 0.000, 0.000, 0.000, 0.000, 0.000, 0.000, 0.000, 0.000]
  MODEL_REWARDS(s,a,*): [0.000, 0.000, 0.000, 0.000, 0.000, 0.000, 0.000, 0.000, 0.000, 0.000, 0.000, 0.000, 0.000, 0.000, 0.000, 0.000, 0.000, 0.000, 0.000, 0.000, 0.000, 0.000]
----------------------------------------
[DEBUG] Beta=1.0 Phase=addiction Step=114
  State: 3 -> Action: as2 -> Next: 3 (Reward: 0.0)
  Q_MF:  [0.000289, 0.007927, 0.000377, 0.000000, 0.000328, 0.000413, 0.000000, 0.000102, 0.000199]
  Q_MB:  [0.000000, 0.000000, 0.000000, 0.000000, 0.000000, 0.000000, 0.000000, 0.000000, 0.000000]
  Q_MIX: [0.000000, 0.000000, 0.000000, 0.000000, 0.000000, 0.000000, 0.000000, 0.000000, 0.000000]
  MODEL_COUNTS(s,a,*):  [0.000, 0.000, 0.000, 2.789, 0.000, 0.000, 0.000, 0.000, 0.000, 0.000, 0.000, 0.000, 0.000, 0.000, 0.000, 0.000, 0.000, 0.000, 0.000, 0.000, 0.000, 0.000]
  MODEL_REWARDS(s,a,*): [0.000, 0.000, 0.000, 0.000, 0.000, 0.000, 0.000, 0.000, 0.000, 0.000, 0.000, 0.000, 0.000, 0.000, 0.000, 0.000, 0.000, 0.000, 0.000, 0.000, 0.000, 0.000]
----------------------------------------
[DEBUG] Beta=1.0 Phase=addiction Step=115
  State: 3 -> Action: as3 -> Next: 2 (Reward: 0.0)
  Q_MF:  [0.000631, 0.007927, 0.000377, 0.000000, 0.000328, 0.000413, 0.000000, 0.000102, 0.000199]
  Q_MB:  [0.000000, 0.640093, 0.000000, 0.000000, 0.000000, 0.000000, 0.000000, 0.000000, 0.000000]
  Q_MIX: [0.000000, 0.640093, 0.000000, 0.000000, 0.000000, 0.000000, 0.000000, 0.000000, 0.000000]
  MODEL_COUNTS(s,a,*):  [0.000, 0.000, 12.197, 0.381, 0.000, 0.000, 0.000, 0.000, 0.000, 0.000, 0.000, 0.000, 0.000, 0.000, 0.000, 0.000, 0.000, 0.000, 0.000, 0.000, 0.000, 0.000]
  MODEL_REWARDS(s,a,*): [0.000, 0.000, 0.000, 0.000, 0.000, 0.000, 0.000, 0.000, 0.000, 0.000, 0.000, 0.000, 0.000, 0.000, 0.000, 0.000, 0.000, 0.000, 0.000, 0.000, 0.000, 0.000]
----------------------------------------
[DEBUG] Beta=1.0 Phase=addiction Step=116
  State: 2 -> Action: as2 -> Next: 1 (Reward: 0.0)
  Q_MF:  [0.047097, 0.000000, 0.000000, 0.001520, 0.001391, 0.000713, 0.000000, 0.000000, 0.001832]
  Q_MB:  [0.735411, 0.000000, 0.000000, 0.000000, 0.000000, 0.000000, 0.000000, 0.000000, 0.000000]
  Q_MIX: [0.735411, 0.000000, 0.000000, 0.000000, 0.000000, 0.000000, 0.000000, 0.000000, 0.000000]
  MODEL_COUNTS(s,a,*):  [0.000, 12.345, 0.377, 0.000, 0.000, 0.000, 0.000, 0.000, 0.000, 0.000, 0.000, 0.000, 0.000, 0.000, 0.000, 0.000, 0.000, 0.000, 0.000, 0.000, 0.000, 0.000]
  MODEL_REWARDS(s,a,*): [0.000, 0.000, 0.000, 0.000, 0.000, 0.000, 0.000, 0.000, 0.000, 0.000, 0.000, 0.000, 0.000, 0.000, 0.000, 0.000, 0.000, 0.000, 0.000, 0.000, 0.000, 0.000]
----------------------------------------
[DEBUG] Beta=1.0 Phase=addiction Step=117
  State: 1 -> Action: ag -> Next: 0 (Reward: 0.0)
  Q_MF:  [0.002884, 0.000000, 0.000000, 0.000000, 0.000000, 0.000000, 0.203972, 0.009289, 0.007193]
  Q_MB:  [0.759856, 0.759856, 0.759856, 0.759856, 0.759856, 0.759856, 1.381712, 0.759856, 0.759856]
  Q_MIX: [0.759856, 0.759856, 0.759856, 0.759856, 0.759856, 0.759856, 1.381712, 0.759856, 0.759856]
  MODEL_COUNTS(s,a,*):  [12.419, 0.373, 0.000, 0.000, 0.000, 0.000, 0.000, 0.000, 0.000, 0.000, 0.000, 0.000, 0.000, 0.000, 0.000, 0.000, 0.000, 0.000, 0.000, 0.000, 0.000, 0.000]
  MODEL_REWARDS(s,a,*): [0.000, 0.000, 0.000, 0.000, 0.000, 0.000, 0.000, 0.000, 0.000, 0.000, 0.000, 0.000, 0.000, 0.000, 0.000, 0.000, 0.000, 0.000, 0.000, 0.000, 0.000, 0.000]
----------------------------------------
[DEBUG] Beta=1.0 Phase=addiction Step=118
  State: 0 -> Action: ag -> Next: 3 (Reward: 1.0)
  Q_MF:  [0.000000, 0.000000, 0.018060, 0.000000, 0.000000, 0.000000, 0.604106, 0.000000, 0.000000]
  Q_MB:  [0.896398, 0.896398, 0.896398, 0.896398, 0.896398, 0.896398, 0.996764, 0.896398, 0.896398]
  Q_MIX: [0.896398, 0.896398, 0.896398, 0.896398, 0.896398, 0.896398, 0.996764, 0.896398, 0.896398]
  MODEL_COUNTS(s,a,*):  [0.370, 0.000, 0.000, 12.463, 0.000, 0.000, 0.000, 0.000, 0.000, 0.000, 0.000, 0.000, 0.000, 0.000, 0.000, 0.000, 0.000, 0.000, 0.000, 0.000, 0.000, 0.000]
  MODEL_REWARDS(s,a,*): [0.000, 0.000, 0.000, 12.463, 0.000, 0.000, 0.000, 0.000, 0.000, 0.000, 0.000, 0.000, 0.000, 0.000, 0.000, 0.000, 0.000, 0.000, 0.000, 0.000, 0.000, 0.000]
----------------------------------------
[DEBUG] Beta=1.0 Phase=addiction Step=119
  State: 3 -> Action: as3 -> Next: 2 (Reward: 0.0)
  Q_MF:  [0.000631, 0.009650, 0.000377, 0.000000, 0.000328, 0.000413, 0.000000, 0.000102, 0.000199]
  Q_MB:  [0.629197, 0.719113, 0.629197, 0.132824, 0.629197, 0.629197, 0.629197, 0.629197, 0.629197]
  Q_MIX: [0.629197, 0.719113, 0.629197, 0.132824, 0.629197, 0.629197, 0.629197, 0.629197, 0.629197]
  MODEL_COUNTS(s,a,*):  [0.000, 0.000, 12.716, 0.366, 0.000, 0.000, 0.000, 0.000, 0.000, 0.000, 0.000, 0.000, 0.000, 0.000, 0.000, 0.000, 0.000, 0.000, 0.000, 0.000, 0.000, 0.000]
  MODEL_REWARDS(s,a,*): [0.000, 0.000, 0.000, 0.000, 0.000, 0.000, 0.000, 0.000, 0.000, 0.000, 0.000, 0.000, 0.000, 0.000, 0.000, 0.000, 0.000, 0.000, 0.000, 0.000, 0.000, 0.000]
----------------------------------------
[DEBUG] Beta=1.0 Phase=addiction Step=120
  State: 2 -> Action: aw -> Next: 2 (Reward: 0.0)
  Q_MF:  [0.053921, 0.000000, 0.000000, 0.001520, 0.001391, 0.000713, 0.000000, 0.000000, 0.001832]
  Q_MB:  [0.000000, 0.000000, 0.000000, 0.000000, 0.000000, 0.000000, 0.000000, 0.000000, 0.000000]
  Q_MIX: [0.000000, 0.000000, 0.000000, 0.000000, 0.000000, 0.000000, 0.000000, 0.000000, 0.000000]
  MODEL_COUNTS(s,a,*):  [0.000, 0.000, 2.249, 0.000, 0.000, 0.000, 0.000, 0.000, 0.000, 0.000, 0.000, 0.000, 0.000, 0.000, 0.000, 0.000, 0.000, 0.000, 0.000, 0.000, 0.000, 0.000]
  MODEL_REWARDS(s,a,*): [0.000, 0.000, 0.000, 0.000, 0.000, 0.000, 0.000, 0.000, 0.000, 0.000, 0.000, 0.000, 0.000, 0.000, 0.000, 0.000, 0.000, 0.000, 0.000, 0.000, 0.000, 0.000]
----------------------------------------
[DEBUG] Beta=1.0 Phase=addiction Step=121
  State: 2 -> Action: ad -> Next: 2 (Reward: 0.0)
  Q_MF:  [0.053921, 0.000000, 0.000000, 0.001520, 0.001391, 0.000713, 0.000000, 0.000000, 0.004167]
  Q_MB:  [0.000000, 0.000000, 0.000000, 0.000000, 0.000000, 0.000000, 0.000000, 0.000000, 0.000000]
  Q_MIX: [0.000000, 0.000000, 0.000000, 0.000000, 0.000000, 0.000000, 0.000000, 0.000000, 0.000000]
  MODEL_COUNTS(s,a,*):  [0.000, 0.000, 1.608, 0.000, 0.000, 0.000, 0.000, 0.000, 0.000, 0.000, 0.000, 0.000, 0.000, 0.000, 0.000, 0.000, 0.000, 0.000, 0.000, 0.000, 0.000, 0.000]
  MODEL_REWARDS(s,a,*): [0.000, 0.000, 0.000, 0.000, 0.000, 0.000, 0.000, 0.000, 0.000, 0.000, 0.000, 0.000, 0.000, 0.000, 0.000, 0.000, 0.000, 0.000, 0.000, 0.000, 0.000, 0.000]
----------------------------------------
[DEBUG] Beta=1.0 Phase=addiction Step=122
  State: 2 -> Action: as2 -> Next: 1 (Reward: 0.0)
  Q_MF:  [0.053921, 0.000000, 0.000000, 0.001520, 0.001391, 0.000713, 0.000000, 0.002426, 0.004167]
  Q_MB:  [0.780778, 0.000000, 0.000000, 0.000000, 0.000000, 0.000000, 0.000000, 0.000000, 0.000000]
  Q_MIX: [0.780778, 0.000000, 0.000000, 0.000000, 0.000000, 0.000000, 0.000000, 0.000000, 0.000000]
  MODEL_COUNTS(s,a,*):  [0.000, 12.623, 0.355, 0.000, 0.000, 0.000, 0.000, 0.000, 0.000, 0.000, 0.000, 0.000, 0.000, 0.000, 0.000, 0.000, 0.000, 0.000, 0.000, 0.000, 0.000, 0.000]
  MODEL_REWARDS(s,a,*): [0.000, 0.000, 0.000, 0.000, 0.000, 0.000, 0.000, 0.000, 0.000, 0.000, 0.000, 0.000, 0.000, 0.000, 0.000, 0.000, 0.000, 0.000, 0.000, 0.000, 0.000, 0.000]
----------------------------------------
[DEBUG] Beta=1.0 Phase=addiction Step=123
  State: 1 -> Action: ag -> Next: 0 (Reward: 0.0)
  Q_MF:  [0.002884, 0.000000, 0.000000, 0.000000, 0.000000, 0.000000, 0.220958, 0.009289, 0.007193]
  Q_MB:  [0.804615, 0.804615, 0.804615, 0.804615, 0.804615, 0.804615, 0.894047, 0.804615, 0.804615]
  Q_MIX: [0.804615, 0.804615, 0.804615, 0.804615, 0.804615, 0.804615, 0.894047, 0.804615, 0.804615]
  MODEL_COUNTS(s,a,*):  [12.693, 0.351, 0.000, 0.000, 0.000, 0.000, 0.000, 0.000, 0.000, 0.000, 0.000, 0.000, 0.000, 0.000, 0.000, 0.000, 0.000, 0.000, 0.000, 0.000, 0.000, 0.000]
  MODEL_REWARDS(s,a,*): [0.000, 0.000, 0.000, 0.000, 0.000, 0.000, 0.000, 0.000, 0.000, 0.000, 0.000, 0.000, 0.000, 0.000, 0.000, 0.000, 0.000, 0.000, 0.000, 0.000, 0.000, 0.000]
----------------------------------------
[DEBUG] Beta=1.0 Phase=addiction Step=124
  State: 0 -> Action: ag -> Next: 3 (Reward: 1.0)
  Q_MF:  [0.000000, 0.000000, 0.018060, 0.000000, 0.000000, 0.000000, 0.624335, 0.000000, 0.000000]
  Q_MB:  [0.897338, 0.897338, 0.897338, 0.897338, 0.897338, 0.897338, 0.997043, 0.897338, 0.897338]
  Q_MIX: [0.897338, 0.897338, 0.897338, 0.897338, 0.897338, 0.897338, 0.997043, 0.897338, 0.897338]
  MODEL_COUNTS(s,a,*):  [0.348, 0.000, 0.000, 12.734, 0.000, 0.000, 0.000, 0.000, 0.000, 0.000, 0.000, 0.000, 0.000, 0.000, 0.000, 0.000, 0.000, 0.000, 0.000, 0.000, 0.000, 0.000]
  MODEL_REWARDS(s,a,*): [0.000, 0.000, 0.000, 12.734, 0.000, 0.000, 0.000, 0.000, 0.000, 0.000, 0.000, 0.000, 0.000, 0.000, 0.000, 0.000, 0.000, 0.000, 0.000, 0.000, 0.000, 0.000]
----------------------------------------
[DEBUG] Beta=1.0 Phase=addiction Step=125
  State: 3 -> Action: as3 -> Next: 2 (Reward: 0.0)
  Q_MF:  [0.000631, 0.011594, 0.000377, 0.000000, 0.000328, 0.000413, 0.000000, 0.000102, 0.000199]
  Q_MB:  [0.000000, 0.701902, 0.000000, 0.000000, 0.000000, 0.000000, 0.000000, 0.000000, 0.000000]
  Q_MIX: [0.000000, 0.701902, 0.000000, 0.000000, 0.000000, 0.000000, 0.000000, 0.000000, 0.000000]
  MODEL_COUNTS(s,a,*):  [0.000, 0.000, 12.972, 0.344, 0.000, 0.000, 0.000, 0.000, 0.000, 0.000, 0.000, 0.000, 0.000, 0.000, 0.000, 0.000, 0.000, 0.000, 0.000, 0.000, 0.000, 0.000]
  MODEL_REWARDS(s,a,*): [0.000, 0.000, 0.000, 0.000, 0.000, 0.000, 0.000, 0.000, 0.000, 0.000, 0.000, 0.000, 0.000, 0.000, 0.000, 0.000, 0.000, 0.000, 0.000, 0.000, 0.000, 0.000]
----------------------------------------
[DEBUG] Beta=1.0 Phase=addiction Step=126
  State: 2 -> Action: as2 -> Next: 1 (Reward: 0.0)
  Q_MF:  [0.061168, 0.000000, 0.000000, 0.001520, 0.001391, 0.000713, 0.000000, 0.002426, 0.004167]
  Q_MB:  [0.801892, 0.720498, 0.720498, 0.720498, 0.720498, 0.720498, 0.720498, 0.720498, 0.720498]
  Q_MIX: [0.801892, 0.720498, 0.720498, 0.720498, 0.720498, 0.720498, 0.720498, 0.720498, 0.720498]
  MODEL_COUNTS(s,a,*):  [0.000, 13.125, 0.341, 0.000, 0.000, 0.000, 0.000, 0.000, 0.000, 0.000, 0.000, 0.000, 0.000, 0.000, 0.000, 0.000, 0.000, 0.000, 0.000, 0.000, 0.000, 0.000]
  MODEL_REWARDS(s,a,*): [0.000, 0.000, 0.000, 0.000, 0.000, 0.000, 0.000, 0.000, 0.000, 0.000, 0.000, 0.000, 0.000, 0.000, 0.000, 0.000, 0.000, 0.000, 0.000, 0.000, 0.000, 0.000]
----------------------------------------
[DEBUG] Beta=1.0 Phase=addiction Step=127
  State: 1 -> Action: ag -> Next: 0 (Reward: 0.0)
  Q_MF:  [0.002884, 0.000000, 0.000000, 0.000000, 0.000000, 0.000000, 0.238005, 0.009289, 0.007193]
  Q_MB:  [0.804181, 0.804181, 0.804181, 0.804181, 0.804181, 0.804181, 0.894531, 0.804181, 0.804181]
  Q_MIX: [0.804181, 0.804181, 0.804181, 0.804181, 0.804181, 0.804181, 0.894531, 0.804181, 0.804181]
  MODEL_COUNTS(s,a,*):  [13.192, 0.338, 0.000, 0.000, 0.000, 0.000, 0.000, 0.000, 0.000, 0.000, 0.000, 0.000, 0.000, 0.000, 0.000, 0.000, 0.000, 0.000, 0.000, 0.000, 0.000, 0.000]
  MODEL_REWARDS(s,a,*): [0.000, 0.000, 0.000, 0.000, 0.000, 0.000, 0.000, 0.000, 0.000, 0.000, 0.000, 0.000, 0.000, 0.000, 0.000, 0.000, 0.000, 0.000, 0.000, 0.000, 0.000, 0.000]
----------------------------------------
[DEBUG] Beta=1.0 Phase=addiction Step=128
  State: 0 -> Action: ag -> Next: 3 (Reward: 1.0)
  Q_MF:  [0.000000, 0.000000, 0.018060, 0.000000, 0.000000, 0.000000, 0.643640, 0.000000, 0.000000]
  Q_MB:  [1.439527, 1.439527, 1.439527, 1.439527, 1.439527, 1.439527, 1.641654, 1.439527, 1.439527]
  Q_MIX: [1.439527, 1.439527, 1.439527, 1.439527, 1.439527, 1.439527, 1.641654, 1.439527, 1.439527]
  MODEL_COUNTS(s,a,*):  [0.334, 0.000, 0.000, 13.232, 0.000, 0.000, 0.000, 0.000, 0.000, 0.000, 0.000, 0.000, 0.000, 0.000, 0.000, 0.000, 0.000, 0.000, 0.000, 0.000, 0.000, 0.000]
  MODEL_REWARDS(s,a,*): [0.000, 0.000, 0.000, 13.232, 0.000, 0.000, 0.000, 0.000, 0.000, 0.000, 0.000, 0.000, 0.000, 0.000, 0.000, 0.000, 0.000, 0.000, 0.000, 0.000, 0.000, 0.000]
----------------------------------------
[DEBUG] Beta=1.0 Phase=addiction Step=129
  State: 3 -> Action: as2 -> Next: 3 (Reward: 0.0)
  Q_MF:  [0.000631, 0.013767, 0.000377, 0.000000, 0.000328, 0.000413, 0.000000, 0.000102, 0.000199]
  Q_MB:  [0.000000, 0.000000, 0.000000, 0.000000, 0.000000, 0.000000, 0.000000, 0.000000, 0.000000]
  Q_MIX: [0.000000, 0.000000, 0.000000, 0.000000, 0.000000, 0.000000, 0.000000, 0.000000, 0.000000]
  MODEL_COUNTS(s,a,*):  [0.000, 0.000, 0.000, 3.398, 0.000, 0.000, 0.000, 0.000, 0.000, 0.000, 0.000, 0.000, 0.000, 0.000, 0.000, 0.000, 0.000, 0.000, 0.000, 0.000, 0.000, 0.000]
  MODEL_REWARDS(s,a,*): [0.000, 0.000, 0.000, 0.000, 0.000, 0.000, 0.000, 0.000, 0.000, 0.000, 0.000, 0.000, 0.000, 0.000, 0.000, 0.000, 0.000, 0.000, 0.000, 0.000, 0.000, 0.000]
----------------------------------------
[DEBUG] Beta=1.0 Phase=addiction Step=130
  State: 3 -> Action: as3 -> Next: 2 (Reward: 0.0)
  Q_MF:  [0.001219, 0.013767, 0.000377, 0.000000, 0.000328, 0.000413, 0.000000, 0.000102, 0.000199]
  Q_MB:  [0.000000, 0.704349, 0.000000, 0.000000, 0.000000, 0.000000, 0.000000, 0.000000, 0.000000]
  Q_MIX: [0.000000, 0.704349, 0.000000, 0.000000, 0.000000, 0.000000, 0.000000, 0.000000, 0.000000]
  MODEL_COUNTS(s,a,*):  [0.000, 0.000, 13.336, 0.328, 0.000, 0.000, 0.000, 0.000, 0.000, 0.000, 0.000, 0.000, 0.000, 0.000, 0.000, 0.000, 0.000, 0.000, 0.000, 0.000, 0.000, 0.000]
  MODEL_REWARDS(s,a,*): [0.000, 0.000, 0.000, 0.000, 0.000, 0.000, 0.000, 0.000, 0.000, 0.000, 0.000, 0.000, 0.000, 0.000, 0.000, 0.000, 0.000, 0.000, 0.000, 0.000, 0.000, 0.000]
----------------------------------------
[DEBUG] Beta=1.0 Phase=addiction Step=131
  State: 2 -> Action: as2 -> Next: 1 (Reward: 0.0)
  Q_MF:  [0.068820, 0.000000, 0.000000, 0.001520, 0.001391, 0.000713, 0.000000, 0.002426, 0.004167]
  Q_MB:  [0.803781, 0.723054, 0.723054, 0.723054, 0.723054, 0.723054, 0.723054, 0.723054, 0.723054]
  Q_MIX: [0.803781, 0.723054, 0.723054, 0.723054, 0.723054, 0.723054, 0.723054, 0.723054, 0.723054]
  MODEL_COUNTS(s,a,*):  [0.000, 13.482, 0.324, 0.000, 0.000, 0.000, 0.000, 0.000, 0.000, 0.000, 0.000, 0.000, 0.000, 0.000, 0.000, 0.000, 0.000, 0.000, 0.000, 0.000, 0.000, 0.000]
  MODEL_REWARDS(s,a,*): [0.000, 0.000, 0.000, 0.000, 0.000, 0.000, 0.000, 0.000, 0.000, 0.000, 0.000, 0.000, 0.000, 0.000, 0.000, 0.000, 0.000, 0.000, 0.000, 0.000, 0.000, 0.000]
----------------------------------------
[DEBUG] Beta=1.0 Phase=addiction Step=132
  State: 1 -> Action: ag -> Next: 0 (Reward: 0.0)
  Q_MF:  [0.002884, 0.000000, 0.000000, 0.000000, 0.000000, 0.000000, 0.255069, 0.009289, 0.007193]
  Q_MB:  [0.000000, 0.000000, 0.000000, 0.000000, 0.000000, 0.000000, 0.855918, 0.000000, 0.000000]
  Q_MIX: [0.000000, 0.000000, 0.000000, 0.000000, 0.000000, 0.000000, 0.855918, 0.000000, 0.000000]
  MODEL_COUNTS(s,a,*):  [13.546, 0.321, 0.000, 0.000, 0.000, 0.000, 0.000, 0.000, 0.000, 0.000, 0.000, 0.000, 0.000, 0.000, 0.000, 0.000, 0.000, 0.000, 0.000, 0.000, 0.000, 0.000]
  MODEL_REWARDS(s,a,*): [0.000, 0.000, 0.000, 0.000, 0.000, 0.000, 0.000, 0.000, 0.000, 0.000, 0.000, 0.000, 0.000, 0.000, 0.000, 0.000, 0.000, 0.000, 0.000, 0.000, 0.000, 0.000]
----------------------------------------
[DEBUG] Beta=1.0 Phase=addiction Step=133
  State: 0 -> Action: ag -> Next: 3 (Reward: 1.0)
  Q_MF:  [0.000000, 0.000000, 0.018060, 0.000000, 0.000000, 0.000000, 0.662078, 0.000000, 0.000000]
  Q_MB:  [0.897291, 0.897291, 0.897291, 0.897291, 0.897291, 0.897291, 0.997469, 0.897291, 0.897291]
  Q_MIX: [0.897291, 0.897291, 0.897291, 0.897291, 0.897291, 0.897291, 0.997469, 0.897291, 0.897291]
  MODEL_COUNTS(s,a,*):  [0.318, 0.000, 0.000, 13.583, 0.000, 0.000, 0.000, 0.000, 0.000, 0.000, 0.000, 0.000, 0.000, 0.000, 0.000, 0.000, 0.000, 0.000, 0.000, 0.000, 0.000, 0.000]
  MODEL_REWARDS(s,a,*): [0.000, 0.000, 0.000, 13.583, 0.000, 0.000, 0.000, 0.000, 0.000, 0.000, 0.000, 0.000, 0.000, 0.000, 0.000, 0.000, 0.000, 0.000, 0.000, 0.000, 0.000, 0.000]
----------------------------------------
[DEBUG] Beta=1.0 Phase=addiction Step=134
  State: 3 -> Action: as7 -> Next: 3 (Reward: 0.0)
  Q_MF:  [0.001219, 0.016176, 0.000377, 0.000000, 0.000328, 0.000413, 0.000000, 0.000102, 0.000199]
  Q_MB:  [0.000000, 0.000000, 0.000000, 0.000000, 0.000000, 0.000000, 0.000000, 0.000000, 0.000000]
  Q_MIX: [0.000000, 0.000000, 0.000000, 0.000000, 0.000000, 0.000000, 0.000000, 0.000000, 0.000000]
  MODEL_COUNTS(s,a,*):  [0.000, 0.000, 0.000, 4.242, 0.000, 0.000, 0.000, 0.000, 0.000, 0.000, 0.000, 0.000, 0.000, 0.000, 0.000, 0.000, 0.000, 0.000, 0.000, 0.000, 0.000, 0.000]
  MODEL_REWARDS(s,a,*): [0.000, 0.000, 0.000, 0.000, 0.000, 0.000, 0.000, 0.000, 0.000, 0.000, 0.000, 0.000, 0.000, 0.000, 0.000, 0.000, 0.000, 0.000, 0.000, 0.000, 0.000, 0.000]
----------------------------------------
[DEBUG] Beta=1.0 Phase=addiction Step=135
  State: 3 -> Action: aw -> Next: 3 (Reward: 0.0)
  Q_MF:  [0.001219, 0.016176, 0.000377, 0.000000, 0.000328, 0.001120, 0.000000, 0.000102, 0.000199]
  Q_MB:  [0.000000, 0.000000, 0.000000, 0.000000, 0.000000, 0.000000, 0.000000, 0.000000, 0.000000]
  Q_MIX: [0.000000, 0.000000, 0.000000, 0.000000, 0.000000, 0.000000, 0.000000, 0.000000, 0.000000]
  MODEL_COUNTS(s,a,*):  [0.000, 0.000, 0.000, 2.446, 0.000, 0.000, 0.000, 0.000, 0.000, 0.000, 0.000, 0.000, 0.000, 0.000, 0.000, 0.000, 0.000, 0.000, 0.000, 0.000, 0.000, 0.000]
  MODEL_REWARDS(s,a,*): [0.000, 0.000, 0.000, 0.000, 0.000, 0.000, 0.000, 0.000, 0.000, 0.000, 0.000, 0.000, 0.000, 0.000, 0.000, 0.000, 0.000, 0.000, 0.000, 0.000, 0.000, 0.000]
----------------------------------------
[DEBUG] Beta=1.0 Phase=addiction Step=136
  State: 3 -> Action: ad -> Next: 3 (Reward: 0.0)
  Q_MF:  [0.001219, 0.016176, 0.000377, 0.000000, 0.000328, 0.001120, 0.000000, 0.000102, 0.000917]
  Q_MB:  [0.000000, 0.000000, 0.000000, 0.000000, 0.000000, 0.000000, 0.000000, 0.000000, 0.000000]
  Q_MIX: [0.000000, 0.000000, 0.000000, 0.000000, 0.000000, 0.000000, 0.000000, 0.000000, 0.000000]
  MODEL_COUNTS(s,a,*):  [0.000, 0.000, 0.000, 2.550, 0.000, 0.000, 0.000, 0.000, 0.000, 0.000, 0.000, 0.000, 0.000, 0.000, 0.000, 0.000, 0.000, 0.000, 0.000, 0.000, 0.000, 0.000]
  MODEL_REWARDS(s,a,*): [0.000, 0.000, 0.000, 0.000, 0.000, 0.000, 0.000, 0.000, 0.000, 0.000, 0.000, 0.000, 0.000, 0.000, 0.000, 0.000, 0.000, 0.000, 0.000, 0.000, 0.000, 0.000]
----------------------------------------
[DEBUG] Beta=1.0 Phase=addiction Step=137
  State: 3 -> Action: ag -> Next: 3 (Reward: 0.0)
  Q_MF:  [0.001219, 0.016176, 0.000377, 0.000000, 0.000328, 0.001120, 0.000000, 0.000825, 0.000917]
  Q_MB:  [0.000000, 0.000000, 0.000000, 0.000000, 0.000000, 0.000000, 0.000000, 0.000000, 0.000000]
  Q_MIX: [0.000000, 0.000000, 0.000000, 0.000000, 0.000000, 0.000000, 0.000000, 0.000000, 0.000000]
  MODEL_COUNTS(s,a,*):  [0.000, 0.000, 0.000, 1.950, 0.000, 0.000, 0.000, 0.000, 0.000, 0.000, 0.000, 0.000, 0.000, 0.000, 0.000, 0.000, 0.000, 0.000, 0.000, 0.000, 0.000, 0.000]
  MODEL_REWARDS(s,a,*): [0.000, 0.000, 0.000, 0.000, 0.000, 0.000, 0.000, 0.000, 0.000, 0.000, 0.000, 0.000, 0.000, 0.000, 0.000, 0.000, 0.000, 0.000, 0.000, 0.000, 0.000, 0.000]
----------------------------------------
[DEBUG] Beta=1.0 Phase=addiction Step=138
  State: 3 -> Action: ad -> Next: 3 (Reward: 0.0)
  Q_MF:  [0.001219, 0.016176, 0.000377, 0.000000, 0.000328, 0.001120, 0.000728, 0.000825, 0.000917]
  Q_MB:  [0.000000, 0.000000, 0.000000, 0.000000, 0.000000, 0.000000, 0.000000, 0.000000, 0.000000]
  Q_MIX: [0.000000, 0.000000, 0.000000, 0.000000, 0.000000, 0.000000, 0.000000, 0.000000, 0.000000]
  MODEL_COUNTS(s,a,*):  [0.000, 0.000, 0.000, 3.499, 0.000, 0.000, 0.000, 0.000, 0.000, 0.000, 0.000, 0.000, 0.000, 0.000, 0.000, 0.000, 0.000, 0.000, 0.000, 0.000, 0.000, 0.000]
  MODEL_REWARDS(s,a,*): [0.000, 0.000, 0.000, 0.000, 0.000, 0.000, 0.000, 0.000, 0.000, 0.000, 0.000, 0.000, 0.000, 0.000, 0.000, 0.000, 0.000, 0.000, 0.000, 0.000, 0.000, 0.000]
----------------------------------------
[DEBUG] Beta=1.0 Phase=addiction Step=139
  State: 3 -> Action: as3 -> Next: 2 (Reward: 0.0)
  Q_MF:  [0.001219, 0.016176, 0.000377, 0.000000, 0.000328, 0.001120, 0.000728, 0.001511, 0.000917]
  Q_MB:  [0.635829, 0.706483, 0.635829, 0.134224, 0.635829, 0.635829, 0.635829, 0.635829, 0.635829]
  Q_MIX: [0.635829, 0.706483, 0.635829, 0.134224, 0.635829, 0.635829, 0.635829, 0.635829, 0.635829]
  MODEL_COUNTS(s,a,*):  [0.000, 0.000, 13.183, 0.299, 0.000, 0.000, 0.000, 0.000, 0.000, 0.000, 0.000, 0.000, 0.000, 0.000, 0.000, 0.000, 0.000, 0.000, 0.000, 0.000, 0.000, 0.000]
  MODEL_REWARDS(s,a,*): [0.000, 0.000, 0.000, 0.000, 0.000, 0.000, 0.000, 0.000, 0.000, 0.000, 0.000, 0.000, 0.000, 0.000, 0.000, 0.000, 0.000, 0.000, 0.000, 0.000, 0.000, 0.000]
----------------------------------------
[DEBUG] Beta=1.0 Phase=addiction Step=140
  State: 2 -> Action: as2 -> Next: 1 (Reward: 0.0)
  Q_MF:  [0.076857, 0.000000, 0.000000, 0.001520, 0.001391, 0.000713, 0.000000, 0.002426, 0.004167]
  Q_MB:  [0.803903, 0.708527, 0.708527, 0.708527, 0.708527, 0.708527, 0.708527, 0.708527, 0.708527]
  Q_MIX: [0.803903, 0.708527, 0.708527, 0.708527, 0.708527, 0.708527, 0.708527, 0.708527, 0.708527]
  MODEL_COUNTS(s,a,*):  [0.000, 13.316, 0.296, 0.000, 0.000, 0.000, 0.000, 0.000, 0.000, 0.000, 0.000, 0.000, 0.000, 0.000, 0.000, 0.000, 0.000, 0.000, 0.000, 0.000, 0.000, 0.000]
  MODEL_REWARDS(s,a,*): [0.000, 0.000, 0.000, 0.000, 0.000, 0.000, 0.000, 0.000, 0.000, 0.000, 0.000, 0.000, 0.000, 0.000, 0.000, 0.000, 0.000, 0.000, 0.000, 0.000, 0.000, 0.000]
----------------------------------------
[DEBUG] Beta=1.0 Phase=addiction Step=141
  State: 1 -> Action: ag -> Next: 0 (Reward: 0.0)
  Q_MF:  [0.002884, 0.000000, 0.000000, 0.000000, 0.000000, 0.000000, 0.272109, 0.009289, 0.007193]
  Q_MB:  [0.805849, 0.805849, 0.805849, 0.805849, 0.805849, 0.805849, 0.895760, 0.805849, 0.805849]
  Q_MIX: [0.805849, 0.805849, 0.805849, 0.805849, 0.805849, 0.805849, 0.895760, 0.805849, 0.805849]
  MODEL_COUNTS(s,a,*):  [13.374, 0.293, 0.000, 0.000, 0.000, 0.000, 0.000, 0.000, 0.000, 0.000, 0.000, 0.000, 0.000, 0.000, 0.000, 0.000, 0.000, 0.000, 0.000, 0.000, 0.000, 0.000]
  MODEL_REWARDS(s,a,*): [0.000, 0.000, 0.000, 0.000, 0.000, 0.000, 0.000, 0.000, 0.000, 0.000, 0.000, 0.000, 0.000, 0.000, 0.000, 0.000, 0.000, 0.000, 0.000, 0.000, 0.000, 0.000]
----------------------------------------
[DEBUG] Beta=1.0 Phase=addiction Step=142
  State: 0 -> Action: ag -> Next: 3 (Reward: 1.0)
  Q_MF:  [0.000000, 0.000000, 0.018060, 0.000000, 0.000000, 0.000000, 0.679702, 0.000000, 0.000000]
  Q_MB:  [0.897518, 0.897518, 0.897518, 0.897518, 0.897518, 0.897518, 0.997657, 0.897518, 0.897518]
  Q_MIX: [0.897518, 0.897518, 0.897518, 0.897518, 0.897518, 0.897518, 0.997657, 0.897518, 0.897518]
  MODEL_COUNTS(s,a,*):  [0.290, 0.000, 0.000, 13.409, 0.000, 0.000, 0.000, 0.000, 0.000, 0.000, 0.000, 0.000, 0.000, 0.000, 0.000, 0.000, 0.000, 0.000, 0.000, 0.000, 0.000, 0.000]
  MODEL_REWARDS(s,a,*): [0.000, 0.000, 0.000, 13.409, 0.000, 0.000, 0.000, 0.000, 0.000, 0.000, 0.000, 0.000, 0.000, 0.000, 0.000, 0.000, 0.000, 0.000, 0.000, 0.000, 0.000, 0.000]
----------------------------------------
[DEBUG] Beta=1.0 Phase=addiction Step=143
  State: 3 -> Action: as3 -> Next: 2 (Reward: 0.0)
  Q_MF:  [0.001219, 0.018825, 0.000377, 0.000000, 0.000328, 0.001120, 0.000728, 0.001511, 0.000917]
  Q_MB:  [0.000000, 0.707875, 0.000000, 0.000000, 0.000000, 0.000000, 0.000000, 0.000000, 0.000000]
  Q_MIX: [0.000000, 0.707875, 0.000000, 0.000000, 0.000000, 0.000000, 0.000000, 0.000000, 0.000000]
  MODEL_COUNTS(s,a,*):  [0.000, 0.000, 13.663, 0.287, 0.000, 0.000, 0.000, 0.000, 0.000, 0.000, 0.000, 0.000, 0.000, 0.000, 0.000, 0.000, 0.000, 0.000, 0.000, 0.000, 0.000, 0.000]
  MODEL_REWARDS(s,a,*): [0.000, 0.000, 0.000, 0.000, 0.000, 0.000, 0.000, 0.000, 0.000, 0.000, 0.000, 0.000, 0.000, 0.000, 0.000, 0.000, 0.000, 0.000, 0.000, 0.000, 0.000, 0.000]
----------------------------------------
[DEBUG] Beta=1.0 Phase=addiction Step=144
  State: 2 -> Action: as2 -> Next: 1 (Reward: 0.0)
  Q_MF:  [0.085259, 0.000000, 0.000000, 0.001520, 0.001391, 0.000713, 0.000000, 0.002426, 0.004167]
  Q_MB:  [0.789044, 0.710134, 0.710134, 0.710134, 0.710134, 0.710134, 0.710134, 0.710134, 0.710134]
  Q_MIX: [0.789044, 0.710134, 0.710134, 0.710134, 0.710134, 0.710134, 0.710134, 0.710134, 0.710134]
  MODEL_COUNTS(s,a,*):  [0.000, 13.792, 0.285, 0.000, 0.000, 0.000, 0.000, 0.000, 0.000, 0.000, 0.000, 0.000, 0.000, 0.000, 0.000, 0.000, 0.000, 0.000, 0.000, 0.000, 0.000, 0.000]
  MODEL_REWARDS(s,a,*): [0.000, 0.000, 0.000, 0.000, 0.000, 0.000, 0.000, 0.000, 0.000, 0.000, 0.000, 0.000, 0.000, 0.000, 0.000, 0.000, 0.000, 0.000, 0.000, 0.000, 0.000, 0.000]
----------------------------------------
[DEBUG] Beta=1.0 Phase=addiction Step=145
  State: 1 -> Action: ag -> Next: 0 (Reward: 0.0)
  Q_MF:  [0.002884, 0.000000, 0.000000, 0.000000, 0.000000, 0.000000, 0.289090, 0.009289, 0.007193]
  Q_MB:  [0.806469, 0.806469, 0.806469, 0.806469, 0.806469, 0.806469, 1.456080, 0.806469, 0.806469]
  Q_MIX: [0.806469, 0.806469, 0.806469, 0.806469, 0.806469, 0.806469, 1.456080, 0.806469, 0.806469]
  MODEL_COUNTS(s,a,*):  [13.847, 0.282, 0.000, 0.000, 0.000, 0.000, 0.000, 0.000, 0.000, 0.000, 0.000, 0.000, 0.000, 0.000, 0.000, 0.000, 0.000, 0.000, 0.000, 0.000, 0.000, 0.000]
  MODEL_REWARDS(s,a,*): [0.000, 0.000, 0.000, 0.000, 0.000, 0.000, 0.000, 0.000, 0.000, 0.000, 0.000, 0.000, 0.000, 0.000, 0.000, 0.000, 0.000, 0.000, 0.000, 0.000, 0.000, 0.000]
----------------------------------------
[DEBUG] Beta=1.0 Phase=addiction Step=146
  State: 0 -> Action: ag -> Next: 3 (Reward: 1.0)
  Q_MF:  [0.000000, 0.000000, 0.018060, 0.000000, 0.000000, 0.000000, 0.696564, 0.000000, 0.000000]
  Q_MB:  [1.470922, 1.470922, 1.470922, 1.470922, 1.470922, 1.470922, 1.634585, 1.470922, 1.470922]
  Q_MIX: [1.470922, 1.470922, 1.470922, 1.470922, 1.470922, 1.470922, 1.634585, 1.470922, 1.470922]
  MODEL_COUNTS(s,a,*):  [0.279, 0.000, 0.000, 13.880, 0.000, 0.000, 0.000, 0.000, 0.000, 0.000, 0.000, 0.000, 0.000, 0.000, 0.000, 0.000, 0.000, 0.000, 0.000, 0.000, 0.000, 0.000]
  MODEL_REWARDS(s,a,*): [0.000, 0.000, 0.000, 13.880, 0.000, 0.000, 0.000, 0.000, 0.000, 0.000, 0.000, 0.000, 0.000, 0.000, 0.000, 0.000, 0.000, 0.000, 0.000, 0.000, 0.000, 0.000]
----------------------------------------
[DEBUG] Beta=1.0 Phase=addiction Step=147
  State: 3 -> Action: as3 -> Next: 2 (Reward: 0.0)
  Q_MF:  [0.001219, 0.021721, 0.000377, 0.000000, 0.000328, 0.001120, 0.000728, 0.001511, 0.000917]
  Q_MB:  [0.638766, 0.709980, 0.638766, 0.134844, 0.638766, 0.638766, 0.638766, 0.638766, 0.638766]
  Q_MIX: [0.638766, 0.709980, 0.638766, 0.134844, 0.638766, 0.638766, 0.638766, 0.638766, 0.638766]
  MODEL_COUNTS(s,a,*):  [0.000, 0.000, 14.125, 0.276, 0.000, 0.000, 0.000, 0.000, 0.000, 0.000, 0.000, 0.000, 0.000, 0.000, 0.000, 0.000, 0.000, 0.000, 0.000, 0.000, 0.000, 0.000]
  MODEL_REWARDS(s,a,*): [0.000, 0.000, 0.000, 0.000, 0.000, 0.000, 0.000, 0.000, 0.000, 0.000, 0.000, 0.000, 0.000, 0.000, 0.000, 0.000, 0.000, 0.000, 0.000, 0.000, 0.000, 0.000]
----------------------------------------
[DEBUG] Beta=1.0 Phase=addiction Step=148
  State: 2 -> Action: as2 -> Next: 1 (Reward: 0.0)
  Q_MF:  [0.094005, 0.000000, 0.000000, 0.001520, 0.001391, 0.000713, 0.000000, 0.002426, 0.004167]
  Q_MB:  [0.790413, 0.000000, 0.000000, 0.000000, 0.000000, 0.000000, 0.000000, 0.000000, 0.000000]
  Q_MIX: [0.790413, 0.000000, 0.000000, 0.000000, 0.000000, 0.000000, 0.000000, 0.000000, 0.000000]
  MODEL_COUNTS(s,a,*):  [0.000, 14.248, 0.273, 0.000, 0.000, 0.000, 0.000, 0.000, 0.000, 0.000, 0.000, 0.000, 0.000, 0.000, 0.000, 0.000, 0.000, 0.000, 0.000, 0.000, 0.000, 0.000]
  MODEL_REWARDS(s,a,*): [0.000, 0.000, 0.000, 0.000, 0.000, 0.000, 0.000, 0.000, 0.000, 0.000, 0.000, 0.000, 0.000, 0.000, 0.000, 0.000, 0.000, 0.000, 0.000, 0.000, 0.000, 0.000]
----------------------------------------
[DEBUG] Beta=1.0 Phase=addiction Step=149
  State: 1 -> Action: as3 -> Next: 2 (Reward: 0.0)
  Q_MF:  [0.002884, 0.000000, 0.000000, 0.000000, 0.000000, 0.000000, 0.305981, 0.009289, 0.007193]
  Q_MB:  [0.000000, 0.000000, 0.000000, 0.000000, 0.000000, 0.000000, 0.000000, 0.000000, 0.000000]
  Q_MIX: [0.000000, 0.000000, 0.000000, 0.000000, 0.000000, 0.000000, 0.000000, 0.000000, 0.000000]
  MODEL_COUNTS(s,a,*):  [0.000, 0.271, 5.000, 0.000, 0.000, 0.000, 0.000, 0.000, 0.000, 0.000, 0.000, 0.000, 0.000, 0.000, 0.000, 0.000, 0.000, 0.000, 0.000, 0.000, 0.000, 0.000]
  MODEL_REWARDS(s,a,*): [0.000, 0.000, 0.000, 0.000, 0.000, 0.000, 0.000, 0.000, 0.000, 0.000, 0.000, 0.000, 0.000, 0.000, 0.000, 0.000, 0.000, 0.000, 0.000, 0.000, 0.000, 0.000]
----------------------------------------
[DEBUG] Beta=1.0 Phase=addiction Step=150
  State: 2 -> Action: as6 -> Next: 2 (Reward: 0.0)
  Q_MF:  [0.103074, 0.000000, 0.000000, 0.001520, 0.001391, 0.000713, 0.000000, 0.002426, 0.004167]
  Q_MB:  [0.000000, 0.000000, 0.000000, 0.000000, 0.000000, 0.000000, 0.000000, 0.000000, 0.000000]
  Q_MIX: [0.000000, 0.000000, 0.000000, 0.000000, 0.000000, 0.000000, 0.000000, 0.000000, 0.000000]
  MODEL_COUNTS(s,a,*):  [0.000, 0.000, 2.535, 0.000, 0.000, 0.000, 0.000, 0.000, 0.000, 0.000, 0.000, 0.000, 0.000, 0.000, 0.000, 0.000, 0.000, 0.000, 0.000, 0.000, 0.000, 0.000]
  MODEL_REWARDS(s,a,*): [0.000, 0.000, 0.000, 0.000, 0.000, 0.000, 0.000, 0.000, 0.000, 0.000, 0.000, 0.000, 0.000, 0.000, 0.000, 0.000, 0.000, 0.000, 0.000, 0.000, 0.000, 0.000]
----------------------------------------
[DEBUG] Beta=1.0 Phase=addiction Step=151
  State: 2 -> Action: as2 -> Next: 1 (Reward: 0.0)
  Q_MF:  [0.103074, 0.000000, 0.000000, 0.001520, 0.005960, 0.000713, 0.000000, 0.002426, 0.004167]
  Q_MB:  [1.275373, 0.699042, 0.699042, 0.699042, 0.699042, 0.699042, 0.699042, 0.699042, 0.699042]
  Q_MIX: [1.275373, 0.699042, 0.699042, 0.699042, 0.699042, 0.699042, 0.699042, 0.699042, 0.699042]
  MODEL_COUNTS(s,a,*):  [0.000, 14.825, 0.265, 0.000, 0.000, 0.000, 0.000, 0.000, 0.000, 0.000, 0.000, 0.000, 0.000, 0.000, 0.000, 0.000, 0.000, 0.000, 0.000, 0.000, 0.000, 0.000]
  MODEL_REWARDS(s,a,*): [0.000, 0.000, 0.000, 0.000, 0.000, 0.000, 0.000, 0.000, 0.000, 0.000, 0.000, 0.000, 0.000, 0.000, 0.000, 0.000, 0.000, 0.000, 0.000, 0.000, 0.000, 0.000]
----------------------------------------
[DEBUG] Beta=1.0 Phase=addiction Step=152
  State: 1 -> Action: as6 -> Next: 1 (Reward: 0.0)
  Q_MF:  [0.002884, 0.004638, 0.000000, 0.000000, 0.000000, 0.000000, 0.305981, 0.009289, 0.007193]
  Q_MB:  [0.806473, 0.041415, 0.806473, 0.806473, 0.806473, 0.806473, 0.896361, 0.806473, 0.806473]
  Q_MIX: [0.806473, 0.041415, 0.806473, 0.806473, 0.806473, 0.806473, 0.896361, 0.806473, 0.806473]
  MODEL_COUNTS(s,a,*):  [0.000, 1.451, 0.000, 0.000, 0.000, 0.000, 0.000, 0.000, 0.000, 0.000, 0.000, 0.000, 0.000, 0.000, 0.000, 0.000, 0.000, 0.000, 0.000, 0.000, 0.000, 0.000]
  MODEL_REWARDS(s,a,*): [0.000, 0.000, 0.000, 0.000, 0.000, 0.000, 0.000, 0.000, 0.000, 0.000, 0.000, 0.000, 0.000, 0.000, 0.000, 0.000, 0.000, 0.000, 0.000, 0.000, 0.000, 0.000]
----------------------------------------
[DEBUG] Beta=1.0 Phase=addiction Step=153
  State: 1 -> Action: ag -> Next: 0 (Reward: 0.0)
  Q_MF:  [0.002884, 0.004638, 0.000000, 0.000000, 0.013769, 0.000000, 0.305981, 0.009289, 0.007193]
  Q_MB:  [0.000000, 0.000000, 0.000000, 0.000000, 0.000000, 0.000000, 0.864675, 0.000000, 0.000000]
  Q_MIX: [0.000000, 0.000000, 0.000000, 0.000000, 0.000000, 0.000000, 0.864675, 0.000000, 0.000000]
  MODEL_COUNTS(s,a,*):  [13.778, 0.260, 0.000, 0.000, 0.000, 0.000, 0.000, 0.000, 0.000, 0.000, 0.000, 0.000, 0.000, 0.000, 0.000, 0.000, 0.000, 0.000, 0.000, 0.000, 0.000, 0.000]
  MODEL_REWARDS(s,a,*): [0.000, 0.000, 0.000, 0.000, 0.000, 0.000, 0.000, 0.000, 0.000, 0.000, 0.000, 0.000, 0.000, 0.000, 0.000, 0.000, 0.000, 0.000, 0.000, 0.000, 0.000, 0.000]
----------------------------------------
[DEBUG] Beta=1.0 Phase=addiction Step=154
  State: 0 -> Action: ag -> Next: 3 (Reward: 1.0)
  Q_MF:  [0.000000, 0.000000, 0.018060, 0.000000, 0.000000, 0.000000, 0.712713, 0.000000, 0.000000]
  Q_MB:  [1.452749, 1.452749, 1.452749, 1.452749, 1.452749, 1.452749, 1.625096, 1.452749, 1.452749]
  Q_MIX: [1.452749, 1.452749, 1.452749, 1.452749, 1.452749, 1.452749, 1.625096, 1.452749, 1.452749]
  MODEL_COUNTS(s,a,*):  [0.257, 0.000, 0.000, 13.808, 0.000, 0.000, 0.000, 0.000, 0.000, 0.000, 0.000, 0.000, 0.000, 0.000, 0.000, 0.000, 0.000, 0.000, 0.000, 0.000, 0.000, 0.000]
  MODEL_REWARDS(s,a,*): [0.000, 0.000, 0.000, 13.808, 0.000, 0.000, 0.000, 0.000, 0.000, 0.000, 0.000, 0.000, 0.000, 0.000, 0.000, 0.000, 0.000, 0.000, 0.000, 0.000, 0.000, 0.000]
----------------------------------------
[DEBUG] Beta=1.0 Phase=addiction Step=155
  State: 3 -> Action: ag -> Next: 3 (Reward: 0.0)
  Q_MF:  [0.001219, 0.024865, 0.000377, 0.000000, 0.000328, 0.001120, 0.000728, 0.001511, 0.000917]
  Q_MB:  [0.000000, 0.000000, 0.000000, 0.000000, 0.000000, 0.000000, 0.000000, 0.000000, 0.000000]
  Q_MIX: [0.000000, 0.000000, 0.000000, 0.000000, 0.000000, 0.000000, 0.000000, 0.000000, 0.000000]
  MODEL_COUNTS(s,a,*):  [0.000, 0.000, 0.000, 2.627, 0.000, 0.000, 0.000, 0.000, 0.000, 0.000, 0.000, 0.000, 0.000, 0.000, 0.000, 0.000, 0.000, 0.000, 0.000, 0.000, 0.000, 0.000]
  MODEL_REWARDS(s,a,*): [0.000, 0.000, 0.000, 0.000, 0.000, 0.000, 0.000, 0.000, 0.000, 0.000, 0.000, 0.000, 0.000, 0.000, 0.000, 0.000, 0.000, 0.000, 0.000, 0.000, 0.000, 0.000]
----------------------------------------
[DEBUG] Beta=1.0 Phase=addiction Step=156
  State: 3 -> Action: as7 -> Next: 3 (Reward: 0.0)
  Q_MF:  [0.001219, 0.024865, 0.000377, 0.000000, 0.000328, 0.001120, 0.001810, 0.001511, 0.000917]
  Q_MB:  [0.000000, 0.000000, 0.000000, 0.000000, 0.000000, 0.000000, 0.000000, 0.000000, 0.000000]
  Q_MIX: [0.000000, 0.000000, 0.000000, 0.000000, 0.000000, 0.000000, 0.000000, 0.000000, 0.000000]
  MODEL_COUNTS(s,a,*):  [0.000, 0.000, 0.000, 4.401, 0.000, 0.000, 0.000, 0.000, 0.000, 0.000, 0.000, 0.000, 0.000, 0.000, 0.000, 0.000, 0.000, 0.000, 0.000, 0.000, 0.000, 0.000]
  MODEL_REWARDS(s,a,*): [0.000, 0.000, 0.000, 0.000, 0.000, 0.000, 0.000, 0.000, 0.000, 0.000, 0.000, 0.000, 0.000, 0.000, 0.000, 0.000, 0.000, 0.000, 0.000, 0.000, 0.000, 0.000]
----------------------------------------
[DEBUG] Beta=1.0 Phase=addiction Step=157
  State: 3 -> Action: as2 -> Next: 3 (Reward: 0.0)
  Q_MF:  [0.001219, 0.024865, 0.000377, 0.000000, 0.000328, 0.002183, 0.001810, 0.001511, 0.000917]
  Q_MB:  [0.000000, 0.000000, 0.000000, 0.000000, 0.000000, 0.000000, 0.000000, 0.000000, 0.000000]
  Q_MIX: [0.000000, 0.000000, 0.000000, 0.000000, 0.000000, 0.000000, 0.000000, 0.000000, 0.000000]
  MODEL_COUNTS(s,a,*):  [0.000, 0.000, 0.000, 3.565, 0.000, 0.000, 0.000, 0.000, 0.000, 0.000, 0.000, 0.000, 0.000, 0.000, 0.000, 0.000, 0.000, 0.000, 0.000, 0.000, 0.000, 0.000]
  MODEL_REWARDS(s,a,*): [0.000, 0.000, 0.000, 0.000, 0.000, 0.000, 0.000, 0.000, 0.000, 0.000, 0.000, 0.000, 0.000, 0.000, 0.000, 0.000, 0.000, 0.000, 0.000, 0.000, 0.000, 0.000]
----------------------------------------
[DEBUG] Beta=1.0 Phase=addiction Step=158
  State: 3 -> Action: ag -> Next: 3 (Reward: 0.0)
  Q_MF:  [0.002277, 0.024865, 0.000377, 0.000000, 0.000328, 0.002183, 0.001810, 0.001511, 0.000917]
  Q_MB:  [0.000000, 0.000000, 0.000000, 0.000000, 0.000000, 0.000000, 0.000000, 0.000000, 0.000000]
  Q_MIX: [0.000000, 0.000000, 0.000000, 0.000000, 0.000000, 0.000000, 0.000000, 0.000000, 0.000000]
  MODEL_COUNTS(s,a,*):  [0.000, 0.000, 0.000, 3.549, 0.000, 0.000, 0.000, 0.000, 0.000, 0.000, 0.000, 0.000, 0.000, 0.000, 0.000, 0.000, 0.000, 0.000, 0.000, 0.000, 0.000, 0.000]
  MODEL_REWARDS(s,a,*): [0.000, 0.000, 0.000, 0.000, 0.000, 0.000, 0.000, 0.000, 0.000, 0.000, 0.000, 0.000, 0.000, 0.000, 0.000, 0.000, 0.000, 0.000, 0.000, 0.000, 0.000, 0.000]
----------------------------------------
[DEBUG] Beta=1.0 Phase=addiction Step=159
  State: 3 -> Action: as3 -> Next: 2 (Reward: 0.0)
  Q_MF:  [0.002277, 0.024865, 0.000377, 0.000000, 0.000328, 0.002183, 0.002839, 0.001511, 0.000917]
  Q_MB:  [0.630168, 0.700190, 0.630168, 0.571552, 0.630168, 0.630168, 0.630168, 0.630168, 0.630168]
  Q_MIX: [0.630168, 0.700190, 0.630168, 0.571552, 0.630168, 0.630168, 0.630168, 0.630168, 0.630168]
  MODEL_COUNTS(s,a,*):  [0.000, 0.000, 13.520, 0.245, 0.000, 0.000, 0.000, 0.000, 0.000, 0.000, 0.000, 0.000, 0.000, 0.000, 0.000, 0.000, 0.000, 0.000, 0.000, 0.000, 0.000, 0.000]
  MODEL_REWARDS(s,a,*): [0.000, 0.000, 0.000, 0.000, 0.000, 0.000, 0.000, 0.000, 0.000, 0.000, 0.000, 0.000, 0.000, 0.000, 0.000, 0.000, 0.000, 0.000, 0.000, 0.000, 0.000, 0.000]
----------------------------------------
[DEBUG] Beta=1.0 Phase=addiction Step=160
  State: 2 -> Action: as2 -> Next: 1 (Reward: 0.0)
  Q_MF:  [0.111689, 0.000000, 0.000000, 0.001520, 0.005960, 0.000713, 0.000000, 0.002426, 0.004167]
  Q_MB:  [0.804679, 0.701421, 0.701421, 0.701421, 0.701421, 0.701421, 0.701421, 0.701421, 0.701421]
  Q_MIX: [0.804679, 0.701421, 0.701421, 0.701421, 0.701421, 0.701421, 0.701421, 0.701421, 0.701421]
  MODEL_COUNTS(s,a,*):  [0.000, 14.543, 0.242, 0.000, 0.000, 0.000, 0.000, 0.000, 0.000, 0.000, 0.000, 0.000, 0.000, 0.000, 0.000, 0.000, 0.000, 0.000, 0.000, 0.000, 0.000, 0.000]
  MODEL_REWARDS(s,a,*): [0.000, 0.000, 0.000, 0.000, 0.000, 0.000, 0.000, 0.000, 0.000, 0.000, 0.000, 0.000, 0.000, 0.000, 0.000, 0.000, 0.000, 0.000, 0.000, 0.000, 0.000, 0.000]
----------------------------------------
[DEBUG] Beta=1.0 Phase=addiction Step=161
  State: 1 -> Action: ag -> Next: 0 (Reward: 0.0)
  Q_MF:  [0.002884, 0.004638, 0.000000, 0.000000, 0.013769, 0.000000, 0.322754, 0.009289, 0.007193]
  Q_MB:  [0.000000, 0.000000, 0.000000, 0.000000, 0.000000, 0.000000, 0.881448, 0.000000, 0.000000]
  Q_MIX: [0.000000, 0.000000, 0.000000, 0.000000, 0.000000, 0.000000, 0.881448, 0.000000, 0.000000]
  MODEL_COUNTS(s,a,*):  [13.713, 0.240, 0.000, 0.000, 0.000, 0.000, 0.000, 0.000, 0.000, 0.000, 0.000, 0.000, 0.000, 0.000, 0.000, 0.000, 0.000, 0.000, 0.000, 0.000, 0.000, 0.000]
  MODEL_REWARDS(s,a,*): [0.000, 0.000, 0.000, 0.000, 0.000, 0.000, 0.000, 0.000, 0.000, 0.000, 0.000, 0.000, 0.000, 0.000, 0.000, 0.000, 0.000, 0.000, 0.000, 0.000, 0.000, 0.000]
----------------------------------------
[DEBUG] Beta=1.0 Phase=addiction Step=162
  State: 0 -> Action: ag -> Next: 3 (Reward: 1.0)
  Q_MF:  [0.000000, 0.000000, 0.018060, 0.000000, 0.000000, 0.000000, 0.728196, 0.000000, 0.000000]
  Q_MB:  [0.898321, 0.898321, 0.898321, 0.898321, 0.898321, 0.898321, 0.998139, 0.898321, 0.898321]
  Q_MIX: [0.898321, 0.898321, 0.898321, 0.898321, 0.898321, 0.898321, 0.998139, 0.898321, 0.898321]
  MODEL_COUNTS(s,a,*):  [0.238, 0.000, 0.000, 13.741, 0.000, 0.000, 0.000, 0.000, 0.000, 0.000, 0.000, 0.000, 0.000, 0.000, 0.000, 0.000, 0.000, 0.000, 0.000, 0.000, 0.000, 0.000]
  MODEL_REWARDS(s,a,*): [0.000, 0.000, 0.000, 13.741, 0.000, 0.000, 0.000, 0.000, 0.000, 0.000, 0.000, 0.000, 0.000, 0.000, 0.000, 0.000, 0.000, 0.000, 0.000, 0.000, 0.000, 0.000]
----------------------------------------
[DEBUG] Beta=1.0 Phase=addiction Step=163
  State: 3 -> Action: as3 -> Next: 3 (Reward: 0.0)
  Q_MF:  [0.002277, 0.028648, 0.000377, 0.000000, 0.000328, 0.002183, 0.002839, 0.001511, 0.000917]
  Q_MB:  [0.000000, 0.000000, 0.000000, 0.000000, 0.000000, 0.000000, 0.000000, 0.000000, 0.000000]
  Q_MIX: [0.000000, 0.000000, 0.000000, 0.000000, 0.000000, 0.000000, 0.000000, 0.000000, 0.000000]
  MODEL_COUNTS(s,a,*):  [0.000, 0.000, 12.987, 1.235, 0.000, 0.000, 0.000, 0.000, 0.000, 0.000, 0.000, 0.000, 0.000, 0.000, 0.000, 0.000, 0.000, 0.000, 0.000, 0.000, 0.000, 0.000]
  MODEL_REWARDS(s,a,*): [0.000, 0.000, 0.000, 0.000, 0.000, 0.000, 0.000, 0.000, 0.000, 0.000, 0.000, 0.000, 0.000, 0.000, 0.000, 0.000, 0.000, 0.000, 0.000, 0.000, 0.000, 0.000]
----------------------------------------
[DEBUG] Beta=1.0 Phase=addiction Step=164
  State: 3 -> Action: as2 -> Next: 3 (Reward: 0.0)
  Q_MF:  [0.002277, 0.028505, 0.000377, 0.000000, 0.000328, 0.002183, 0.002839, 0.001511, 0.000917]
  Q_MB:  [0.000000, 0.000000, 0.000000, 0.000000, 0.000000, 0.000000, 0.000000, 0.000000, 0.000000]
  Q_MIX: [0.000000, 0.000000, 0.000000, 0.000000, 0.000000, 0.000000, 0.000000, 0.000000, 0.000000]
  MODEL_COUNTS(s,a,*):  [0.000, 0.000, 0.000, 4.323, 0.000, 0.000, 0.000, 0.000, 0.000, 0.000, 0.000, 0.000, 0.000, 0.000, 0.000, 0.000, 0.000, 0.000, 0.000, 0.000, 0.000, 0.000]
  MODEL_REWARDS(s,a,*): [0.000, 0.000, 0.000, 0.000, 0.000, 0.000, 0.000, 0.000, 0.000, 0.000, 0.000, 0.000, 0.000, 0.000, 0.000, 0.000, 0.000, 0.000, 0.000, 0.000, 0.000, 0.000]
----------------------------------------
[DEBUG] Beta=1.0 Phase=addiction Step=165
  State: 3 -> Action: as3 -> Next: 2 (Reward: 0.0)
  Q_MF:  [0.003446, 0.028505, 0.000377, 0.000000, 0.000328, 0.002183, 0.002839, 0.001511, 0.000917]
  Q_MB:  [0.000000, 0.661674, 0.000000, 0.000000, 0.000000, 0.000000, 0.000000, 0.000000, 0.000000]
  Q_MIX: [0.000000, 0.661674, 0.000000, 0.000000, 0.000000, 0.000000, 0.000000, 0.000000, 0.000000]
  MODEL_COUNTS(s,a,*):  [0.000, 0.000, 13.729, 1.211, 0.000, 0.000, 0.000, 0.000, 0.000, 0.000, 0.000, 0.000, 0.000, 0.000, 0.000, 0.000, 0.000, 0.000, 0.000, 0.000, 0.000, 0.000]
  MODEL_REWARDS(s,a,*): [0.000, 0.000, 0.000, 0.000, 0.000, 0.000, 0.000, 0.000, 0.000, 0.000, 0.000, 0.000, 0.000, 0.000, 0.000, 0.000, 0.000, 0.000, 0.000, 0.000, 0.000, 0.000]
----------------------------------------
[DEBUG] Beta=1.0 Phase=addiction Step=166
  State: 2 -> Action: as2 -> Next: 1 (Reward: 0.0)
  Q_MF:  [0.120629, 0.000000, 0.000000, 0.001520, 0.005960, 0.000713, 0.000000, 0.002426, 0.004167]
  Q_MB:  [0.793334, 0.714001, 0.714001, 0.714001, 0.714001, 0.714001, 0.714001, 0.714001, 0.714001]
  Q_MIX: [0.793334, 0.714001, 0.714001, 0.714001, 0.714001, 0.714001, 0.714001, 0.714001, 0.714001]
  MODEL_COUNTS(s,a,*):  [0.000, 14.692, 0.228, 0.000, 0.000, 0.000, 0.000, 0.000, 0.000, 0.000, 0.000, 0.000, 0.000, 0.000, 0.000, 0.000, 0.000, 0.000, 0.000, 0.000, 0.000, 0.000]
  MODEL_REWARDS(s,a,*): [0.000, 0.000, 0.000, 0.000, 0.000, 0.000, 0.000, 0.000, 0.000, 0.000, 0.000, 0.000, 0.000, 0.000, 0.000, 0.000, 0.000, 0.000, 0.000, 0.000, 0.000, 0.000]
----------------------------------------
[DEBUG] Beta=1.0 Phase=addiction Step=167
  State: 1 -> Action: ag -> Next: 0 (Reward: 0.0)
  Q_MF:  [0.002884, 0.004638, 0.000000, 0.000000, 0.013769, 0.000000, 0.339385, 0.009289, 0.007193]
  Q_MB:  [1.269267, 0.753109, 1.269267, 1.269267, 1.269267, 1.269267, 1.471612, 1.269267, 1.269267]
  Q_MIX: [1.269267, 0.753109, 1.269267, 1.269267, 1.269267, 1.269267, 1.471612, 1.269267, 1.269267]
  MODEL_COUNTS(s,a,*):  [13.911, 0.226, 0.000, 0.000, 0.000, 0.000, 0.000, 0.000, 0.000, 0.000, 0.000, 0.000, 0.000, 0.000, 0.000, 0.000, 0.000, 0.000, 0.000, 0.000, 0.000, 0.000]
  MODEL_REWARDS(s,a,*): [0.000, 0.000, 0.000, 0.000, 0.000, 0.000, 0.000, 0.000, 0.000, 0.000, 0.000, 0.000, 0.000, 0.000, 0.000, 0.000, 0.000, 0.000, 0.000, 0.000, 0.000, 0.000]
----------------------------------------
[DEBUG] Beta=1.0 Phase=addiction Step=168
  State: 0 -> Action: ag -> Next: 3 (Reward: 1.0)
  Q_MF:  [0.000000, 0.000000, 0.018060, 0.000000, 0.000000, 0.000000, 0.743076, 0.000000, 0.000000]
  Q_MB:  [1.420851, 1.420851, 1.420851, 1.420851, 1.420851, 1.420851, 1.639057, 1.420851, 1.420851]
  Q_MIX: [1.420851, 1.420851, 1.420851, 1.420851, 1.420851, 1.420851, 1.639057, 1.420851, 1.420851]
  MODEL_COUNTS(s,a,*):  [0.224, 0.000, 0.000, 13.937, 0.000, 0.000, 0.000, 0.000, 0.000, 0.000, 0.000, 0.000, 0.000, 0.000, 0.000, 0.000, 0.000, 0.000, 0.000, 0.000, 0.000, 0.000]
  MODEL_REWARDS(s,a,*): [0.000, 0.000, 0.000, 13.937, 0.000, 0.000, 0.000, 0.000, 0.000, 0.000, 0.000, 0.000, 0.000, 0.000, 0.000, 0.000, 0.000, 0.000, 0.000, 0.000, 0.000, 0.000]
----------------------------------------
[DEBUG] Beta=1.0 Phase=addiction Step=169
  State: 3 -> Action: as3 -> Next: 2 (Reward: 0.0)
  Q_MF:  [0.003446, 0.032508, 0.000377, 0.000000, 0.000328, 0.002183, 0.002839, 0.001511, 0.000917]
  Q_MB:  [0.625809, 0.698790, 0.625809, 0.529219, 0.625809, 0.625809, 0.625809, 0.625809, 0.625809]
  Q_MIX: [0.625809, 0.698790, 0.625809, 0.529219, 0.625809, 0.625809, 0.625809, 0.625809, 0.625809]
  MODEL_COUNTS(s,a,*):  [0.000, 0.000, 14.188, 1.163, 0.000, 0.000, 0.000, 0.000, 0.000, 0.000, 0.000, 0.000, 0.000, 0.000, 0.000, 0.000, 0.000, 0.000, 0.000, 0.000, 0.000, 0.000]
  MODEL_REWARDS(s,a,*): [0.000, 0.000, 0.000, 0.000, 0.000, 0.000, 0.000, 0.000, 0.000, 0.000, 0.000, 0.000, 0.000, 0.000, 0.000, 0.000, 0.000, 0.000, 0.000, 0.000, 0.000, 0.000]
----------------------------------------
[DEBUG] Beta=1.0 Phase=addiction Step=170
  State: 2 -> Action: as2 -> Next: 1 (Reward: 0.0)
  Q_MF:  [0.129870, 0.000000, 0.000000, 0.001520, 0.005960, 0.000713, 0.000000, 0.002426, 0.004167]
  Q_MB:  [0.805661, 0.715210, 0.715210, 0.715210, 0.715210, 0.715210, 0.715210, 0.715210, 0.715210]
  Q_MIX: [0.805661, 0.715210, 0.715210, 0.715210, 0.715210, 0.715210, 0.715210, 0.715210, 0.715210]
  MODEL_COUNTS(s,a,*):  [0.000, 15.113, 0.219, 0.000, 0.000, 0.000, 0.000, 0.000, 0.000, 0.000, 0.000, 0.000, 0.000, 0.000, 0.000, 0.000, 0.000, 0.000, 0.000, 0.000, 0.000, 0.000]
  MODEL_REWARDS(s,a,*): [0.000, 0.000, 0.000, 0.000, 0.000, 0.000, 0.000, 0.000, 0.000, 0.000, 0.000, 0.000, 0.000, 0.000, 0.000, 0.000, 0.000, 0.000, 0.000, 0.000, 0.000, 0.000]
----------------------------------------
[DEBUG] Beta=1.0 Phase=addiction Step=171
  State: 1 -> Action: as4 -> Next: 1 (Reward: 0.0)
  Q_MF:  [0.002884, 0.004638, 0.000000, 0.000000, 0.013769, 0.000000, 0.355854, 0.009289, 0.007193]
  Q_MB:  [0.000000, 0.000000, 0.000000, 0.000000, 0.000000, 0.000000, 0.000000, 0.000000, 0.000000]
  Q_MIX: [0.000000, 0.000000, 0.000000, 0.000000, 0.000000, 0.000000, 0.000000, 0.000000, 0.000000]
  MODEL_COUNTS(s,a,*):  [0.000, 1.217, 0.000, 0.000, 0.000, 0.000, 0.000, 0.000, 0.000, 0.000, 0.000, 0.000, 0.000, 0.000, 0.000, 0.000, 0.000, 0.000, 0.000, 0.000, 0.000, 0.000]
  MODEL_REWARDS(s,a,*): [0.000, 0.000, 0.000, 0.000, 0.000, 0.000, 0.000, 0.000, 0.000, 0.000, 0.000, 0.000, 0.000, 0.000, 0.000, 0.000, 0.000, 0.000, 0.000, 0.000, 0.000, 0.000]
----------------------------------------
[DEBUG] Beta=1.0 Phase=addiction Step=172
  State: 1 -> Action: ag -> Next: 0 (Reward: 0.0)
  Q_MF:  [0.002884, 0.004638, 0.016013, 0.000000, 0.013769, 0.000000, 0.355854, 0.009289, 0.007193]
  Q_MB:  [0.807224, 0.729535, 0.807224, 0.807224, 0.807224, 0.807224, 0.897099, 0.807224, 0.807224]
  Q_MIX: [0.807224, 0.729535, 0.807224, 0.807224, 0.807224, 0.807224, 0.897099, 0.807224, 0.807224]
  MODEL_COUNTS(s,a,*):  [14.229, 0.215, 0.000, 0.000, 0.000, 0.000, 0.000, 0.000, 0.000, 0.000, 0.000, 0.000, 0.000, 0.000, 0.000, 0.000, 0.000, 0.000, 0.000, 0.000, 0.000, 0.000]
  MODEL_REWARDS(s,a,*): [0.000, 0.000, 0.000, 0.000, 0.000, 0.000, 0.000, 0.000, 0.000, 0.000, 0.000, 0.000, 0.000, 0.000, 0.000, 0.000, 0.000, 0.000, 0.000, 0.000, 0.000, 0.000]
----------------------------------------
[DEBUG] Beta=1.0 Phase=addiction Step=173
  State: 0 -> Action: ag -> Next: 3 (Reward: 1.0)
  Q_MF:  [0.000000, 0.000000, 0.018060, 0.000000, 0.000000, 0.000000, 0.757385, 0.000000, 0.000000]
  Q_MB:  [0.898556, 0.898556, 0.898556, 0.898556, 0.898556, 0.898556, 1.592293, 0.898556, 0.898556]
  Q_MIX: [0.898556, 0.898556, 0.898556, 0.898556, 0.898556, 0.898556, 1.592293, 0.898556, 0.898556]
  MODEL_COUNTS(s,a,*):  [0.213, 0.000, 0.000, 14.254, 0.000, 0.000, 0.000, 0.000, 0.000, 0.000, 0.000, 0.000, 0.000, 0.000, 0.000, 0.000, 0.000, 0.000, 0.000, 0.000, 0.000, 0.000]
  MODEL_REWARDS(s,a,*): [0.000, 0.000, 0.000, 14.254, 0.000, 0.000, 0.000, 0.000, 0.000, 0.000, 0.000, 0.000, 0.000, 0.000, 0.000, 0.000, 0.000, 0.000, 0.000, 0.000, 0.000, 0.000]
----------------------------------------
[DEBUG] Beta=1.0 Phase=addiction Step=174
  State: 3 -> Action: aw -> Next: 3 (Reward: 0.0)
  Q_MF:  [0.003446, 0.036726, 0.000377, 0.000000, 0.000328, 0.002183, 0.002839, 0.001511, 0.000917]
  Q_MB:  [0.000000, 0.000000, 0.000000, 0.000000, 0.000000, 0.000000, 0.000000, 0.000000, 0.000000]
  Q_MIX: [0.000000, 0.000000, 0.000000, 0.000000, 0.000000, 0.000000, 0.000000, 0.000000, 0.000000]
  MODEL_COUNTS(s,a,*):  [0.000, 0.000, 0.000, 2.653, 0.000, 0.000, 0.000, 0.000, 0.000, 0.000, 0.000, 0.000, 0.000, 0.000, 0.000, 0.000, 0.000, 0.000, 0.000, 0.000, 0.000, 0.000]
  MODEL_REWARDS(s,a,*): [0.000, 0.000, 0.000, 0.000, 0.000, 0.000, 0.000, 0.000, 0.000, 0.000, 0.000, 0.000, 0.000, 0.000, 0.000, 0.000, 0.000, 0.000, 0.000, 0.000, 0.000, 0.000]
----------------------------------------
[DEBUG] Beta=1.0 Phase=addiction Step=175
  State: 3 -> Action: as3 -> Next: 2 (Reward: 0.0)
  Q_MF:  [0.003446, 0.036726, 0.000377, 0.000000, 0.000328, 0.002183, 0.002839, 0.001511, 0.002524]
  Q_MB:  [0.635503, 0.709723, 0.635503, 0.534390, 0.635503, 0.635503, 0.635503, 0.635503, 0.635503]
  Q_MIX: [0.635503, 0.709723, 0.635503, 0.534390, 0.635503, 0.635503, 0.635503, 0.635503, 0.635503]
  MODEL_COUNTS(s,a,*):  [0.000, 0.000, 14.358, 1.095, 0.000, 0.000, 0.000, 0.000, 0.000, 0.000, 0.000, 0.000, 0.000, 0.000, 0.000, 0.000, 0.000, 0.000, 0.000, 0.000, 0.000, 0.000]
  MODEL_REWARDS(s,a,*): [0.000, 0.000, 0.000, 0.000, 0.000, 0.000, 0.000, 0.000, 0.000, 0.000, 0.000, 0.000, 0.000, 0.000, 0.000, 0.000, 0.000, 0.000, 0.000, 0.000, 0.000, 0.000]
----------------------------------------
[DEBUG] Beta=1.0 Phase=addiction Step=176
  State: 2 -> Action: as2 -> Next: 1 (Reward: 0.0)
  Q_MF:  [0.139389, 0.000000, 0.000000, 0.001520, 0.005960, 0.000713, 0.000000, 0.002426, 0.004167]
  Q_MB:  [0.785086, 0.706576, 0.706576, 0.706576, 0.706576, 0.706576, 0.706576, 0.706576, 0.706576]
  Q_MIX: [0.785086, 0.706576, 0.706576, 0.706576, 0.706576, 0.706576, 0.706576, 0.706576, 0.706576]
  MODEL_COUNTS(s,a,*):  [0.000, 15.228, 0.206, 0.000, 0.000, 0.000, 0.000, 0.000, 0.000, 0.000, 0.000, 0.000, 0.000, 0.000, 0.000, 0.000, 0.000, 0.000, 0.000, 0.000, 0.000, 0.000]
  MODEL_REWARDS(s,a,*): [0.000, 0.000, 0.000, 0.000, 0.000, 0.000, 0.000, 0.000, 0.000, 0.000, 0.000, 0.000, 0.000, 0.000, 0.000, 0.000, 0.000, 0.000, 0.000, 0.000, 0.000, 0.000]
----------------------------------------
[DEBUG] Beta=1.0 Phase=addiction Step=177
  State: 1 -> Action: as3 -> Next: 2 (Reward: 0.0)
  Q_MF:  [0.002884, 0.004638, 0.016013, 0.000000, 0.013769, 0.000000, 0.372144, 0.009289, 0.007193]
  Q_MB:  [0.000000, 0.000000, 0.000000, 0.000000, 0.000000, 0.000000, 0.000000, 0.000000, 0.000000]
  Q_MIX: [0.000000, 0.000000, 0.000000, 0.000000, 0.000000, 0.000000, 0.000000, 0.000000, 0.000000]
  MODEL_COUNTS(s,a,*):  [0.000, 0.204, 4.774, 0.000, 0.000, 0.000, 0.000, 0.000, 0.000, 0.000, 0.000, 0.000, 0.000, 0.000, 0.000, 0.000, 0.000, 0.000, 0.000, 0.000, 0.000, 0.000]
  MODEL_REWARDS(s,a,*): [0.000, 0.000, 0.000, 0.000, 0.000, 0.000, 0.000, 0.000, 0.000, 0.000, 0.000, 0.000, 0.000, 0.000, 0.000, 0.000, 0.000, 0.000, 0.000, 0.000, 0.000, 0.000]
----------------------------------------
[DEBUG] Beta=1.0 Phase=addiction Step=178
  State: 2 -> Action: as2 -> Next: 1 (Reward: 0.0)
  Q_MF:  [0.149166, 0.000000, 0.000000, 0.001520, 0.005960, 0.000713, 0.000000, 0.002426, 0.004167]
  Q_MB:  [0.795684, 0.716013, 0.716013, 0.716013, 0.716013, 0.716013, 0.716013, 0.716013, 0.716013]
  Q_MIX: [0.795684, 0.716013, 0.716013, 0.716013, 0.716013, 0.716013, 0.716013, 0.716013, 0.716013]
  MODEL_COUNTS(s,a,*):  [0.000, 15.925, 0.202, 0.000, 0.000, 0.000, 0.000, 0.000, 0.000, 0.000, 0.000, 0.000, 0.000, 0.000, 0.000, 0.000, 0.000, 0.000, 0.000, 0.000, 0.000, 0.000]
  MODEL_REWARDS(s,a,*): [0.000, 0.000, 0.000, 0.000, 0.000, 0.000, 0.000, 0.000, 0.000, 0.000, 0.000, 0.000, 0.000, 0.000, 0.000, 0.000, 0.000, 0.000, 0.000, 0.000, 0.000, 0.000]
----------------------------------------
[DEBUG] Beta=1.0 Phase=addiction Step=179
  State: 1 -> Action: ag -> Next: 0 (Reward: 0.0)
  Q_MF:  [0.002884, 0.011119, 0.016013, 0.000000, 0.013769, 0.000000, 0.372144, 0.009289, 0.007193]
  Q_MB:  [0.786224, 0.032264, 0.786224, 0.786224, 0.786224, 0.786224, 0.896832, 0.786224, 0.786224]
  Q_MIX: [0.786224, 0.032264, 0.786224, 0.786224, 0.786224, 0.786224, 0.896832, 0.786224, 0.786224]
  MODEL_COUNTS(s,a,*):  [14.262, 0.200, 0.000, 0.000, 0.000, 0.000, 0.000, 0.000, 0.000, 0.000, 0.000, 0.000, 0.000, 0.000, 0.000, 0.000, 0.000, 0.000, 0.000, 0.000, 0.000, 0.000]
  MODEL_REWARDS(s,a,*): [0.000, 0.000, 0.000, 0.000, 0.000, 0.000, 0.000, 0.000, 0.000, 0.000, 0.000, 0.000, 0.000, 0.000, 0.000, 0.000, 0.000, 0.000, 0.000, 0.000, 0.000, 0.000]
----------------------------------------
[DEBUG] Beta=1.0 Phase=addiction Step=180
  State: 0 -> Action: ag -> Next: 3 (Reward: 1.0)
  Q_MF:  [0.000000, 0.000000, 0.018060, 0.000000, 0.000000, 0.000000, 0.771168, 0.000000, 0.000000]
  Q_MB:  [0.898659, 0.898659, 0.898659, 0.898659, 0.898659, 0.898659, 0.998510, 0.898659, 0.898659]
  Q_MIX: [0.898659, 0.898659, 0.898659, 0.898659, 0.898659, 0.898659, 0.998510, 0.898659, 0.898659]
  MODEL_COUNTS(s,a,*):  [0.198, 0.000, 0.000, 14.286, 0.000, 0.000, 0.000, 0.000, 0.000, 0.000, 0.000, 0.000, 0.000, 0.000, 0.000, 0.000, 0.000, 0.000, 0.000, 0.000, 0.000, 0.000]
  MODEL_REWARDS(s,a,*): [0.000, 0.000, 0.000, 14.286, 0.000, 0.000, 0.000, 0.000, 0.000, 0.000, 0.000, 0.000, 0.000, 0.000, 0.000, 0.000, 0.000, 0.000, 0.000, 0.000, 0.000, 0.000]
----------------------------------------
[DEBUG] Beta=1.0 Phase=addiction Step=181
  State: 3 -> Action: ad -> Next: 3 (Reward: 0.0)
  Q_MF:  [0.003446, 0.041163, 0.000377, 0.000000, 0.000328, 0.002183, 0.002839, 0.001511, 0.002524]
  Q_MB:  [0.000000, 0.000000, 0.000000, 0.000000, 0.000000, 0.000000, 0.000000, 0.000000, 0.000000]
  Q_MIX: [0.000000, 0.000000, 0.000000, 0.000000, 0.000000, 0.000000, 0.000000, 0.000000, 0.000000]
  MODEL_COUNTS(s,a,*):  [0.000, 0.000, 0.000, 3.271, 0.000, 0.000, 0.000, 0.000, 0.000, 0.000, 0.000, 0.000, 0.000, 0.000, 0.000, 0.000, 0.000, 0.000, 0.000, 0.000, 0.000, 0.000]
  MODEL_REWARDS(s,a,*): [0.000, 0.000, 0.000, 0.000, 0.000, 0.000, 0.000, 0.000, 0.000, 0.000, 0.000, 0.000, 0.000, 0.000, 0.000, 0.000, 0.000, 0.000, 0.000, 0.000, 0.000, 0.000]
----------------------------------------
[DEBUG] Beta=1.0 Phase=addiction Step=182
  State: 3 -> Action: as4 -> Next: 3 (Reward: 0.0)
  Q_MF:  [0.003446, 0.041163, 0.000377, 0.000000, 0.000328, 0.002183, 0.002839, 0.003288, 0.002524]
  Q_MB:  [0.000000, 0.000000, 0.000000, 0.000000, 0.000000, 0.000000, 0.000000, 0.000000, 0.000000]
  Q_MIX: [0.000000, 0.000000, 0.000000, 0.000000, 0.000000, 0.000000, 0.000000, 0.000000, 0.000000]
  MODEL_COUNTS(s,a,*):  [0.000, 0.000, 0.000, 2.177, 0.000, 0.000, 0.000, 0.000, 0.000, 0.000, 0.000, 0.000, 0.000, 0.000, 0.000, 0.000, 0.000, 0.000, 0.000, 0.000, 0.000, 0.000]
  MODEL_REWARDS(s,a,*): [0.000, 0.000, 0.000, 0.000, 0.000, 0.000, 0.000, 0.000, 0.000, 0.000, 0.000, 0.000, 0.000, 0.000, 0.000, 0.000, 0.000, 0.000, 0.000, 0.000, 0.000, 0.000]
----------------------------------------
[DEBUG] Beta=1.0 Phase=addiction Step=183
  State: 3 -> Action: as7 -> Next: 3 (Reward: 0.0)
  Q_MF:  [0.003446, 0.041163, 0.002210, 0.000000, 0.000328, 0.002183, 0.002839, 0.003288, 0.002524]
  Q_MB:  [0.000000, 0.000000, 0.000000, 0.000000, 0.000000, 0.000000, 0.000000, 0.000000, 0.000000]
  Q_MIX: [0.000000, 0.000000, 0.000000, 0.000000, 0.000000, 0.000000, 0.000000, 0.000000, 0.000000]
  MODEL_COUNTS(s,a,*):  [0.000, 0.000, 0.000, 4.355, 0.000, 0.000, 0.000, 0.000, 0.000, 0.000, 0.000, 0.000, 0.000, 0.000, 0.000, 0.000, 0.000, 0.000, 0.000, 0.000, 0.000, 0.000]
  MODEL_REWARDS(s,a,*): [0.000, 0.000, 0.000, 0.000, 0.000, 0.000, 0.000, 0.000, 0.000, 0.000, 0.000, 0.000, 0.000, 0.000, 0.000, 0.000, 0.000, 0.000, 0.000, 0.000, 0.000, 0.000]
----------------------------------------
[DEBUG] Beta=1.0 Phase=addiction Step=184
  State: 3 -> Action: as3 -> Next: 2 (Reward: 0.0)
  Q_MF:  [0.003446, 0.041163, 0.002210, 0.000000, 0.000328, 0.003926, 0.002839, 0.003288, 0.002524]
  Q_MB:  [0.000000, 0.666110, 0.000000, 0.000000, 0.000000, 0.000000, 0.000000, 0.000000, 0.000000]
  Q_MIX: [0.000000, 0.666110, 0.000000, 0.000000, 0.000000, 0.000000, 0.000000, 0.000000, 0.000000]
  MODEL_COUNTS(s,a,*):  [0.000, 0.000, 14.116, 1.000, 0.000, 0.000, 0.000, 0.000, 0.000, 0.000, 0.000, 0.000, 0.000, 0.000, 0.000, 0.000, 0.000, 0.000, 0.000, 0.000, 0.000, 0.000]
  MODEL_REWARDS(s,a,*): [0.000, 0.000, 0.000, 0.000, 0.000, 0.000, 0.000, 0.000, 0.000, 0.000, 0.000, 0.000, 0.000, 0.000, 0.000, 0.000, 0.000, 0.000, 0.000, 0.000, 0.000, 0.000]
----------------------------------------
[DEBUG] Beta=1.0 Phase=addiction Step=185
  State: 2 -> Action: as2 -> Next: 1 (Reward: 0.0)
  Q_MF:  [0.158455, 0.000000, 0.000000, 0.001520, 0.005960, 0.000713, 0.000000, 0.002426, 0.004167]
  Q_MB:  [0.787558, 0.000000, 0.000000, 0.000000, 0.000000, 0.000000, 0.000000, 0.000000, 0.000000]
  Q_MIX: [0.787558, 0.000000, 0.000000, 0.000000, 0.000000, 0.000000, 0.000000, 0.000000, 0.000000]
  MODEL_COUNTS(s,a,*):  [0.000, 15.843, 0.188, 0.000, 0.000, 0.000, 0.000, 0.000, 0.000, 0.000, 0.000, 0.000, 0.000, 0.000, 0.000, 0.000, 0.000, 0.000, 0.000, 0.000, 0.000, 0.000]
  MODEL_REWARDS(s,a,*): [0.000, 0.000, 0.000, 0.000, 0.000, 0.000, 0.000, 0.000, 0.000, 0.000, 0.000, 0.000, 0.000, 0.000, 0.000, 0.000, 0.000, 0.000, 0.000, 0.000, 0.000, 0.000]
----------------------------------------
[DEBUG] Beta=1.0 Phase=addiction Step=186
  State: 1 -> Action: ag -> Next: 0 (Reward: 0.0)
  Q_MF:  [0.002884, 0.011119, 0.016013, 0.000000, 0.013769, 0.000000, 0.388239, 0.009289, 0.007193]
  Q_MB:  [0.807499, 0.720793, 0.807499, 0.807499, 0.807499, 0.807499, 1.425066, 0.807499, 0.807499]
  Q_MIX: [0.807499, 0.720793, 0.807499, 0.807499, 0.807499, 0.807499, 1.425066, 0.807499, 0.807499]
  MODEL_COUNTS(s,a,*):  [14.293, 0.187, 0.000, 0.000, 0.000, 0.000, 0.000, 0.000, 0.000, 0.000, 0.000, 0.000, 0.000, 0.000, 0.000, 0.000, 0.000, 0.000, 0.000, 0.000, 0.000, 0.000]
  MODEL_REWARDS(s,a,*): [0.000, 0.000, 0.000, 0.000, 0.000, 0.000, 0.000, 0.000, 0.000, 0.000, 0.000, 0.000, 0.000, 0.000, 0.000, 0.000, 0.000, 0.000, 0.000, 0.000, 0.000, 0.000]
----------------------------------------
[DEBUG] Beta=1.0 Phase=addiction Step=187
  State: 0 -> Action: ag -> Next: 3 (Reward: 1.0)
  Q_MF:  [0.000000, 0.000000, 0.018060, 0.000000, 0.000000, 0.000000, 0.784462, 0.000000, 0.000000]
  Q_MB:  [0.898753, 0.898753, 0.898753, 0.898753, 0.898753, 0.898753, 1.635926, 0.898753, 0.898753]
  Q_MIX: [0.898753, 0.898753, 0.898753, 0.898753, 0.898753, 0.898753, 1.635926, 0.898753, 0.898753]
  MODEL_COUNTS(s,a,*):  [0.185, 0.000, 0.000, 14.315, 0.000, 0.000, 0.000, 0.000, 0.000, 0.000, 0.000, 0.000, 0.000, 0.000, 0.000, 0.000, 0.000, 0.000, 0.000, 0.000, 0.000, 0.000]
  MODEL_REWARDS(s,a,*): [0.000, 0.000, 0.000, 14.315, 0.000, 0.000, 0.000, 0.000, 0.000, 0.000, 0.000, 0.000, 0.000, 0.000, 0.000, 0.000, 0.000, 0.000, 0.000, 0.000, 0.000, 0.000]
----------------------------------------
[DEBUG] Beta=1.0 Phase=addiction Step=188
  State: 3 -> Action: as3 -> Next: 2 (Reward: 0.0)
  Q_MF:  [0.003446, 0.046235, 0.002210, 0.000000, 0.000328, 0.003926, 0.002839, 0.003288, 0.002524]
  Q_MB:  [0.000000, 0.662644, 0.000000, 0.000000, 0.000000, 0.000000, 0.000000, 0.000000, 0.000000]
  Q_MIX: [0.000000, 0.662644, 0.000000, 0.000000, 0.000000, 0.000000, 0.000000, 0.000000, 0.000000]
  MODEL_COUNTS(s,a,*):  [0.000, 0.000, 14.560, 0.961, 0.000, 0.000, 0.000, 0.000, 0.000, 0.000, 0.000, 0.000, 0.000, 0.000, 0.000, 0.000, 0.000, 0.000, 0.000, 0.000, 0.000, 0.000]
  MODEL_REWARDS(s,a,*): [0.000, 0.000, 0.000, 0.000, 0.000, 0.000, 0.000, 0.000, 0.000, 0.000, 0.000, 0.000, 0.000, 0.000, 0.000, 0.000, 0.000, 0.000, 0.000, 0.000, 0.000, 0.000]
----------------------------------------
[DEBUG] Beta=1.0 Phase=addiction Step=189
  State: 2 -> Action: as6 -> Next: 2 (Reward: 0.0)
  Q_MF:  [0.168003, 0.000000, 0.000000, 0.001520, 0.005960, 0.000713, 0.000000, 0.002426, 0.004167]
  Q_MB:  [0.000000, 0.000000, 0.000000, 0.000000, 0.000000, 0.000000, 0.000000, 0.000000, 0.000000]
  Q_MIX: [0.000000, 0.000000, 0.000000, 0.000000, 0.000000, 0.000000, 0.000000, 0.000000, 0.000000]
  MODEL_COUNTS(s,a,*):  [0.000, 0.000, 2.713, 0.000, 0.000, 0.000, 0.000, 0.000, 0.000, 0.000, 0.000, 0.000, 0.000, 0.000, 0.000, 0.000, 0.000, 0.000, 0.000, 0.000, 0.000, 0.000]
  MODEL_REWARDS(s,a,*): [0.000, 0.000, 0.000, 0.000, 0.000, 0.000, 0.000, 0.000, 0.000, 0.000, 0.000, 0.000, 0.000, 0.000, 0.000, 0.000, 0.000, 0.000, 0.000, 0.000, 0.000, 0.000]
----------------------------------------
[DEBUG] Beta=1.0 Phase=addiction Step=190
  State: 2 -> Action: ad -> Next: 2 (Reward: 0.0)
  Q_MF:  [0.168003, 0.000000, 0.000000, 0.001520, 0.013222, 0.000713, 0.000000, 0.002426, 0.004167]
  Q_MB:  [0.000000, 0.000000, 0.000000, 0.000000, 0.000000, 0.000000, 0.000000, 0.000000, 0.000000]
  Q_MIX: [0.000000, 0.000000, 0.000000, 0.000000, 0.000000, 0.000000, 0.000000, 0.000000, 0.000000]
  MODEL_COUNTS(s,a,*):  [0.000, 0.000, 1.804, 0.000, 0.000, 0.000, 0.000, 0.000, 0.000, 0.000, 0.000, 0.000, 0.000, 0.000, 0.000, 0.000, 0.000, 0.000, 0.000, 0.000, 0.000, 0.000]
  MODEL_REWARDS(s,a,*): [0.000, 0.000, 0.000, 0.000, 0.000, 0.000, 0.000, 0.000, 0.000, 0.000, 0.000, 0.000, 0.000, 0.000, 0.000, 0.000, 0.000, 0.000, 0.000, 0.000, 0.000, 0.000]
----------------------------------------
[DEBUG] Beta=1.0 Phase=addiction Step=191
  State: 2 -> Action: as2 -> Next: 1 (Reward: 0.0)
  Q_MF:  [0.168003, 0.000000, 0.000000, 0.001520, 0.013222, 0.000713, 0.000000, 0.009865, 0.004167]
  Q_MB:  [0.797588, 0.709513, 0.709513, 0.709513, 0.709513, 0.709513, 0.709513, 0.709513, 0.709513]
  Q_MIX: [0.797588, 0.709513, 0.709513, 0.709513, 0.709513, 0.709513, 0.709513, 0.709513, 0.709513]
  MODEL_COUNTS(s,a,*):  [0.000, 15.916, 0.177, 0.000, 0.000, 0.000, 0.000, 0.000, 0.000, 0.000, 0.000, 0.000, 0.000, 0.000, 0.000, 0.000, 0.000, 0.000, 0.000, 0.000, 0.000, 0.000]
  MODEL_REWARDS(s,a,*): [0.000, 0.000, 0.000, 0.000, 0.000, 0.000, 0.000, 0.000, 0.000, 0.000, 0.000, 0.000, 0.000, 0.000, 0.000, 0.000, 0.000, 0.000, 0.000, 0.000, 0.000, 0.000]
----------------------------------------
[DEBUG] Beta=1.0 Phase=addiction Step=192
  State: 1 -> Action: ag -> Next: 0 (Reward: 0.0)
  Q_MF:  [0.002884, 0.011119, 0.016013, 0.000000, 0.013769, 0.000000, 0.404128, 0.009289, 0.007193]
  Q_MB:  [0.798426, 0.714261, 0.798426, 0.798426, 0.798426, 0.798426, 0.897545, 0.798426, 0.798426]
  Q_MIX: [0.798426, 0.714261, 0.798426, 0.798426, 0.798426, 0.798426, 0.897545, 0.798426, 0.798426]
  MODEL_COUNTS(s,a,*):  [14.457, 0.176, 0.000, 0.000, 0.000, 0.000, 0.000, 0.000, 0.000, 0.000, 0.000, 0.000, 0.000, 0.000, 0.000, 0.000, 0.000, 0.000, 0.000, 0.000, 0.000, 0.000]
  MODEL_REWARDS(s,a,*): [0.000, 0.000, 0.000, 0.000, 0.000, 0.000, 0.000, 0.000, 0.000, 0.000, 0.000, 0.000, 0.000, 0.000, 0.000, 0.000, 0.000, 0.000, 0.000, 0.000, 0.000, 0.000]
----------------------------------------
[DEBUG] Beta=1.0 Phase=addiction Step=193
  State: 0 -> Action: ag -> Next: 3 (Reward: 1.0)
  Q_MF:  [0.000000, 0.000000, 0.018060, 0.000000, 0.000000, 0.000000, 0.797320, 0.000000, 0.000000]
  Q_MB:  [0.898839, 0.898839, 0.898839, 0.898839, 0.898839, 0.898839, 1.625908, 0.898839, 0.898839]
  Q_MIX: [0.898839, 0.898839, 0.898839, 0.898839, 0.898839, 0.898839, 1.625908, 0.898839, 0.898839]
  MODEL_COUNTS(s,a,*):  [0.174, 0.000, 0.000, 14.478, 0.000, 0.000, 0.000, 0.000, 0.000, 0.000, 0.000, 0.000, 0.000, 0.000, 0.000, 0.000, 0.000, 0.000, 0.000, 0.000, 0.000, 0.000]
  MODEL_REWARDS(s,a,*): [0.000, 0.000, 0.000, 14.478, 0.000, 0.000, 0.000, 0.000, 0.000, 0.000, 0.000, 0.000, 0.000, 0.000, 0.000, 0.000, 0.000, 0.000, 0.000, 0.000, 0.000, 0.000]
----------------------------------------
[DEBUG] Beta=1.0 Phase=addiction Step=194
  State: 3 -> Action: as7 -> Next: 3 (Reward: 0.0)
  Q_MF:  [0.003446, 0.051483, 0.002210, 0.000000, 0.000328, 0.003926, 0.002839, 0.003288, 0.002524]
  Q_MB:  [0.000000, 0.000000, 0.000000, 0.000000, 0.000000, 0.000000, 0.000000, 0.000000, 0.000000]
  Q_MIX: [0.000000, 0.000000, 0.000000, 0.000000, 0.000000, 0.000000, 0.000000, 0.000000, 0.000000]
  MODEL_COUNTS(s,a,*):  [0.000, 0.000, 0.000, 4.899, 0.000, 0.000, 0.000, 0.000, 0.000, 0.000, 0.000, 0.000, 0.000, 0.000, 0.000, 0.000, 0.000, 0.000, 0.000, 0.000, 0.000, 0.000]
  MODEL_REWARDS(s,a,*): [0.000, 0.000, 0.000, 0.000, 0.000, 0.000, 0.000, 0.000, 0.000, 0.000, 0.000, 0.000, 0.000, 0.000, 0.000, 0.000, 0.000, 0.000, 0.000, 0.000, 0.000, 0.000]
----------------------------------------
[DEBUG] Beta=1.0 Phase=addiction Step=195
  State: 3 -> Action: as7 -> Next: 3 (Reward: 0.0)
  Q_MF:  [0.003446, 0.051483, 0.002210, 0.000000, 0.000328, 0.006047, 0.002839, 0.003288, 0.002524]
  Q_MB:  [0.000000, 0.000000, 0.000000, 0.000000, 0.000000, 0.000000, 0.000000, 0.000000, 0.000000]
  Q_MIX: [0.000000, 0.000000, 0.000000, 0.000000, 0.000000, 0.000000, 0.000000, 0.000000, 0.000000]
  MODEL_COUNTS(s,a,*):  [0.000, 0.000, 0.000, 5.850, 0.000, 0.000, 0.000, 0.000, 0.000, 0.000, 0.000, 0.000, 0.000, 0.000, 0.000, 0.000, 0.000, 0.000, 0.000, 0.000, 0.000, 0.000]
  MODEL_REWARDS(s,a,*): [0.000, 0.000, 0.000, 0.000, 0.000, 0.000, 0.000, 0.000, 0.000, 0.000, 0.000, 0.000, 0.000, 0.000, 0.000, 0.000, 0.000, 0.000, 0.000, 0.000, 0.000, 0.000]
----------------------------------------
[DEBUG] Beta=1.0 Phase=addiction Step=196
  State: 3 -> Action: ad -> Next: 3 (Reward: 0.0)
  Q_MF:  [0.003446, 0.051483, 0.002210, 0.000000, 0.000328, 0.008061, 0.002839, 0.003288, 0.002524]
  Q_MB:  [0.000000, 0.000000, 0.000000, 0.000000, 0.000000, 0.000000, 0.000000, 0.000000, 0.000000]
  Q_MIX: [0.000000, 0.000000, 0.000000, 0.000000, 0.000000, 0.000000, 0.000000, 0.000000, 0.000000]
  MODEL_COUNTS(s,a,*):  [0.000, 0.000, 0.000, 3.813, 0.000, 0.000, 0.000, 0.000, 0.000, 0.000, 0.000, 0.000, 0.000, 0.000, 0.000, 0.000, 0.000, 0.000, 0.000, 0.000, 0.000, 0.000]
  MODEL_REWARDS(s,a,*): [0.000, 0.000, 0.000, 0.000, 0.000, 0.000, 0.000, 0.000, 0.000, 0.000, 0.000, 0.000, 0.000, 0.000, 0.000, 0.000, 0.000, 0.000, 0.000, 0.000, 0.000, 0.000]
----------------------------------------
[DEBUG] Beta=1.0 Phase=addiction Step=197
  State: 3 -> Action: ad -> Next: 3 (Reward: 0.0)
  Q_MF:  [0.003446, 0.051483, 0.002210, 0.000000, 0.000328, 0.008061, 0.002839, 0.005440, 0.002524]
  Q_MB:  [0.000000, 0.000000, 0.000000, 0.000000, 0.000000, 0.000000, 0.000000, 0.000000, 0.000000]
  Q_MIX: [0.000000, 0.000000, 0.000000, 0.000000, 0.000000, 0.000000, 0.000000, 0.000000, 0.000000]
  MODEL_COUNTS(s,a,*):  [0.000, 0.000, 0.000, 4.775, 0.000, 0.000, 0.000, 0.000, 0.000, 0.000, 0.000, 0.000, 0.000, 0.000, 0.000, 0.000, 0.000, 0.000, 0.000, 0.000, 0.000, 0.000]
  MODEL_REWARDS(s,a,*): [0.000, 0.000, 0.000, 0.000, 0.000, 0.000, 0.000, 0.000, 0.000, 0.000, 0.000, 0.000, 0.000, 0.000, 0.000, 0.000, 0.000, 0.000, 0.000, 0.000, 0.000, 0.000]
----------------------------------------
[DEBUG] Beta=1.0 Phase=addiction Step=198
  State: 3 -> Action: as3 -> Next: 2 (Reward: 0.0)
  Q_MF:  [0.003446, 0.051483, 0.002210, 0.000000, 0.000328, 0.008061, 0.002839, 0.007485, 0.002524]
  Q_MB:  [0.640841, 0.714138, 0.640841, 0.135282, 0.640841, 0.640841, 0.640841, 0.640841, 0.640841]
  Q_MIX: [0.640841, 0.714138, 0.640841, 0.135282, 0.640841, 0.640841, 0.640841, 0.640841, 0.640841]
  MODEL_COUNTS(s,a,*):  [0.000, 0.000, 14.168, 0.869, 0.000, 0.000, 0.000, 0.000, 0.000, 0.000, 0.000, 0.000, 0.000, 0.000, 0.000, 0.000, 0.000, 0.000, 0.000, 0.000, 0.000, 0.000]
  MODEL_REWARDS(s,a,*): [0.000, 0.000, 0.000, 0.000, 0.000, 0.000, 0.000, 0.000, 0.000, 0.000, 0.000, 0.000, 0.000, 0.000, 0.000, 0.000, 0.000, 0.000, 0.000, 0.000, 0.000, 0.000]
----------------------------------------
[DEBUG] Beta=1.0 Phase=addiction Step=199
  State: 2 -> Action: as2 -> Next: 1 (Reward: 0.0)
  Q_MF:  [0.177788, 0.000000, 0.000000, 0.001520, 0.013222, 0.000713, 0.000000, 0.009865, 0.004167]
  Q_MB:  [0.807050, 0.726179, 0.726179, 0.726179, 0.726179, 0.726179, 0.726179, 0.726179, 0.726179]
  Q_MIX: [0.807050, 0.726179, 0.726179, 0.726179, 0.726179, 0.726179, 0.726179, 0.726179, 0.726179]
  MODEL_COUNTS(s,a,*):  [0.000, 15.687, 0.164, 0.000, 0.000, 0.000, 0.000, 0.000, 0.000, 0.000, 0.000, 0.000, 0.000, 0.000, 0.000, 0.000, 0.000, 0.000, 0.000, 0.000, 0.000, 0.000]
  MODEL_REWARDS(s,a,*): [0.000, 0.000, 0.000, 0.000, 0.000, 0.000, 0.000, 0.000, 0.000, 0.000, 0.000, 0.000, 0.000, 0.000, 0.000, 0.000, 0.000, 0.000, 0.000, 0.000, 0.000, 0.000]
----------------------------------------
[DEBUG] Beta=1.0 Phase=addiction Step=200
  State: 1 -> Action: ag -> Next: 0 (Reward: 0.0)
  Q_MF:  [0.002884, 0.011119, 0.016013, 0.000000, 0.013769, 0.000000, 0.419801, 0.009289, 0.007193]
  Q_MB:  [0.807860, 0.715891, 0.807860, 0.807860, 0.807860, 0.807860, 0.897725, 0.807860, 0.807860]
  Q_MIX: [0.807860, 0.715891, 0.807860, 0.807860, 0.807860, 0.807860, 0.897725, 0.807860, 0.807860]
  MODEL_COUNTS(s,a,*):  [14.340, 0.162, 0.000, 0.000, 0.000, 0.000, 0.000, 0.000, 0.000, 0.000, 0.000, 0.000, 0.000, 0.000, 0.000, 0.000, 0.000, 0.000, 0.000, 0.000, 0.000, 0.000]
  MODEL_REWARDS(s,a,*): [0.000, 0.000, 0.000, 0.000, 0.000, 0.000, 0.000, 0.000, 0.000, 0.000, 0.000, 0.000, 0.000, 0.000, 0.000, 0.000, 0.000, 0.000, 0.000, 0.000, 0.000, 0.000]
----------------------------------------
[DEBUG] Beta=1.0 Phase=addiction Step=201
  State: 0 -> Action: ag -> Next: 3 (Reward: 1.0)
  Q_MF:  [0.000000, 0.000000, 0.018060, 0.000000, 0.000000, 0.000000, 0.809770, 0.000000, 0.000000]
  Q_MB:  [0.898817, 0.898817, 0.898817, 0.898817, 0.898817, 0.898817, 0.998799, 0.898817, 0.898817]
  Q_MIX: [0.898817, 0.898817, 0.898817, 0.898817, 0.898817, 0.898817, 0.998799, 0.898817, 0.898817]
  MODEL_COUNTS(s,a,*):  [0.160, 0.000, 0.000, 14.359, 0.000, 0.000, 0.000, 0.000, 0.000, 0.000, 0.000, 0.000, 0.000, 0.000, 0.000, 0.000, 0.000, 0.000, 0.000, 0.000, 0.000, 0.000]
  MODEL_REWARDS(s,a,*): [0.000, 0.000, 0.000, 14.359, 0.000, 0.000, 0.000, 0.000, 0.000, 0.000, 0.000, 0.000, 0.000, 0.000, 0.000, 0.000, 0.000, 0.000, 0.000, 0.000, 0.000, 0.000]
----------------------------------------
[DEBUG] Beta=1.0 Phase=addiction Step=202
  State: 3 -> Action: as5 -> Next: 4 (Reward: 0.0)
  Q_MF:  [0.003446, 0.056910, 0.002210, 0.000000, 0.000328, 0.008061, 0.002839, 0.007485, 0.002524]
  Q_MB:  [0.000000, 0.000000, 0.000000, 0.000000, 0.000000, 0.000000, 0.000000, 0.000000, 0.000000]
  Q_MIX: [0.000000, 0.000000, 0.000000, 0.000000, 0.000000, 0.000000, 0.000000, 0.000000, 0.000000]
  MODEL_COUNTS(s,a,*):  [0.000, 0.000, 0.000, 0.159, 1.594, 0.000, 0.000, 0.000, 0.000, 0.000, 0.000, 0.000, 0.000, 0.000, 0.000, 0.000, 0.000, 0.000, 0.000, 0.000, 0.000, 0.000]
  MODEL_REWARDS(s,a,*): [0.000, 0.000, 0.000, 0.000, 0.000, 0.000, 0.000, 0.000, 0.000, 0.000, 0.000, 0.000, 0.000, 0.000, 0.000, 0.000, 0.000, 0.000, 0.000, 0.000, 0.000, 0.000]
----------------------------------------
[DEBUG] Beta=1.0 Phase=addiction Step=203
  State: 4 -> Action: as2 -> Next: 4 (Reward: 0.0)
  Q_MF:  [0.000000, 0.000000, 0.000000, 0.000000, 0.000000, 0.000000, 0.000000, 0.000000, 0.000000]
  Q_MB:  [0.000000, 0.000000, 0.000000, 0.000000, 0.000000, 0.000000, 0.000000, 0.000000, 0.000000]
  Q_MIX: [0.000000, 0.000000, 0.000000, 0.000000, 0.000000, 0.000000, 0.000000, 0.000000, 0.000000]
  MODEL_COUNTS(s,a,*):  [0.000, 0.000, 0.000, 0.000, 1.157, 0.000, 0.000, 0.000, 0.000, 0.000, 0.000, 0.000, 0.000, 0.000, 0.000, 0.000, 0.000, 0.000, 0.000, 0.000, 0.000, 0.000]
  MODEL_REWARDS(s,a,*): [0.000, 0.000, 0.000, 0.000, 0.000, 0.000, 0.000, 0.000, 0.000, 0.000, 0.000, 0.000, 0.000, 0.000, 0.000, 0.000, 0.000, 0.000, 0.000, 0.000, 0.000, 0.000]
----------------------------------------
[DEBUG] Beta=1.0 Phase=addiction Step=204
  State: 4 -> Action: as4 -> Next: 3 (Reward: 0.0)
  Q_MF:  [0.000000, 0.000000, 0.000000, 0.000000, 0.000000, 0.000000, 0.000000, 0.000000, 0.000000]
  Q_MB:  [0.000000, 0.000000, 0.000000, 0.000000, 0.000000, 0.000000, 0.000000, 0.000000, 0.000000]
  Q_MIX: [0.000000, 0.000000, 0.000000, 0.000000, 0.000000, 0.000000, 0.000000, 0.000000, 0.000000]
  MODEL_COUNTS(s,a,*):  [0.000, 0.000, 0.000, 1.787, 0.156, 0.000, 0.000, 0.000, 0.000, 0.000, 0.000, 0.000, 0.000, 0.000, 0.000, 0.000, 0.000, 0.000, 0.000, 0.000, 0.000, 0.000]
  MODEL_REWARDS(s,a,*): [0.000, 0.000, 0.000, 0.000, 0.000, 0.000, 0.000, 0.000, 0.000, 0.000, 0.000, 0.000, 0.000, 0.000, 0.000, 0.000, 0.000, 0.000, 0.000, 0.000, 0.000, 0.000]
----------------------------------------
[DEBUG] Beta=1.0 Phase=addiction Step=205
  State: 3 -> Action: as3 -> Next: 2 (Reward: 0.0)
  Q_MF:  [0.003446, 0.056910, 0.002210, 0.000000, 0.000328, 0.008061, 0.002839, 0.007485, 0.002524]
  Q_MB:  [0.649387, 0.722010, 0.649387, 0.547728, 0.649387, 0.649387, 0.649387, 0.649387, 0.649387]
  Q_MIX: [0.649387, 0.722010, 0.649387, 0.547728, 0.649387, 0.649387, 0.649387, 0.649387, 0.649387]
  MODEL_COUNTS(s,a,*):  [0.000, 0.000, 14.205, 0.810, 0.000, 0.000, 0.000, 0.000, 0.000, 0.000, 0.000, 0.000, 0.000, 0.000, 0.000, 0.000, 0.000, 0.000, 0.000, 0.000, 0.000, 0.000]
  MODEL_REWARDS(s,a,*): [0.000, 0.000, 0.000, 0.000, 0.000, 0.000, 0.000, 0.000, 0.000, 0.000, 0.000, 0.000, 0.000, 0.000, 0.000, 0.000, 0.000, 0.000, 0.000, 0.000, 0.000, 0.000]
----------------------------------------
[DEBUG] Beta=1.0 Phase=addiction Step=206
  State: 2 -> Action: aw -> Next: 2 (Reward: 0.0)
  Q_MF:  [0.187790, 0.000000, 0.000000, 0.001520, 0.013222, 0.000713, 0.000000, 0.009865, 0.004167]
  Q_MB:  [0.000000, 0.000000, 0.000000, 0.000000, 0.000000, 0.000000, 0.000000, 0.000000, 0.000000]
  Q_MIX: [0.000000, 0.000000, 0.000000, 0.000000, 0.000000, 0.000000, 0.000000, 0.000000, 0.000000]
  MODEL_COUNTS(s,a,*):  [0.000, 0.000, 1.947, 0.000, 0.000, 0.000, 0.000, 0.000, 0.000, 0.000, 0.000, 0.000, 0.000, 0.000, 0.000, 0.000, 0.000, 0.000, 0.000, 0.000, 0.000, 0.000]
  MODEL_REWARDS(s,a,*): [0.000, 0.000, 0.000, 0.000, 0.000, 0.000, 0.000, 0.000, 0.000, 0.000, 0.000, 0.000, 0.000, 0.000, 0.000, 0.000, 0.000, 0.000, 0.000, 0.000, 0.000, 0.000]
----------------------------------------
[DEBUG] Beta=1.0 Phase=addiction Step=207
  State: 2 -> Action: as2 -> Next: 1 (Reward: 0.0)
  Q_MF:  [0.187790, 0.000000, 0.000000, 0.001520, 0.013222, 0.000713, 0.000000, 0.009865, 0.012409]
  Q_MB:  [0.791266, 0.712139, 0.712139, 0.712139, 0.712139, 0.712139, 0.712139, 0.712139, 0.712139]
  Q_MIX: [0.791266, 0.712139, 0.712139, 0.712139, 0.712139, 0.712139, 0.712139, 0.712139, 0.712139]
  MODEL_COUNTS(s,a,*):  [0.000, 15.475, 0.151, 0.000, 0.000, 0.000, 0.000, 0.000, 0.000, 0.000, 0.000, 0.000, 0.000, 0.000, 0.000, 0.000, 0.000, 0.000, 0.000, 0.000, 0.000, 0.000]
  MODEL_REWARDS(s,a,*): [0.000, 0.000, 0.000, 0.000, 0.000, 0.000, 0.000, 0.000, 0.000, 0.000, 0.000, 0.000, 0.000, 0.000, 0.000, 0.000, 0.000, 0.000, 0.000, 0.000, 0.000, 0.000]
----------------------------------------
[DEBUG] Beta=1.0 Phase=addiction Step=208
  State: 1 -> Action: as2 -> Next: 1 (Reward: 0.0)
  Q_MF:  [0.002884, 0.011119, 0.016013, 0.000000, 0.013769, 0.000000, 0.435251, 0.009289, 0.007193]
  Q_MB:  [1.317296, 1.157550, 1.317296, 1.317296, 1.317296, 1.317296, 1.463662, 1.317296, 1.317296]
  Q_MIX: [1.317296, 1.157550, 1.317296, 1.317296, 1.317296, 1.317296, 1.463662, 1.317296, 1.317296]
  MODEL_COUNTS(s,a,*):  [0.000, 1.380, 0.000, 0.000, 0.000, 0.000, 0.000, 0.000, 0.000, 0.000, 0.000, 0.000, 0.000, 0.000, 0.000, 0.000, 0.000, 0.000, 0.000, 0.000, 0.000, 0.000]
  MODEL_REWARDS(s,a,*): [0.000, 0.000, 0.000, 0.000, 0.000, 0.000, 0.000, 0.000, 0.000, 0.000, 0.000, 0.000, 0.000, 0.000, 0.000, 0.000, 0.000, 0.000, 0.000, 0.000, 0.000, 0.000]
----------------------------------------
[DEBUG] Beta=1.0 Phase=addiction Step=209
  State: 1 -> Action: ag -> Next: 0 (Reward: 0.0)
  Q_MF:  [0.022326, 0.011119, 0.016013, 0.000000, 0.013769, 0.000000, 0.435251, 0.009289, 0.007193]
  Q_MB:  [0.808099, 0.729925, 0.808099, 0.808099, 0.808099, 0.808099, 1.437718, 0.808099, 0.808099]
  Q_MIX: [0.808099, 0.729925, 0.808099, 0.808099, 0.808099, 0.808099, 1.437718, 0.808099, 0.808099]
  MODEL_COUNTS(s,a,*):  [14.100, 0.148, 0.000, 0.000, 0.000, 0.000, 0.000, 0.000, 0.000, 0.000, 0.000, 0.000, 0.000, 0.000, 0.000, 0.000, 0.000, 0.000, 0.000, 0.000, 0.000, 0.000]
  MODEL_REWARDS(s,a,*): [0.000, 0.000, 0.000, 0.000, 0.000, 0.000, 0.000, 0.000, 0.000, 0.000, 0.000, 0.000, 0.000, 0.000, 0.000, 0.000, 0.000, 0.000, 0.000, 0.000, 0.000, 0.000]
----------------------------------------
[DEBUG] Beta=1.0 Phase=addiction Step=210
  State: 0 -> Action: ag -> Next: 3 (Reward: 1.0)
  Q_MF:  [0.000000, 0.000000, 0.018060, 0.000000, 0.000000, 0.000000, 0.821843, 0.000000, 0.000000]
  Q_MB:  [0.898994, 0.898994, 0.898994, 0.898994, 0.898994, 0.898994, 1.605373, 0.898994, 0.898994]
  Q_MIX: [0.898994, 0.898994, 0.898994, 0.898994, 0.898994, 0.898994, 1.605373, 0.898994, 0.898994]
  MODEL_COUNTS(s,a,*):  [0.147, 0.000, 0.000, 14.117, 0.000, 0.000, 0.000, 0.000, 0.000, 0.000, 0.000, 0.000, 0.000, 0.000, 0.000, 0.000, 0.000, 0.000, 0.000, 0.000, 0.000, 0.000]
  MODEL_REWARDS(s,a,*): [0.000, 0.000, 0.000, 14.117, 0.000, 0.000, 0.000, 0.000, 0.000, 0.000, 0.000, 0.000, 0.000, 0.000, 0.000, 0.000, 0.000, 0.000, 0.000, 0.000, 0.000, 0.000]
----------------------------------------
[DEBUG] Beta=1.0 Phase=addiction Step=211
  State: 3 -> Action: as4 -> Next: 3 (Reward: 0.0)
  Q_MF:  [0.003446, 0.062515, 0.002210, 0.000000, 0.000328, 0.008061, 0.002839, 0.007485, 0.002524]
  Q_MB:  [0.000000, 0.000000, 0.000000, 0.000000, 0.000000, 0.000000, 0.000000, 0.000000, 0.000000]
  Q_MIX: [0.000000, 0.000000, 0.000000, 0.000000, 0.000000, 0.000000, 0.000000, 0.000000, 0.000000]
  MODEL_COUNTS(s,a,*):  [0.000, 0.000, 0.000, 2.627, 0.000, 0.000, 0.000, 0.000, 0.000, 0.000, 0.000, 0.000, 0.000, 0.000, 0.000, 0.000, 0.000, 0.000, 0.000, 0.000, 0.000, 0.000]
  MODEL_REWARDS(s,a,*): [0.000, 0.000, 0.000, 0.000, 0.000, 0.000, 0.000, 0.000, 0.000, 0.000, 0.000, 0.000, 0.000, 0.000, 0.000, 0.000, 0.000, 0.000, 0.000, 0.000, 0.000, 0.000]
----------------------------------------
[DEBUG] Beta=1.0 Phase=addiction Step=212
  State: 3 -> Action: as2 -> Next: 3 (Reward: 0.0)
  Q_MF:  [0.003446, 0.062515, 0.004913, 0.000000, 0.000328, 0.008061, 0.002839, 0.007485, 0.002524]
  Q_MB:  [0.000000, 0.000000, 0.000000, 0.000000, 0.000000, 0.000000, 0.000000, 0.000000, 0.000000]
  Q_MIX: [0.000000, 0.000000, 0.000000, 0.000000, 0.000000, 0.000000, 0.000000, 0.000000, 0.000000]
  MODEL_COUNTS(s,a,*):  [0.000, 0.000, 0.000, 3.668, 0.000, 0.000, 0.000, 0.000, 0.000, 0.000, 0.000, 0.000, 0.000, 0.000, 0.000, 0.000, 0.000, 0.000, 0.000, 0.000, 0.000, 0.000]
  MODEL_REWARDS(s,a,*): [0.000, 0.000, 0.000, 0.000, 0.000, 0.000, 0.000, 0.000, 0.000, 0.000, 0.000, 0.000, 0.000, 0.000, 0.000, 0.000, 0.000, 0.000, 0.000, 0.000, 0.000, 0.000]
----------------------------------------
[DEBUG] Beta=1.0 Phase=addiction Step=213
  State: 3 -> Action: as3 -> Next: 2 (Reward: 0.0)
  Q_MF:  [0.006087, 0.062515, 0.004913, 0.000000, 0.000328, 0.008061, 0.002839, 0.007485, 0.002524]
  Q_MB:  [0.000000, 0.000000, 0.000000, 0.000000, 0.000000, 0.000000, 0.000000, 0.000000, 0.000000]
  Q_MIX: [0.000000, 0.000000, 0.000000, 0.000000, 0.000000, 0.000000, 0.000000, 0.000000, 0.000000]
  MODEL_COUNTS(s,a,*):  [0.000, 0.000, 14.108, 0.747, 0.000, 0.000, 0.000, 0.000, 0.000, 0.000, 0.000, 0.000, 0.000, 0.000, 0.000, 0.000, 0.000, 0.000, 0.000, 0.000, 0.000, 0.000]
  MODEL_REWARDS(s,a,*): [0.000, 0.000, 0.000, 0.000, 0.000, 0.000, 0.000, 0.000, 0.000, 0.000, 0.000, 0.000, 0.000, 0.000, 0.000, 0.000, 0.000, 0.000, 0.000, 0.000, 0.000, 0.000]
----------------------------------------
[DEBUG] Beta=1.0 Phase=addiction Step=214
  State: 2 -> Action: as2 -> Next: 1 (Reward: 0.0)
  Q_MF:  [0.197987, 0.000000, 0.000000, 0.001520, 0.013222, 0.000713, 0.000000, 0.009865, 0.012409]
  Q_MB:  [0.799981, 0.719929, 0.719929, 0.719929, 0.719929, 0.719929, 0.719929, 0.719929, 0.719929]
  Q_MIX: [0.799981, 0.719929, 0.719929, 0.719929, 0.719929, 0.719929, 0.719929, 0.719929, 0.719929]
  MODEL_COUNTS(s,a,*):  [0.000, 15.424, 0.141, 0.000, 0.000, 0.000, 0.000, 0.000, 0.000, 0.000, 0.000, 0.000, 0.000, 0.000, 0.000, 0.000, 0.000, 0.000, 0.000, 0.000, 0.000, 0.000]
  MODEL_REWARDS(s,a,*): [0.000, 0.000, 0.000, 0.000, 0.000, 0.000, 0.000, 0.000, 0.000, 0.000, 0.000, 0.000, 0.000, 0.000, 0.000, 0.000, 0.000, 0.000, 0.000, 0.000, 0.000, 0.000]
----------------------------------------
[DEBUG] Beta=1.0 Phase=addiction Step=215
  State: 1 -> Action: ag -> Next: 0 (Reward: 0.0)
  Q_MF:  [0.022326, 0.011119, 0.016013, 0.000000, 0.013769, 0.000000, 0.450471, 0.009289, 0.007193]
  Q_MB:  [1.301588, 1.175717, 1.301588, 1.301588, 1.301588, 1.301588, 1.451281, 1.301588, 1.301588]
  Q_MIX: [1.301588, 1.175717, 1.301588, 1.301588, 1.301588, 1.301588, 1.451281, 1.301588, 1.301588]
  MODEL_COUNTS(s,a,*):  [14.275, 0.139, 0.000, 0.000, 0.000, 0.000, 0.000, 0.000, 0.000, 0.000, 0.000, 0.000, 0.000, 0.000, 0.000, 0.000, 0.000, 0.000, 0.000, 0.000, 0.000, 0.000]
  MODEL_REWARDS(s,a,*): [0.000, 0.000, 0.000, 0.000, 0.000, 0.000, 0.000, 0.000, 0.000, 0.000, 0.000, 0.000, 0.000, 0.000, 0.000, 0.000, 0.000, 0.000, 0.000, 0.000, 0.000, 0.000]
----------------------------------------
[DEBUG] Beta=1.0 Phase=addiction Step=216
  State: 0 -> Action: ag -> Next: 3 (Reward: 1.0)
  Q_MF:  [0.000000, 0.000000, 0.018060, 0.000000, 0.000000, 0.000000, 0.833564, 0.000000, 0.000000]
  Q_MB:  [0.890749, 0.890749, 0.890749, 0.890749, 0.890749, 0.890749, 0.998877, 0.890749, 0.890749]
  Q_MIX: [0.890749, 0.890749, 0.890749, 0.890749, 0.890749, 0.890749, 0.998877, 0.890749, 0.890749]
  MODEL_COUNTS(s,a,*):  [0.138, 0.000, 0.000, 14.291, 0.000, 0.000, 0.000, 0.000, 0.000, 0.000, 0.000, 0.000, 0.000, 0.000, 0.000, 0.000, 0.000, 0.000, 0.000, 0.000, 0.000, 0.000]
  MODEL_REWARDS(s,a,*): [0.000, 0.000, 0.000, 14.291, 0.000, 0.000, 0.000, 0.000, 0.000, 0.000, 0.000, 0.000, 0.000, 0.000, 0.000, 0.000, 0.000, 0.000, 0.000, 0.000, 0.000, 0.000]
----------------------------------------
[DEBUG] Beta=1.0 Phase=addiction Step=217
  State: 3 -> Action: as3 -> Next: 2 (Reward: 0.0)
  Q_MF:  [0.006087, 0.068298, 0.004913, 0.000000, 0.000328, 0.008061, 0.002839, 0.007485, 0.002524]
  Q_MB:  [0.000000, 0.000000, 0.000000, 0.000000, 0.000000, 0.000000, 0.000000, 0.000000, 0.000000]
  Q_MIX: [0.000000, 0.000000, 0.000000, 0.000000, 0.000000, 0.000000, 0.000000, 0.000000, 0.000000]
  MODEL_COUNTS(s,a,*):  [0.000, 0.000, 14.552, 0.718, 0.000, 0.000, 0.000, 0.000, 0.000, 0.000, 0.000, 0.000, 0.000, 0.000, 0.000, 0.000, 0.000, 0.000, 0.000, 0.000, 0.000, 0.000]
  MODEL_REWARDS(s,a,*): [0.000, 0.000, 0.000, 0.000, 0.000, 0.000, 0.000, 0.000, 0.000, 0.000, 0.000, 0.000, 0.000, 0.000, 0.000, 0.000, 0.000, 0.000, 0.000, 0.000, 0.000, 0.000]
----------------------------------------
[DEBUG] Beta=1.0 Phase=addiction Step=218
  State: 2 -> Action: as2 -> Next: 1 (Reward: 0.0)
  Q_MF:  [0.208359, 0.000000, 0.000000, 0.001520, 0.013222, 0.000713, 0.000000, 0.009865, 0.012409]
  Q_MB:  [0.807517, 0.720894, 0.720894, 0.720894, 0.720894, 0.720894, 0.720894, 0.720894, 0.720894]
  Q_MIX: [0.807517, 0.720894, 0.720894, 0.720894, 0.720894, 0.720894, 0.720894, 0.720894, 0.720894]
  MODEL_COUNTS(s,a,*):  [0.000, 15.816, 0.135, 0.000, 0.000, 0.000, 0.000, 0.000, 0.000, 0.000, 0.000, 0.000, 0.000, 0.000, 0.000, 0.000, 0.000, 0.000, 0.000, 0.000, 0.000, 0.000]
  MODEL_REWARDS(s,a,*): [0.000, 0.000, 0.000, 0.000, 0.000, 0.000, 0.000, 0.000, 0.000, 0.000, 0.000, 0.000, 0.000, 0.000, 0.000, 0.000, 0.000, 0.000, 0.000, 0.000, 0.000, 0.000]
----------------------------------------
[DEBUG] Beta=1.0 Phase=addiction Step=219
  State: 1 -> Action: ag -> Next: 0 (Reward: 0.0)
  Q_MF:  [0.022326, 0.011119, 0.016013, 0.000000, 0.013769, 0.000000, 0.465458, 0.009289, 0.007193]
  Q_MB:  [0.000000, 0.000000, 0.000000, 0.000000, 0.000000, 0.000000, 0.890368, 0.000000, 0.000000]
  Q_MIX: [0.000000, 0.000000, 0.000000, 0.000000, 0.000000, 0.000000, 0.890368, 0.000000, 0.000000]
  MODEL_COUNTS(s,a,*):  [14.712, 0.134, 0.000, 0.000, 0.000, 0.000, 0.000, 0.000, 0.000, 0.000, 0.000, 0.000, 0.000, 0.000, 0.000, 0.000, 0.000, 0.000, 0.000, 0.000, 0.000, 0.000]
  MODEL_REWARDS(s,a,*): [0.000, 0.000, 0.000, 0.000, 0.000, 0.000, 0.000, 0.000, 0.000, 0.000, 0.000, 0.000, 0.000, 0.000, 0.000, 0.000, 0.000, 0.000, 0.000, 0.000, 0.000, 0.000]
----------------------------------------
[DEBUG] Beta=1.0 Phase=addiction Step=220
  State: 0 -> Action: ag -> Next: 3 (Reward: 1.0)
  Q_MF:  [0.000000, 0.000000, 0.018060, 0.000000, 0.000000, 0.000000, 0.844959, 0.000000, 0.000000]
  Q_MB:  [0.891390, 0.891390, 0.891390, 0.891390, 0.891390, 0.891390, 1.606224, 0.891390, 0.891390]
  Q_MIX: [0.891390, 0.891390, 0.891390, 0.891390, 0.891390, 0.891390, 1.606224, 0.891390, 0.891390]
  MODEL_COUNTS(s,a,*):  [0.133, 0.000, 0.000, 14.728, 0.000, 0.000, 0.000, 0.000, 0.000, 0.000, 0.000, 0.000, 0.000, 0.000, 0.000, 0.000, 0.000, 0.000, 0.000, 0.000, 0.000, 0.000]
  MODEL_REWARDS(s,a,*): [0.000, 0.000, 0.000, 14.728, 0.000, 0.000, 0.000, 0.000, 0.000, 0.000, 0.000, 0.000, 0.000, 0.000, 0.000, 0.000, 0.000, 0.000, 0.000, 0.000, 0.000, 0.000]
----------------------------------------
[DEBUG] Beta=1.0 Phase=addiction Step=221
  State: 3 -> Action: as5 -> Next: 4 (Reward: 0.0)
  Q_MF:  [0.006087, 0.074260, 0.004913, 0.000000, 0.000328, 0.008061, 0.002839, 0.007485, 0.002524]
  Q_MB:  [0.000000, 0.000000, 0.000000, 0.000000, 0.000000, 0.000000, 0.000000, 0.000000, 0.000000]
  Q_MIX: [0.000000, 0.000000, 0.000000, 0.000000, 0.000000, 0.000000, 0.000000, 0.000000, 0.000000]
  MODEL_COUNTS(s,a,*):  [0.000, 0.000, 0.000, 0.131, 2.317, 0.000, 0.000, 0.000, 0.000, 0.000, 0.000, 0.000, 0.000, 0.000, 0.000, 0.000, 0.000, 0.000, 0.000, 0.000, 0.000, 0.000]
  MODEL_REWARDS(s,a,*): [0.000, 0.000, 0.000, 0.000, 0.000, 0.000, 0.000, 0.000, 0.000, 0.000, 0.000, 0.000, 0.000, 0.000, 0.000, 0.000, 0.000, 0.000, 0.000, 0.000, 0.000, 0.000]
----------------------------------------
[DEBUG] Beta=1.0 Phase=addiction Step=222
  State: 4 -> Action: as5 -> Next: 4 (Reward: 0.0)
  Q_MF:  [0.000000, 0.000000, 0.002561, 0.000000, 0.000000, 0.000000, 0.000000, 0.000000, 0.000000]
  Q_MB:  [0.000000, 0.000000, 0.000000, 0.000000, 0.000000, 0.000000, 0.000000, 0.000000, 0.000000]
  Q_MIX: [0.000000, 0.000000, 0.000000, 0.000000, 0.000000, 0.000000, 0.000000, 0.000000, 0.000000]
  MODEL_COUNTS(s,a,*):  [0.000, 0.000, 0.000, 0.000, 1.130, 0.000, 0.000, 0.000, 0.000, 0.000, 0.000, 0.000, 0.000, 0.000, 0.000, 0.000, 0.000, 0.000, 0.000, 0.000, 0.000, 0.000]
  MODEL_REWARDS(s,a,*): [0.000, 0.000, 0.000, 0.000, 0.000, 0.000, 0.000, 0.000, 0.000, 0.000, 0.000, 0.000, 0.000, 0.000, 0.000, 0.000, 0.000, 0.000, 0.000, 0.000, 0.000, 0.000]
----------------------------------------
[DEBUG] Beta=1.0 Phase=addiction Step=223
  State: 4 -> Action: as4 -> Next: 3 (Reward: 0.0)
  Q_MF:  [0.000000, 0.000000, 0.002561, 0.000115, 0.000000, 0.000000, 0.000000, 0.000000, 0.000000]
  Q_MB:  [0.567853, 0.567853, 0.634011, 0.567853, 0.432415, 0.567853, 0.567853, 0.567853, 0.567853]
  Q_MIX: [0.567853, 0.567853, 0.634011, 0.567853, 0.432415, 0.567853, 0.567853, 0.567853, 0.567853]
  MODEL_COUNTS(s,a,*):  [0.000, 0.000, 0.000, 2.476, 0.129, 0.000, 0.000, 0.000, 0.000, 0.000, 0.000, 0.000, 0.000, 0.000, 0.000, 0.000, 0.000, 0.000, 0.000, 0.000, 0.000, 0.000]
  MODEL_REWARDS(s,a,*): [0.000, 0.000, 0.000, 0.000, 0.000, 0.000, 0.000, 0.000, 0.000, 0.000, 0.000, 0.000, 0.000, 0.000, 0.000, 0.000, 0.000, 0.000, 0.000, 0.000, 0.000, 0.000]
----------------------------------------
[DEBUG] Beta=1.0 Phase=addiction Step=224
  State: 3 -> Action: as4 -> Next: 3 (Reward: 0.0)
  Q_MF:  [0.006087, 0.074260, 0.004913, 0.000115, 0.000328, 0.008061, 0.002839, 0.007485, 0.002524]
  Q_MB:  [0.000000, 0.000000, 0.000000, 0.000000, 0.000000, 0.000000, 0.000000, 0.000000, 0.000000]
  Q_MIX: [0.000000, 0.000000, 0.000000, 0.000000, 0.000000, 0.000000, 0.000000, 0.000000, 0.000000]
  MODEL_COUNTS(s,a,*):  [0.000, 0.000, 0.000, 3.305, 0.000, 0.000, 0.000, 0.000, 0.000, 0.000, 0.000, 0.000, 0.000, 0.000, 0.000, 0.000, 0.000, 0.000, 0.000, 0.000, 0.000, 0.000]
  MODEL_REWARDS(s,a,*): [0.000, 0.000, 0.000, 0.000, 0.000, 0.000, 0.000, 0.000, 0.000, 0.000, 0.000, 0.000, 0.000, 0.000, 0.000, 0.000, 0.000, 0.000, 0.000, 0.000, 0.000, 0.000]
----------------------------------------
[DEBUG] Beta=1.0 Phase=addiction Step=225
  State: 3 -> Action: as5 -> Next: 4 (Reward: 0.0)
  Q_MF:  [0.006087, 0.074260, 0.008009, 0.000115, 0.000328, 0.008061, 0.002839, 0.007485, 0.002524]
  Q_MB:  [0.000000, 0.000000, 0.000000, 0.000000, 0.000000, 0.000000, 0.000000, 0.000000, 0.000000]
  Q_MIX: [0.000000, 0.000000, 0.000000, 0.000000, 0.000000, 0.000000, 0.000000, 0.000000, 0.000000]
  MODEL_COUNTS(s,a,*):  [0.000, 0.000, 0.000, 0.126, 3.225, 0.000, 0.000, 0.000, 0.000, 0.000, 0.000, 0.000, 0.000, 0.000, 0.000, 0.000, 0.000, 0.000, 0.000, 0.000, 0.000, 0.000]
  MODEL_REWARDS(s,a,*): [0.000, 0.000, 0.000, 0.000, 0.000, 0.000, 0.000, 0.000, 0.000, 0.000, 0.000, 0.000, 0.000, 0.000, 0.000, 0.000, 0.000, 0.000, 0.000, 0.000, 0.000, 0.000]
----------------------------------------
[DEBUG] Beta=1.0 Phase=addiction Step=226
  State: 4 -> Action: as2 -> Next: 4 (Reward: 0.0)
  Q_MF:  [0.000000, 0.000000, 0.005775, 0.000115, 0.000000, 0.000000, 0.000000, 0.000000, 0.000000]
  Q_MB:  [0.000000, 0.000000, 0.000000, 0.000000, 0.000000, 0.000000, 0.000000, 0.000000, 0.000000]
  Q_MIX: [0.000000, 0.000000, 0.000000, 0.000000, 0.000000, 0.000000, 0.000000, 0.000000, 0.000000]
  MODEL_COUNTS(s,a,*):  [0.000, 0.000, 0.000, 0.000, 1.918, 0.000, 0.000, 0.000, 0.000, 0.000, 0.000, 0.000, 0.000, 0.000, 0.000, 0.000, 0.000, 0.000, 0.000, 0.000, 0.000, 0.000]
  MODEL_REWARDS(s,a,*): [0.000, 0.000, 0.000, 0.000, 0.000, 0.000, 0.000, 0.000, 0.000, 0.000, 0.000, 0.000, 0.000, 0.000, 0.000, 0.000, 0.000, 0.000, 0.000, 0.000, 0.000, 0.000]
----------------------------------------
[DEBUG] Beta=1.0 Phase=addiction Step=227
  State: 4 -> Action: as4 -> Next: 3 (Reward: 0.0)
  Q_MF:  [0.000260, 0.000000, 0.005775, 0.000115, 0.000000, 0.000000, 0.000000, 0.000000, 0.000000]
  Q_MB:  [0.000000, 0.000000, 0.583223, 0.000000, 0.000000, 0.000000, 0.000000, 0.000000, 0.000000]
  Q_MIX: [0.000000, 0.000000, 0.583223, 0.000000, 0.000000, 0.000000, 0.000000, 0.000000, 0.000000]
  MODEL_COUNTS(s,a,*):  [0.000, 0.000, 0.000, 3.379, 0.124, 0.000, 0.000, 0.000, 0.000, 0.000, 0.000, 0.000, 0.000, 0.000, 0.000, 0.000, 0.000, 0.000, 0.000, 0.000, 0.000, 0.000]
  MODEL_REWARDS(s,a,*): [0.000, 0.000, 0.000, 0.000, 0.000, 0.000, 0.000, 0.000, 0.000, 0.000, 0.000, 0.000, 0.000, 0.000, 0.000, 0.000, 0.000, 0.000, 0.000, 0.000, 0.000, 0.000]
----------------------------------------
[DEBUG] Beta=1.0 Phase=addiction Step=228
  State: 3 -> Action: as3 -> Next: 2 (Reward: 0.0)
  Q_MF:  [0.006087, 0.074260, 0.008009, 0.000369, 0.000328, 0.008061, 0.002839, 0.007485, 0.002524]
  Q_MB:  [0.623437, 0.722098, 0.623437, 0.544384, 0.623437, 0.623437, 0.623437, 0.623437, 0.623437]
  Q_MIX: [0.623437, 0.722098, 0.623437, 0.544384, 0.623437, 0.623437, 0.623437, 0.623437, 0.623437]
  MODEL_COUNTS(s,a,*):  [0.000, 0.000, 14.029, 0.643, 0.000, 0.000, 0.000, 0.000, 0.000, 0.000, 0.000, 0.000, 0.000, 0.000, 0.000, 0.000, 0.000, 0.000, 0.000, 0.000, 0.000, 0.000]
  MODEL_REWARDS(s,a,*): [0.000, 0.000, 0.000, 0.000, 0.000, 0.000, 0.000, 0.000, 0.000, 0.000, 0.000, 0.000, 0.000, 0.000, 0.000, 0.000, 0.000, 0.000, 0.000, 0.000, 0.000, 0.000]
----------------------------------------
[DEBUG] Beta=1.0 Phase=addiction Step=229
  State: 2 -> Action: as2 -> Next: 1 (Reward: 0.0)
  Q_MF:  [0.218886, 0.000000, 0.000000, 0.001520, 0.013222, 0.000713, 0.000000, 0.009865, 0.012409]
  Q_MB:  [0.807791, 0.726920, 0.726920, 0.726920, 0.726920, 0.726920, 0.726920, 0.726920, 0.726920]
  Q_MIX: [0.807791, 0.726920, 0.726920, 0.726920, 0.726920, 0.726920, 0.726920, 0.726920, 0.726920]
  MODEL_COUNTS(s,a,*):  [0.000, 15.160, 0.121, 0.000, 0.000, 0.000, 0.000, 0.000, 0.000, 0.000, 0.000, 0.000, 0.000, 0.000, 0.000, 0.000, 0.000, 0.000, 0.000, 0.000, 0.000, 0.000]
  MODEL_REWARDS(s,a,*): [0.000, 0.000, 0.000, 0.000, 0.000, 0.000, 0.000, 0.000, 0.000, 0.000, 0.000, 0.000, 0.000, 0.000, 0.000, 0.000, 0.000, 0.000, 0.000, 0.000, 0.000, 0.000]
----------------------------------------
[DEBUG] Beta=1.0 Phase=addiction Step=230
  State: 1 -> Action: ag -> Next: 0 (Reward: 0.0)
  Q_MF:  [0.022326, 0.011119, 0.016013, 0.000000, 0.013769, 0.000000, 0.480208, 0.009289, 0.007193]
  Q_MB:  [0.808378, 0.725327, 0.808378, 0.808378, 0.808378, 0.808378, 0.898314, 0.808378, 0.808378]
  Q_MIX: [0.808378, 0.725327, 0.808378, 0.808378, 0.808378, 0.808378, 0.898314, 0.808378, 0.808378]
  MODEL_COUNTS(s,a,*):  [14.173, 0.120, 0.000, 0.000, 0.000, 0.000, 0.000, 0.000, 0.000, 0.000, 0.000, 0.000, 0.000, 0.000, 0.000, 0.000, 0.000, 0.000, 0.000, 0.000, 0.000, 0.000]
  MODEL_REWARDS(s,a,*): [0.000, 0.000, 0.000, 0.000, 0.000, 0.000, 0.000, 0.000, 0.000, 0.000, 0.000, 0.000, 0.000, 0.000, 0.000, 0.000, 0.000, 0.000, 0.000, 0.000, 0.000, 0.000]
----------------------------------------
[DEBUG] Beta=1.0 Phase=addiction Step=231
  State: 0 -> Action: as2 -> Next: 0 (Reward: 0.0)
  Q_MF:  [0.000000, 0.000000, 0.018060, 0.000000, 0.000000, 0.000000, 0.856053, 0.000000, 0.000000]
  Q_MB:  [0.899190, 0.899190, 0.899190, 0.899190, 0.899190, 0.899190, 0.999101, 0.899190, 0.899190]
  Q_MIX: [0.899190, 0.899190, 0.899190, 0.899190, 0.899190, 0.899190, 0.999101, 0.899190, 0.899190]
  MODEL_COUNTS(s,a,*):  [1.119, 0.000, 0.000, 0.000, 0.000, 0.000, 0.000, 0.000, 0.000, 0.000, 0.000, 0.000, 0.000, 0.000, 0.000, 0.000, 0.000, 0.000, 0.000, 0.000, 0.000, 0.000]
  MODEL_REWARDS(s,a,*): [0.000, 0.000, 0.000, 0.000, 0.000, 0.000, 0.000, 0.000, 0.000, 0.000, 0.000, 0.000, 0.000, 0.000, 0.000, 0.000, 0.000, 0.000, 0.000, 0.000, 0.000, 0.000]
----------------------------------------
[DEBUG] Beta=1.0 Phase=addiction Step=232
  State: 0 -> Action: ag -> Next: 3 (Reward: 1.0)
  Q_MF:  [0.038522, 0.000000, 0.018060, 0.000000, 0.000000, 0.000000, 0.856053, 0.000000, 0.000000]
  Q_MB:  [0.891970, 0.891970, 0.891970, 0.891970, 0.891970, 0.891970, 0.999036, 0.891970, 0.891970]
  Q_MIX: [0.891970, 0.891970, 0.891970, 0.891970, 0.891970, 0.891970, 0.999036, 0.891970, 0.891970]
  MODEL_COUNTS(s,a,*):  [0.118, 0.000, 0.000, 14.055, 0.000, 0.000, 0.000, 0.000, 0.000, 0.000, 0.000, 0.000, 0.000, 0.000, 0.000, 0.000, 0.000, 0.000, 0.000, 0.000, 0.000, 0.000]
  MODEL_REWARDS(s,a,*): [0.000, 0.000, 0.000, 14.055, 0.000, 0.000, 0.000, 0.000, 0.000, 0.000, 0.000, 0.000, 0.000, 0.000, 0.000, 0.000, 0.000, 0.000, 0.000, 0.000, 0.000, 0.000]
----------------------------------------
[DEBUG] Beta=1.0 Phase=addiction Step=233
  State: 3 -> Action: as5 -> Next: 4 (Reward: 0.0)
  Q_MF:  [0.006087, 0.080396, 0.008009, 0.000369, 0.000328, 0.008061, 0.002839, 0.007485, 0.002524]
  Q_MB:  [0.000000, 0.690015, 0.000000, 0.000000, 0.000000, 0.000000, 0.000000, 0.000000, 0.000000]
  Q_MIX: [0.000000, 0.690015, 0.000000, 0.000000, 0.000000, 0.000000, 0.000000, 0.000000, 0.000000]
  MODEL_COUNTS(s,a,*):  [0.000, 0.000, 0.000, 0.116, 3.976, 0.000, 0.000, 0.000, 0.000, 0.000, 0.000, 0.000, 0.000, 0.000, 0.000, 0.000, 0.000, 0.000, 0.000, 0.000, 0.000, 0.000]
  MODEL_REWARDS(s,a,*): [0.000, 0.000, 0.000, 0.000, 0.000, 0.000, 0.000, 0.000, 0.000, 0.000, 0.000, 0.000, 0.000, 0.000, 0.000, 0.000, 0.000, 0.000, 0.000, 0.000, 0.000, 0.000]
----------------------------------------
[DEBUG] Beta=1.0 Phase=addiction Step=234
  State: 4 -> Action: as6 -> Next: 5 (Reward: 0.0)
  Q_MF:  [0.000260, 0.000000, 0.008828, 0.000115, 0.000000, 0.000000, 0.000000, 0.000000, 0.000000]
  Q_MB:  [0.000000, 0.000000, 0.000000, 0.000000, 0.000000, 0.000000, 0.000000, 0.000000, 0.000000]
  Q_MIX: [0.000000, 0.000000, 0.000000, 0.000000, 0.000000, 0.000000, 0.000000, 0.000000, 0.000000]
  MODEL_COUNTS(s,a,*):  [0.000, 0.000, 0.000, 0.000, 0.115, 1.444, 0.000, 0.000, 0.000, 0.000, 0.000, 0.000, 0.000, 0.000, 0.000, 0.000, 0.000, 0.000, 0.000, 0.000, 0.000, 0.000]
  MODEL_REWARDS(s,a,*): [0.000, 0.000, 0.000, 0.000, 0.000, 0.000, 0.000, 0.000, 0.000, 0.000, 0.000, 0.000, 0.000, 0.000, 0.000, 0.000, 0.000, 0.000, 0.000, 0.000, 0.000, 0.000]
----------------------------------------
[DEBUG] Beta=1.0 Phase=addiction Step=235
  State: 5 -> Action: as5 -> Next: 4 (Reward: 0.0)
  Q_MF:  [0.000000, 0.000000, 0.000000, 0.000000, 0.000000, 0.000000, 0.000000, 0.000000, 0.000000]
  Q_MB:  [0.000000, 0.000000, 0.000000, 0.446204, 0.000000, 0.000000, 0.000000, 0.000000, 0.000000]
  Q_MIX: [0.000000, 0.000000, 0.000000, 0.446204, 0.000000, 0.000000, 0.000000, 0.000000, 0.000000]
  MODEL_COUNTS(s,a,*):  [0.000, 0.000, 0.000, 0.000, 1.570, 0.114, 0.000, 0.000, 0.000, 0.000, 0.000, 0.000, 0.000, 0.000, 0.000, 0.000, 0.000, 0.000, 0.000, 0.000, 0.000, 0.000]
  MODEL_REWARDS(s,a,*): [0.000, 0.000, 0.000, 0.000, 0.000, 0.000, 0.000, 0.000, 0.000, 0.000, 0.000, 0.000, 0.000, 0.000, 0.000, 0.000, 0.000, 0.000, 0.000, 0.000, 0.000, 0.000]
----------------------------------------
[DEBUG] Beta=1.0 Phase=addiction Step=236
  State: 4 -> Action: as5 -> Next: 4 (Reward: 0.0)
  Q_MF:  [0.000260, 0.000000, 0.008828, 0.000115, 0.000000, 0.000000, 0.000000, 0.000000, 0.000000]
  Q_MB:  [0.000000, 0.000000, 0.000000, 0.000000, 0.000000, 0.000000, 0.000000, 0.000000, 0.000000]
  Q_MIX: [0.000000, 0.000000, 0.000000, 0.000000, 0.000000, 0.000000, 0.000000, 0.000000, 0.000000]
  MODEL_COUNTS(s,a,*):  [0.000, 0.000, 0.000, 0.000, 1.982, 0.000, 0.000, 0.000, 0.000, 0.000, 0.000, 0.000, 0.000, 0.000, 0.000, 0.000, 0.000, 0.000, 0.000, 0.000, 0.000, 0.000]
  MODEL_REWARDS(s,a,*): [0.000, 0.000, 0.000, 0.000, 0.000, 0.000, 0.000, 0.000, 0.000, 0.000, 0.000, 0.000, 0.000, 0.000, 0.000, 0.000, 0.000, 0.000, 0.000, 0.000, 0.000, 0.000]
----------------------------------------
[DEBUG] Beta=1.0 Phase=addiction Step=237
  State: 4 -> Action: as4 -> Next: 3 (Reward: 0.0)
  Q_MF:  [0.000260, 0.000000, 0.008828, 0.000507, 0.000000, 0.000000, 0.000000, 0.000000, 0.000000]
  Q_MB:  [0.581965, 0.581965, 0.647993, 0.581965, 0.043005, 0.581965, 0.581965, 0.581965, 0.581965]
  Q_MIX: [0.581965, 0.581965, 0.647993, 0.581965, 0.043005, 0.581965, 0.581965, 0.581965, 0.581965]
  MODEL_COUNTS(s,a,*):  [0.000, 0.000, 0.000, 4.056, 0.112, 0.000, 0.000, 0.000, 0.000, 0.000, 0.000, 0.000, 0.000, 0.000, 0.000, 0.000, 0.000, 0.000, 0.000, 0.000, 0.000, 0.000]
  MODEL_REWARDS(s,a,*): [0.000, 0.000, 0.000, 0.000, 0.000, 0.000, 0.000, 0.000, 0.000, 0.000, 0.000, 0.000, 0.000, 0.000, 0.000, 0.000, 0.000, 0.000, 0.000, 0.000, 0.000, 0.000]
----------------------------------------
[DEBUG] Beta=1.0 Phase=addiction Step=238
  State: 3 -> Action: aw -> Next: 3 (Reward: 0.0)
  Q_MF:  [0.006087, 0.080396, 0.008009, 0.000748, 0.000328, 0.008061, 0.002839, 0.007485, 0.002524]
  Q_MB:  [0.000000, 0.000000, 0.000000, 0.000000, 0.000000, 0.000000, 0.000000, 0.000000, 0.000000]
  Q_MIX: [0.000000, 0.000000, 0.000000, 0.000000, 0.000000, 0.000000, 0.000000, 0.000000, 0.000000]
  MODEL_COUNTS(s,a,*):  [0.000, 0.000, 0.000, 2.394, 0.000, 0.000, 0.000, 0.000, 0.000, 0.000, 0.000, 0.000, 0.000, 0.000, 0.000, 0.000, 0.000, 0.000, 0.000, 0.000, 0.000, 0.000]
  MODEL_REWARDS(s,a,*): [0.000, 0.000, 0.000, 0.000, 0.000, 0.000, 0.000, 0.000, 0.000, 0.000, 0.000, 0.000, 0.000, 0.000, 0.000, 0.000, 0.000, 0.000, 0.000, 0.000, 0.000, 0.000]
----------------------------------------
[DEBUG] Beta=1.0 Phase=addiction Step=239
  State: 3 -> Action: as4 -> Next: 3 (Reward: 0.0)
  Q_MF:  [0.006087, 0.080396, 0.008009, 0.000748, 0.000328, 0.008061, 0.002839, 0.007485, 0.006016]
  Q_MB:  [0.000000, 0.000000, 0.000000, 0.000000, 0.000000, 0.000000, 0.000000, 0.000000, 0.000000]
  Q_MIX: [0.000000, 0.000000, 0.000000, 0.000000, 0.000000, 0.000000, 0.000000, 0.000000, 0.000000]
  MODEL_COUNTS(s,a,*):  [0.000, 0.000, 0.000, 3.842, 0.000, 0.000, 0.000, 0.000, 0.000, 0.000, 0.000, 0.000, 0.000, 0.000, 0.000, 0.000, 0.000, 0.000, 0.000, 0.000, 0.000, 0.000]
  MODEL_REWARDS(s,a,*): [0.000, 0.000, 0.000, 0.000, 0.000, 0.000, 0.000, 0.000, 0.000, 0.000, 0.000, 0.000, 0.000, 0.000, 0.000, 0.000, 0.000, 0.000, 0.000, 0.000, 0.000, 0.000]
----------------------------------------
[DEBUG] Beta=1.0 Phase=addiction Step=240
  State: 3 -> Action: as5 -> Next: 4 (Reward: 0.0)
  Q_MF:  [0.006087, 0.080396, 0.011226, 0.000748, 0.000328, 0.008061, 0.002839, 0.007485, 0.006016]
  Q_MB:  [0.000000, 0.000000, 0.000000, 0.000000, 0.000000, 0.000000, 0.000000, 0.000000, 0.000000]
  Q_MIX: [0.000000, 0.000000, 0.000000, 0.000000, 0.000000, 0.000000, 0.000000, 0.000000, 0.000000]
  MODEL_COUNTS(s,a,*):  [0.000, 0.000, 0.000, 0.108, 4.706, 0.000, 0.000, 0.000, 0.000, 0.000, 0.000, 0.000, 0.000, 0.000, 0.000, 0.000, 0.000, 0.000, 0.000, 0.000, 0.000, 0.000]
  MODEL_REWARDS(s,a,*): [0.000, 0.000, 0.000, 0.000, 0.000, 0.000, 0.000, 0.000, 0.000, 0.000, 0.000, 0.000, 0.000, 0.000, 0.000, 0.000, 0.000, 0.000, 0.000, 0.000, 0.000, 0.000]
----------------------------------------
[DEBUG] Beta=1.0 Phase=addiction Step=241
  State: 4 -> Action: as2 -> Next: 4 (Reward: 0.0)
  Q_MF:  [0.000260, 0.000000, 0.012004, 0.000507, 0.000000, 0.000000, 0.000000, 0.000000, 0.000000]
  Q_MB:  [0.000000, 0.000000, 0.000000, 0.000000, 0.000000, 0.000000, 0.000000, 0.000000, 0.000000]
  Q_MIX: [0.000000, 0.000000, 0.000000, 0.000000, 0.000000, 0.000000, 0.000000, 0.000000, 0.000000]
  MODEL_COUNTS(s,a,*):  [0.000, 0.000, 0.000, 0.000, 2.650, 0.000, 0.000, 0.000, 0.000, 0.000, 0.000, 0.000, 0.000, 0.000, 0.000, 0.000, 0.000, 0.000, 0.000, 0.000, 0.000, 0.000]
  MODEL_REWARDS(s,a,*): [0.000, 0.000, 0.000, 0.000, 0.000, 0.000, 0.000, 0.000, 0.000, 0.000, 0.000, 0.000, 0.000, 0.000, 0.000, 0.000, 0.000, 0.000, 0.000, 0.000, 0.000, 0.000]
----------------------------------------
[DEBUG] Beta=1.0 Phase=addiction Step=242
  State: 4 -> Action: as4 -> Next: 3 (Reward: 0.0)
  Q_MF:  [0.000787, 0.000000, 0.012004, 0.000507, 0.000000, 0.000000, 0.000000, 0.000000, 0.000000]
  Q_MB:  [0.000000, 0.000000, 0.000000, 0.000000, 0.000000, 0.000000, 0.000000, 0.000000, 0.000000]
  Q_MIX: [0.000000, 0.000000, 0.000000, 0.000000, 0.000000, 0.000000, 0.000000, 0.000000, 0.000000]
  MODEL_COUNTS(s,a,*):  [0.000, 0.000, 0.000, 4.857, 0.106, 0.000, 0.000, 0.000, 0.000, 0.000, 0.000, 0.000, 0.000, 0.000, 0.000, 0.000, 0.000, 0.000, 0.000, 0.000, 0.000, 0.000]
  MODEL_REWARDS(s,a,*): [0.000, 0.000, 0.000, 0.000, 0.000, 0.000, 0.000, 0.000, 0.000, 0.000, 0.000, 0.000, 0.000, 0.000, 0.000, 0.000, 0.000, 0.000, 0.000, 0.000, 0.000, 0.000]
----------------------------------------
[DEBUG] Beta=1.0 Phase=addiction Step=243
  State: 3 -> Action: ad -> Next: 3 (Reward: 0.0)
  Q_MF:  [0.006087, 0.080396, 0.011226, 0.001251, 0.000328, 0.008061, 0.002839, 0.007485, 0.006016]
  Q_MB:  [0.000000, 0.000000, 0.000000, 0.000000, 0.000000, 0.000000, 0.000000, 0.000000, 0.000000]
  Q_MIX: [0.000000, 0.000000, 0.000000, 0.000000, 0.000000, 0.000000, 0.000000, 0.000000, 0.000000]
  MODEL_COUNTS(s,a,*):  [0.000, 0.000, 0.000, 4.008, 0.000, 0.000, 0.000, 0.000, 0.000, 0.000, 0.000, 0.000, 0.000, 0.000, 0.000, 0.000, 0.000, 0.000, 0.000, 0.000, 0.000, 0.000]
  MODEL_REWARDS(s,a,*): [0.000, 0.000, 0.000, 0.000, 0.000, 0.000, 0.000, 0.000, 0.000, 0.000, 0.000, 0.000, 0.000, 0.000, 0.000, 0.000, 0.000, 0.000, 0.000, 0.000, 0.000, 0.000]
----------------------------------------
[DEBUG] Beta=1.0 Phase=addiction Step=244
  State: 3 -> Action: as3 -> Next: 2 (Reward: 0.0)
  Q_MF:  [0.006087, 0.080396, 0.011226, 0.001251, 0.000328, 0.008061, 0.002839, 0.010729, 0.006016]
  Q_MB:  [0.621271, 0.717516, 0.621271, 0.548838, 0.621271, 0.621271, 0.621271, 0.621271, 0.621271]
  Q_MIX: [0.621271, 0.717516, 0.621271, 0.548838, 0.621271, 0.621271, 0.621271, 0.621271, 0.621271]
  MODEL_COUNTS(s,a,*):  [0.000, 0.000, 12.945, 0.547, 0.000, 0.000, 0.000, 0.000, 0.000, 0.000, 0.000, 0.000, 0.000, 0.000, 0.000, 0.000, 0.000, 0.000, 0.000, 0.000, 0.000, 0.000]
  MODEL_REWARDS(s,a,*): [0.000, 0.000, 0.000, 0.000, 0.000, 0.000, 0.000, 0.000, 0.000, 0.000, 0.000, 0.000, 0.000, 0.000, 0.000, 0.000, 0.000, 0.000, 0.000, 0.000, 0.000, 0.000]
----------------------------------------
[DEBUG] Beta=1.0 Phase=addiction Step=245
  State: 2 -> Action: as2 -> Next: 1 (Reward: 0.0)
  Q_MF:  [0.229551, 0.000000, 0.000000, 0.001520, 0.013222, 0.000713, 0.000000, 0.009865, 0.012409]
  Q_MB:  [0.801847, 0.721663, 0.721663, 0.721663, 0.721663, 0.721663, 0.721663, 0.721663, 0.721663]
  Q_MIX: [0.801847, 0.721663, 0.721663, 0.721663, 0.721663, 0.721663, 0.721663, 0.721663, 0.721663]
  MODEL_COUNTS(s,a,*):  [0.000, 13.909, 0.103, 0.000, 0.000, 0.000, 0.000, 0.000, 0.000, 0.000, 0.000, 0.000, 0.000, 0.000, 0.000, 0.000, 0.000, 0.000, 0.000, 0.000, 0.000, 0.000]
  MODEL_REWARDS(s,a,*): [0.000, 0.000, 0.000, 0.000, 0.000, 0.000, 0.000, 0.000, 0.000, 0.000, 0.000, 0.000, 0.000, 0.000, 0.000, 0.000, 0.000, 0.000, 0.000, 0.000, 0.000, 0.000]
----------------------------------------
[DEBUG] Beta=1.0 Phase=addiction Step=246
  State: 1 -> Action: as6 -> Next: 1 (Reward: 0.0)
  Q_MF:  [0.022326, 0.011119, 0.016013, 0.000000, 0.013769, 0.000000, 0.494720, 0.009289, 0.007193]
  Q_MB:  [0.000000, 0.000000, 0.000000, 0.000000, 0.000000, 0.000000, 0.000000, 0.000000, 0.000000]
  Q_MIX: [0.000000, 0.000000, 0.000000, 0.000000, 0.000000, 0.000000, 0.000000, 0.000000, 0.000000]
  MODEL_COUNTS(s,a,*):  [0.000, 1.564, 0.000, 0.000, 0.000, 0.000, 0.000, 0.000, 0.000, 0.000, 0.000, 0.000, 0.000, 0.000, 0.000, 0.000, 0.000, 0.000, 0.000, 0.000, 0.000, 0.000]
  MODEL_REWARDS(s,a,*): [0.000, 0.000, 0.000, 0.000, 0.000, 0.000, 0.000, 0.000, 0.000, 0.000, 0.000, 0.000, 0.000, 0.000, 0.000, 0.000, 0.000, 0.000, 0.000, 0.000, 0.000, 0.000]
----------------------------------------
[DEBUG] Beta=1.0 Phase=addiction Step=247
  State: 1 -> Action: ag -> Next: 0 (Reward: 0.0)
  Q_MF:  [0.022326, 0.011119, 0.016013, 0.000000, 0.035343, 0.000000, 0.494720, 0.009289, 0.007193]
  Q_MB:  [0.802558, 0.725018, 0.802558, 0.802558, 0.802558, 0.802558, 1.446335, 0.802558, 0.802558]
  Q_MIX: [0.802558, 0.725018, 0.802558, 0.802558, 0.802558, 0.802558, 1.446335, 0.802558, 0.802558]
  MODEL_COUNTS(s,a,*):  [12.947, 0.101, 0.000, 0.000, 0.000, 0.000, 0.000, 0.000, 0.000, 0.000, 0.000, 0.000, 0.000, 0.000, 0.000, 0.000, 0.000, 0.000, 0.000, 0.000, 0.000, 0.000]
  MODEL_REWARDS(s,a,*): [0.000, 0.000, 0.000, 0.000, 0.000, 0.000, 0.000, 0.000, 0.000, 0.000, 0.000, 0.000, 0.000, 0.000, 0.000, 0.000, 0.000, 0.000, 0.000, 0.000, 0.000, 0.000]
----------------------------------------
[DEBUG] Beta=1.0 Phase=addiction Step=248
  State: 0 -> Action: ag -> Next: 3 (Reward: 1.0)
  Q_MF:  [0.038522, 0.000000, 0.018060, 0.000000, 0.000000, 0.000000, 0.866868, 0.000000, 0.000000]
  Q_MB:  [0.899198, 0.899198, 0.899198, 0.899198, 0.899198, 0.899198, 0.999164, 0.899198, 0.899198]
  Q_MIX: [0.899198, 0.899198, 0.899198, 0.899198, 0.899198, 0.899198, 0.999164, 0.899198, 0.899198]
  MODEL_COUNTS(s,a,*):  [0.100, 0.000, 0.000, 12.967, 0.000, 0.000, 0.000, 0.000, 0.000, 0.000, 0.000, 0.000, 0.000, 0.000, 0.000, 0.000, 0.000, 0.000, 0.000, 0.000, 0.000, 0.000]
  MODEL_REWARDS(s,a,*): [0.000, 0.000, 0.000, 12.967, 0.000, 0.000, 0.000, 0.000, 0.000, 0.000, 0.000, 0.000, 0.000, 0.000, 0.000, 0.000, 0.000, 0.000, 0.000, 0.000, 0.000, 0.000]
----------------------------------------
[DEBUG] Beta=1.0 Phase=addiction Step=249
  State: 3 -> Action: as3 -> Next: 2 (Reward: 0.0)
  Q_MF:  [0.006087, 0.086706, 0.011226, 0.001251, 0.000328, 0.008061, 0.002839, 0.010729, 0.006016]
  Q_MB:  [0.000000, 0.688396, 0.000000, 0.000000, 0.000000, 0.000000, 0.000000, 0.000000, 0.000000]
  Q_MIX: [0.000000, 0.688396, 0.000000, 0.000000, 0.000000, 0.000000, 0.000000, 0.000000, 0.000000]
  MODEL_COUNTS(s,a,*):  [0.000, 0.000, 13.311, 0.520, 0.000, 0.000, 0.000, 0.000, 0.000, 0.000, 0.000, 0.000, 0.000, 0.000, 0.000, 0.000, 0.000, 0.000, 0.000, 0.000, 0.000, 0.000]
  MODEL_REWARDS(s,a,*): [0.000, 0.000, 0.000, 0.000, 0.000, 0.000, 0.000, 0.000, 0.000, 0.000, 0.000, 0.000, 0.000, 0.000, 0.000, 0.000, 0.000, 0.000, 0.000, 0.000, 0.000, 0.000]
----------------------------------------
[DEBUG] Beta=1.0 Phase=addiction Step=250
  State: 2 -> Action: ag -> Next: 2 (Reward: 0.0)
  Q_MF:  [0.240336, 0.000000, 0.000000, 0.001520, 0.013222, 0.000713, 0.000000, 0.009865, 0.012409]
  Q_MB:  [0.000000, 0.000000, 0.000000, 0.000000, 0.000000, 0.000000, 0.000000, 0.000000, 0.000000]
  Q_MIX: [0.000000, 0.000000, 0.000000, 0.000000, 0.000000, 0.000000, 0.000000, 0.000000, 0.000000]
  MODEL_COUNTS(s,a,*):  [0.000, 0.000, 1.156, 0.000, 0.000, 0.000, 0.000, 0.000, 0.000, 0.000, 0.000, 0.000, 0.000, 0.000, 0.000, 0.000, 0.000, 0.000, 0.000, 0.000, 0.000, 0.000]
  MODEL_REWARDS(s,a,*): [0.000, 0.000, 0.000, 0.000, 0.000, 0.000, 0.000, 0.000, 0.000, 0.000, 0.000, 0.000, 0.000, 0.000, 0.000, 0.000, 0.000, 0.000, 0.000, 0.000, 0.000, 0.000]
----------------------------------------
[DEBUG] Beta=1.0 Phase=addiction Step=251
  State: 2 -> Action: as2 -> Next: 1 (Reward: 0.0)
  Q_MF:  [0.240336, 0.000000, 0.000000, 0.001520, 0.013222, 0.000713, 0.010815, 0.009865, 0.012409]
  Q_MB:  [0.807995, 0.717440, 0.717440, 0.717440, 0.717440, 0.717440, 0.717440, 0.717440, 0.717440]
  Q_MIX: [0.807995, 0.717440, 0.717440, 0.717440, 0.717440, 0.717440, 0.717440, 0.717440, 0.717440]
  MODEL_COUNTS(s,a,*):  [0.000, 14.095, 0.097, 0.000, 0.000, 0.000, 0.000, 0.000, 0.000, 0.000, 0.000, 0.000, 0.000, 0.000, 0.000, 0.000, 0.000, 0.000, 0.000, 0.000, 0.000, 0.000]
  MODEL_REWARDS(s,a,*): [0.000, 0.000, 0.000, 0.000, 0.000, 0.000, 0.000, 0.000, 0.000, 0.000, 0.000, 0.000, 0.000, 0.000, 0.000, 0.000, 0.000, 0.000, 0.000, 0.000, 0.000, 0.000]
----------------------------------------
[DEBUG] Beta=1.0 Phase=addiction Step=252
  State: 1 -> Action: as6 -> Next: 1 (Reward: 0.0)
  Q_MF:  [0.022326, 0.011119, 0.016013, 0.000000, 0.035343, 0.000000, 0.508993, 0.009289, 0.007193]
  Q_MB:  [0.803105, 0.725587, 0.803105, 0.803105, 0.803105, 0.803105, 0.898561, 0.803105, 0.803105]
  Q_MIX: [0.803105, 0.725587, 0.803105, 0.803105, 0.803105, 0.803105, 0.898561, 0.803105, 0.803105]
  MODEL_COUNTS(s,a,*):  [0.000, 2.473, 0.000, 0.000, 0.000, 0.000, 0.000, 0.000, 0.000, 0.000, 0.000, 0.000, 0.000, 0.000, 0.000, 0.000, 0.000, 0.000, 0.000, 0.000, 0.000, 0.000]
  MODEL_REWARDS(s,a,*): [0.000, 0.000, 0.000, 0.000, 0.000, 0.000, 0.000, 0.000, 0.000, 0.000, 0.000, 0.000, 0.000, 0.000, 0.000, 0.000, 0.000, 0.000, 0.000, 0.000, 0.000, 0.000]
----------------------------------------
[DEBUG] Beta=1.0 Phase=addiction Step=253
  State: 1 -> Action: ag -> Next: 0 (Reward: 0.0)
  Q_MF:  [0.022326, 0.011119, 0.016013, 0.000000, 0.056481, 0.000000, 0.508993, 0.009289, 0.007193]
  Q_MB:  [0.803131, 0.725636, 0.803131, 0.803131, 0.803131, 0.803131, 1.453395, 0.803131, 0.803131]
  Q_MIX: [0.803131, 0.725636, 0.803131, 0.803131, 0.803131, 0.803131, 1.453395, 0.803131, 0.803131]
  MODEL_COUNTS(s,a,*):  [13.189, 0.095, 0.000, 0.000, 0.000, 0.000, 0.000, 0.000, 0.000, 0.000, 0.000, 0.000, 0.000, 0.000, 0.000, 0.000, 0.000, 0.000, 0.000, 0.000, 0.000, 0.000]
  MODEL_REWARDS(s,a,*): [0.000, 0.000, 0.000, 0.000, 0.000, 0.000, 0.000, 0.000, 0.000, 0.000, 0.000, 0.000, 0.000, 0.000, 0.000, 0.000, 0.000, 0.000, 0.000, 0.000, 0.000, 0.000]
----------------------------------------
[DEBUG] Beta=1.0 Phase=addiction Step=254
  State: 0 -> Action: as5 -> Next: 0 (Reward: 0.0)
  Q_MF:  [0.038522, 0.000000, 0.018060, 0.000000, 0.000000, 0.000000, 0.877426, 0.000000, 0.000000]
  Q_MB:  [0.899306, 0.899306, 0.899306, 0.899306, 0.899306, 0.899306, 0.999229, 0.899306, 0.899306]
  Q_MIX: [0.899306, 0.899306, 0.899306, 0.899306, 0.899306, 0.899306, 0.999229, 0.899306, 0.899306]
  MODEL_COUNTS(s,a,*):  [1.157, 0.000, 0.000, 0.000, 0.000, 0.000, 0.000, 0.000, 0.000, 0.000, 0.000, 0.000, 0.000, 0.000, 0.000, 0.000, 0.000, 0.000, 0.000, 0.000, 0.000, 0.000]
  MODEL_REWARDS(s,a,*): [0.000, 0.000, 0.000, 0.000, 0.000, 0.000, 0.000, 0.000, 0.000, 0.000, 0.000, 0.000, 0.000, 0.000, 0.000, 0.000, 0.000, 0.000, 0.000, 0.000, 0.000, 0.000]
----------------------------------------
[DEBUG] Beta=1.0 Phase=addiction Step=255
  State: 0 -> Action: ag -> Next: 3 (Reward: 1.0)
  Q_MF:  [0.038522, 0.000000, 0.018060, 0.039484, 0.000000, 0.000000, 0.877426, 0.000000, 0.000000]
  Q_MB:  [0.899306, 0.899306, 0.899306, 0.899306, 0.899306, 0.899306, 0.999229, 0.899306, 0.899306]
  Q_MIX: [0.899306, 0.899306, 0.899306, 0.899306, 0.899306, 0.899306, 0.999229, 0.899306, 0.899306]
  MODEL_COUNTS(s,a,*):  [0.093, 0.000, 0.000, 13.086, 0.000, 0.000, 0.000, 0.000, 0.000, 0.000, 0.000, 0.000, 0.000, 0.000, 0.000, 0.000, 0.000, 0.000, 0.000, 0.000, 0.000, 0.000]
  MODEL_REWARDS(s,a,*): [0.000, 0.000, 0.000, 13.086, 0.000, 0.000, 0.000, 0.000, 0.000, 0.000, 0.000, 0.000, 0.000, 0.000, 0.000, 0.000, 0.000, 0.000, 0.000, 0.000, 0.000, 0.000]
----------------------------------------
[DEBUG] Beta=1.0 Phase=addiction Step=256
  State: 3 -> Action: as3 -> Next: 2 (Reward: 0.0)
  Q_MF:  [0.006087, 0.093186, 0.011226, 0.001251, 0.000328, 0.008061, 0.002839, 0.010729, 0.006016]
  Q_MB:  [0.000000, 0.700000, 0.000000, 0.000000, 0.000000, 0.000000, 0.000000, 0.000000, 0.000000]
  Q_MIX: [0.000000, 0.700000, 0.000000, 0.000000, 0.000000, 0.000000, 0.000000, 0.000000, 0.000000]
  MODEL_COUNTS(s,a,*):  [0.000, 0.000, 13.406, 0.485, 0.000, 0.000, 0.000, 0.000, 0.000, 0.000, 0.000, 0.000, 0.000, 0.000, 0.000, 0.000, 0.000, 0.000, 0.000, 0.000, 0.000, 0.000]
  MODEL_REWARDS(s,a,*): [0.000, 0.000, 0.000, 0.000, 0.000, 0.000, 0.000, 0.000, 0.000, 0.000, 0.000, 0.000, 0.000, 0.000, 0.000, 0.000, 0.000, 0.000, 0.000, 0.000, 0.000, 0.000]
----------------------------------------
[DEBUG] Beta=1.0 Phase=addiction Step=257
  State: 2 -> Action: as4 -> Next: 3 (Reward: 0.0)
  Q_MF:  [0.251224, 0.000000, 0.000000, 0.001520, 0.013222, 0.000713, 0.010815, 0.009865, 0.012409]
  Q_MB:  [0.803008, 0.718284, 0.718284, 0.718284, 0.718284, 0.718284, 0.718284, 0.718284, 0.718284]
  Q_MIX: [0.803008, 0.718284, 0.718284, 0.718284, 0.718284, 0.718284, 0.718284, 0.718284, 0.718284]
  MODEL_COUNTS(s,a,*):  [0.000, 0.000, 0.091, 5.000, 0.000, 0.000, 0.000, 0.000, 0.000, 0.000, 0.000, 0.000, 0.000, 0.000, 0.000, 0.000, 0.000, 0.000, 0.000, 0.000, 0.000, 0.000]
  MODEL_REWARDS(s,a,*): [0.000, 0.000, 0.000, 0.000, 0.000, 0.000, 0.000, 0.000, 0.000, 0.000, 0.000, 0.000, 0.000, 0.000, 0.000, 0.000, 0.000, 0.000, 0.000, 0.000, 0.000, 0.000]
----------------------------------------
[DEBUG] Beta=1.0 Phase=addiction Step=258
  State: 3 -> Action: as3 -> Next: 2 (Reward: 0.0)
  Q_MF:  [0.006087, 0.099832, 0.011226, 0.001251, 0.000328, 0.008061, 0.002839, 0.010729, 0.006016]
  Q_MB:  [0.651400, 0.724743, 0.651400, 0.585805, 0.651400, 0.651400, 0.651400, 0.651400, 0.651400]
  Q_MIX: [0.651400, 0.724743, 0.651400, 0.585805, 0.651400, 0.651400, 0.651400, 0.651400, 0.651400]
  MODEL_COUNTS(s,a,*):  [0.000, 0.000, 14.139, 0.475, 0.000, 0.000, 0.000, 0.000, 0.000, 0.000, 0.000, 0.000, 0.000, 0.000, 0.000, 0.000, 0.000, 0.000, 0.000, 0.000, 0.000, 0.000]
  MODEL_REWARDS(s,a,*): [0.000, 0.000, 0.000, 0.000, 0.000, 0.000, 0.000, 0.000, 0.000, 0.000, 0.000, 0.000, 0.000, 0.000, 0.000, 0.000, 0.000, 0.000, 0.000, 0.000, 0.000, 0.000]
----------------------------------------
[DEBUG] Beta=1.0 Phase=addiction Step=259
  State: 2 -> Action: as6 -> Next: 2 (Reward: 0.0)
  Q_MF:  [0.251224, 0.000000, 0.004492, 0.001520, 0.013222, 0.000713, 0.010815, 0.009865, 0.012409]
  Q_MB:  [0.793042, 0.000000, 0.000000, 0.000000, 0.000000, 0.000000, 0.000000, 0.000000, 0.000000]
  Q_MIX: [0.793042, 0.000000, 0.000000, 0.000000, 0.000000, 0.000000, 0.000000, 0.000000, 0.000000]
  MODEL_COUNTS(s,a,*):  [0.000, 0.000, 2.342, 0.000, 0.000, 0.000, 0.000, 0.000, 0.000, 0.000, 0.000, 0.000, 0.000, 0.000, 0.000, 0.000, 0.000, 0.000, 0.000, 0.000, 0.000, 0.000]
  MODEL_REWARDS(s,a,*): [0.000, 0.000, 0.000, 0.000, 0.000, 0.000, 0.000, 0.000, 0.000, 0.000, 0.000, 0.000, 0.000, 0.000, 0.000, 0.000, 0.000, 0.000, 0.000, 0.000, 0.000, 0.000]
----------------------------------------
[DEBUG] Beta=1.0 Phase=addiction Step=260
  State: 2 -> Action: as2 -> Next: 1 (Reward: 0.0)
  Q_MF:  [0.251224, 0.000000, 0.004492, 0.001520, 0.023866, 0.000713, 0.010815, 0.009865, 0.012409]
  Q_MB:  [0.803070, 0.718340, 0.627143, 0.718340, 0.718340, 0.718340, 0.718340, 0.718340, 0.718340]
  Q_MIX: [0.803070, 0.718340, 0.627143, 0.718340, 0.718340, 0.718340, 0.718340, 0.718340, 0.718340]
  MODEL_COUNTS(s,a,*):  [0.000, 13.876, 0.089, 0.000, 0.000, 0.000, 0.000, 0.000, 0.000, 0.000, 0.000, 0.000, 0.000, 0.000, 0.000, 0.000, 0.000, 0.000, 0.000, 0.000, 0.000, 0.000]
  MODEL_REWARDS(s,a,*): [0.000, 0.000, 0.000, 0.000, 0.000, 0.000, 0.000, 0.000, 0.000, 0.000, 0.000, 0.000, 0.000, 0.000, 0.000, 0.000, 0.000, 0.000, 0.000, 0.000, 0.000, 0.000]
----------------------------------------
[DEBUG] Beta=1.0 Phase=addiction Step=261
  State: 1 -> Action: ag -> Next: 0 (Reward: 0.0)
  Q_MF:  [0.022326, 0.011119, 0.016013, 0.000000, 0.056481, 0.000000, 0.523028, 0.009289, 0.007193]
  Q_MB:  [0.808806, 0.726811, 0.808806, 0.808806, 0.808806, 0.808806, 0.898710, 0.808806, 0.808806]
  Q_MIX: [0.808806, 0.726811, 0.808806, 0.808806, 0.808806, 0.808806, 0.898710, 0.808806, 0.808806]
  MODEL_COUNTS(s,a,*):  [13.170, 0.088, 0.000, 0.000, 0.000, 0.000, 0.000, 0.000, 0.000, 0.000, 0.000, 0.000, 0.000, 0.000, 0.000, 0.000, 0.000, 0.000, 0.000, 0.000, 0.000, 0.000]
  MODEL_REWARDS(s,a,*): [0.000, 0.000, 0.000, 0.000, 0.000, 0.000, 0.000, 0.000, 0.000, 0.000, 0.000, 0.000, 0.000, 0.000, 0.000, 0.000, 0.000, 0.000, 0.000, 0.000, 0.000, 0.000]
----------------------------------------
[DEBUG] Beta=1.0 Phase=addiction Step=262
  State: 0 -> Action: ag -> Next: 3 (Reward: 1.0)
  Q_MF:  [0.038522, 0.000000, 0.018060, 0.039484, 0.000000, 0.000000, 0.887748, 0.000000, 0.000000]
  Q_MB:  [0.899322, 0.899322, 0.899322, 0.899322, 0.899322, 0.899322, 1.616998, 0.899322, 0.899322]
  Q_MIX: [0.899322, 0.899322, 0.899322, 0.899322, 0.899322, 0.899322, 1.616998, 0.899322, 0.899322]
  MODEL_COUNTS(s,a,*):  [0.087, 0.000, 0.000, 13.197, 0.000, 0.000, 0.000, 0.000, 0.000, 0.000, 0.000, 0.000, 0.000, 0.000, 0.000, 0.000, 0.000, 0.000, 0.000, 0.000, 0.000, 0.000]
  MODEL_REWARDS(s,a,*): [0.000, 0.000, 0.000, 13.197, 0.000, 0.000, 0.000, 0.000, 0.000, 0.000, 0.000, 0.000, 0.000, 0.000, 0.000, 0.000, 0.000, 0.000, 0.000, 0.000, 0.000, 0.000]
----------------------------------------
[DEBUG] Beta=1.0 Phase=addiction Step=263
  State: 3 -> Action: ag -> Next: 3 (Reward: 0.0)
  Q_MF:  [0.006087, 0.106145, 0.011226, 0.001251, 0.000328, 0.008061, 0.002839, 0.010729, 0.006016]
  Q_MB:  [0.000000, 0.695731, 0.000000, 0.000000, 0.000000, 0.000000, 0.000000, 0.000000, 0.000000]
  Q_MIX: [0.000000, 0.695731, 0.000000, 0.000000, 0.000000, 0.000000, 0.000000, 0.000000, 0.000000]
  MODEL_COUNTS(s,a,*):  [0.000, 0.000, 0.000, 2.235, 0.000, 0.000, 0.000, 0.000, 0.000, 0.000, 0.000, 0.000, 0.000, 0.000, 0.000, 0.000, 0.000, 0.000, 0.000, 0.000, 0.000, 0.000]
  MODEL_REWARDS(s,a,*): [0.000, 0.000, 0.000, 0.000, 0.000, 0.000, 0.000, 0.000, 0.000, 0.000, 0.000, 0.000, 0.000, 0.000, 0.000, 0.000, 0.000, 0.000, 0.000, 0.000, 0.000, 0.000]
----------------------------------------
[DEBUG] Beta=1.0 Phase=addiction Step=264
  State: 3 -> Action: as3 -> Next: 2 (Reward: 0.0)
  Q_MF:  [0.006087, 0.106145, 0.011226, 0.001251, 0.000328, 0.008061, 0.007473, 0.010729, 0.006016]
  Q_MB:  [0.626158, 0.724199, 0.626158, 0.553156, 0.626158, 0.626158, 0.626158, 0.626158, 0.626158]
  Q_MIX: [0.626158, 0.724199, 0.626158, 0.553156, 0.626158, 0.626158, 0.626158, 0.626158, 0.626158]
  MODEL_COUNTS(s,a,*):  [0.000, 0.000, 14.312, 0.448, 0.000, 0.000, 0.000, 0.000, 0.000, 0.000, 0.000, 0.000, 0.000, 0.000, 0.000, 0.000, 0.000, 0.000, 0.000, 0.000, 0.000, 0.000]
  MODEL_REWARDS(s,a,*): [0.000, 0.000, 0.000, 0.000, 0.000, 0.000, 0.000, 0.000, 0.000, 0.000, 0.000, 0.000, 0.000, 0.000, 0.000, 0.000, 0.000, 0.000, 0.000, 0.000, 0.000, 0.000]
----------------------------------------
[DEBUG] Beta=1.0 Phase=addiction Step=265
  State: 2 -> Action: as2 -> Next: 1 (Reward: 0.0)
  Q_MF:  [0.262199, 0.000000, 0.004492, 0.001520, 0.023866, 0.000713, 0.010815, 0.009865, 0.012409]
  Q_MB:  [0.808382, 0.727520, 0.636575, 0.727520, 0.727520, 0.727520, 0.727520, 0.727520, 0.727520]
  Q_MIX: [0.808382, 0.727520, 0.636575, 0.727520, 0.727520, 0.727520, 0.727520, 0.727520, 0.727520]
  MODEL_COUNTS(s,a,*):  [0.000, 14.196, 0.084, 0.000, 0.000, 0.000, 0.000, 0.000, 0.000, 0.000, 0.000, 0.000, 0.000, 0.000, 0.000, 0.000, 0.000, 0.000, 0.000, 0.000, 0.000, 0.000]
  MODEL_REWARDS(s,a,*): [0.000, 0.000, 0.000, 0.000, 0.000, 0.000, 0.000, 0.000, 0.000, 0.000, 0.000, 0.000, 0.000, 0.000, 0.000, 0.000, 0.000, 0.000, 0.000, 0.000, 0.000, 0.000]
----------------------------------------
[DEBUG] Beta=1.0 Phase=addiction Step=266
  State: 1 -> Action: ag -> Next: 0 (Reward: 0.0)
  Q_MF:  [0.022326, 0.011119, 0.016013, 0.000000, 0.056481, 0.000000, 0.536825, 0.009289, 0.007193]
  Q_MB:  [0.808899, 0.726845, 0.808899, 0.808899, 0.808899, 0.808899, 0.898777, 0.808899, 0.808899]
  Q_MIX: [0.808899, 0.726845, 0.808899, 0.808899, 0.808899, 0.808899, 0.898777, 0.808899, 0.808899]
  MODEL_COUNTS(s,a,*):  [13.525, 0.084, 0.000, 0.000, 0.000, 0.000, 0.000, 0.000, 0.000, 0.000, 0.000, 0.000, 0.000, 0.000, 0.000, 0.000, 0.000, 0.000, 0.000, 0.000, 0.000, 0.000]
  MODEL_REWARDS(s,a,*): [0.000, 0.000, 0.000, 0.000, 0.000, 0.000, 0.000, 0.000, 0.000, 0.000, 0.000, 0.000, 0.000, 0.000, 0.000, 0.000, 0.000, 0.000, 0.000, 0.000, 0.000, 0.000]
----------------------------------------
[DEBUG] Beta=1.0 Phase=addiction Step=267
  State: 0 -> Action: ag -> Next: 3 (Reward: 1.0)
  Q_MF:  [0.038522, 0.000000, 0.018060, 0.039484, 0.000000, 0.000000, 0.898138, 0.000000, 0.000000]
  Q_MB:  [0.899376, 0.899376, 0.899376, 0.899376, 0.899376, 0.899376, 0.999341, 0.899376, 0.899376]
  Q_MIX: [0.899376, 0.899376, 0.899376, 0.899376, 0.899376, 0.899376, 0.999341, 0.899376, 0.899376]
  MODEL_COUNTS(s,a,*):  [0.083, 0.000, 0.000, 13.550, 0.000, 0.000, 0.000, 0.000, 0.000, 0.000, 0.000, 0.000, 0.000, 0.000, 0.000, 0.000, 0.000, 0.000, 0.000, 0.000, 0.000, 0.000]
  MODEL_REWARDS(s,a,*): [0.000, 0.000, 0.000, 13.550, 0.000, 0.000, 0.000, 0.000, 0.000, 0.000, 0.000, 0.000, 0.000, 0.000, 0.000, 0.000, 0.000, 0.000, 0.000, 0.000, 0.000, 0.000]
----------------------------------------
[DEBUG] Beta=1.0 Phase=addiction Step=268
  State: 3 -> Action: as3 -> Next: 2 (Reward: 0.0)
  Q_MF:  [0.006087, 0.112637, 0.011226, 0.001251, 0.000328, 0.008061, 0.007473, 0.010729, 0.006016]
  Q_MB:  [0.628074, 0.716906, 0.628074, 0.554848, 0.628074, 0.628074, 0.628074, 0.628074, 0.628074]
  Q_MIX: [0.628074, 0.716906, 0.628074, 0.554848, 0.628074, 0.628074, 0.628074, 0.628074, 0.628074]
  MODEL_COUNTS(s,a,*):  [0.000, 0.000, 14.748, 0.430, 0.000, 0.000, 0.000, 0.000, 0.000, 0.000, 0.000, 0.000, 0.000, 0.000, 0.000, 0.000, 0.000, 0.000, 0.000, 0.000, 0.000, 0.000]
  MODEL_REWARDS(s,a,*): [0.000, 0.000, 0.000, 0.000, 0.000, 0.000, 0.000, 0.000, 0.000, 0.000, 0.000, 0.000, 0.000, 0.000, 0.000, 0.000, 0.000, 0.000, 0.000, 0.000, 0.000, 0.000]
----------------------------------------
[DEBUG] Beta=1.0 Phase=addiction Step=269
  State: 2 -> Action: as7 -> Next: 2 (Reward: 0.0)
  Q_MF:  [0.273246, 0.000000, 0.004492, 0.001520, 0.023866, 0.000713, 0.010815, 0.009865, 0.012409]
  Q_MB:  [0.000000, 0.000000, 0.000000, 0.000000, 0.000000, 0.000000, 0.000000, 0.000000, 0.000000]
  Q_MIX: [0.000000, 0.000000, 0.000000, 0.000000, 0.000000, 0.000000, 0.000000, 0.000000, 0.000000]
  MODEL_COUNTS(s,a,*):  [0.000, 0.000, 1.369, 0.000, 0.000, 0.000, 0.000, 0.000, 0.000, 0.000, 0.000, 0.000, 0.000, 0.000, 0.000, 0.000, 0.000, 0.000, 0.000, 0.000, 0.000, 0.000]
  MODEL_REWARDS(s,a,*): [0.000, 0.000, 0.000, 0.000, 0.000, 0.000, 0.000, 0.000, 0.000, 0.000, 0.000, 0.000, 0.000, 0.000, 0.000, 0.000, 0.000, 0.000, 0.000, 0.000, 0.000, 0.000]
----------------------------------------
[DEBUG] Beta=1.0 Phase=addiction Step=270
  State: 2 -> Action: as2 -> Next: 1 (Reward: 0.0)
  Q_MF:  [0.273246, 0.000000, 0.004492, 0.001520, 0.023866, 0.012974, 0.010815, 0.009865, 0.012409]
  Q_MB:  [0.804113, 0.723681, 0.650339, 0.723681, 0.723681, 0.723681, 0.723681, 0.723681, 0.723681]
  Q_MIX: [0.804113, 0.723681, 0.650339, 0.723681, 0.723681, 0.723681, 0.723681, 0.723681, 0.723681]
  MODEL_COUNTS(s,a,*):  [0.000, 14.500, 0.080, 0.000, 0.000, 0.000, 0.000, 0.000, 0.000, 0.000, 0.000, 0.000, 0.000, 0.000, 0.000, 0.000, 0.000, 0.000, 0.000, 0.000, 0.000, 0.000]
  MODEL_REWARDS(s,a,*): [0.000, 0.000, 0.000, 0.000, 0.000, 0.000, 0.000, 0.000, 0.000, 0.000, 0.000, 0.000, 0.000, 0.000, 0.000, 0.000, 0.000, 0.000, 0.000, 0.000, 0.000, 0.000]
----------------------------------------
[DEBUG] Beta=1.0 Phase=addiction Step=271
  State: 1 -> Action: ad -> Next: 1 (Reward: 0.0)
  Q_MF:  [0.022326, 0.011119, 0.016013, 0.000000, 0.056481, 0.000000, 0.550400, 0.009289, 0.007193]
  Q_MB:  [0.808982, 0.727562, 0.808982, 0.808982, 0.808982, 0.808982, 1.461853, 0.808982, 0.808982]
  Q_MIX: [0.808982, 0.727562, 0.808982, 0.808982, 0.808982, 0.808982, 1.461853, 0.808982, 0.808982]
  MODEL_COUNTS(s,a,*):  [0.000, 1.375, 0.000, 0.000, 0.000, 0.000, 0.000, 0.000, 0.000, 0.000, 0.000, 0.000, 0.000, 0.000, 0.000, 0.000, 0.000, 0.000, 0.000, 0.000, 0.000, 0.000]
  MODEL_REWARDS(s,a,*): [0.000, 0.000, 0.000, 0.000, 0.000, 0.000, 0.000, 0.000, 0.000, 0.000, 0.000, 0.000, 0.000, 0.000, 0.000, 0.000, 0.000, 0.000, 0.000, 0.000, 0.000, 0.000]
----------------------------------------
[DEBUG] Beta=1.0 Phase=addiction Step=272
  State: 1 -> Action: ag -> Next: 0 (Reward: 0.0)
  Q_MF:  [0.022326, 0.011119, 0.016013, 0.000000, 0.056481, 0.000000, 0.550400, 0.033592, 0.007193]
  Q_MB:  [0.809006, 0.723749, 0.809006, 0.809006, 0.809006, 0.809006, 0.898896, 0.809006, 0.809006]
  Q_MIX: [0.809006, 0.723749, 0.809006, 0.809006, 0.809006, 0.809006, 0.898896, 0.809006, 0.809006]
  MODEL_COUNTS(s,a,*):  [13.733, 0.079, 0.000, 0.000, 0.000, 0.000, 0.000, 0.000, 0.000, 0.000, 0.000, 0.000, 0.000, 0.000, 0.000, 0.000, 0.000, 0.000, 0.000, 0.000, 0.000, 0.000]
  MODEL_REWARDS(s,a,*): [0.000, 0.000, 0.000, 0.000, 0.000, 0.000, 0.000, 0.000, 0.000, 0.000, 0.000, 0.000, 0.000, 0.000, 0.000, 0.000, 0.000, 0.000, 0.000, 0.000, 0.000, 0.000]
----------------------------------------
[DEBUG] Beta=1.0 Phase=addiction Step=273
  State: 0 -> Action: ag -> Next: 3 (Reward: 1.0)
  Q_MF:  [0.038522, 0.000000, 0.018060, 0.039484, 0.000000, 0.000000, 0.908299, 0.000000, 0.000000]
  Q_MB:  [0.899424, 0.899424, 0.899424, 0.899424, 0.899424, 0.899424, 0.999390, 0.899424, 0.899424]
  Q_MIX: [0.899424, 0.899424, 0.899424, 0.899424, 0.899424, 0.899424, 0.999390, 0.899424, 0.899424]
  MODEL_COUNTS(s,a,*):  [0.078, 0.000, 0.000, 13.757, 0.000, 0.000, 0.000, 0.000, 0.000, 0.000, 0.000, 0.000, 0.000, 0.000, 0.000, 0.000, 0.000, 0.000, 0.000, 0.000, 0.000, 0.000]
  MODEL_REWARDS(s,a,*): [0.000, 0.000, 0.000, 13.757, 0.000, 0.000, 0.000, 0.000, 0.000, 0.000, 0.000, 0.000, 0.000, 0.000, 0.000, 0.000, 0.000, 0.000, 0.000, 0.000, 0.000, 0.000]
----------------------------------------
[DEBUG] Beta=1.0 Phase=addiction Step=274
  State: 3 -> Action: as7 -> Next: 3 (Reward: 0.0)
  Q_MF:  [0.006087, 0.119301, 0.011226, 0.001251, 0.000328, 0.008061, 0.007473, 0.010729, 0.006016]
  Q_MB:  [0.000000, 0.000000, 0.000000, 0.000000, 0.000000, 0.000000, 0.000000, 0.000000, 0.000000]
  Q_MIX: [0.000000, 0.000000, 0.000000, 0.000000, 0.000000, 0.000000, 0.000000, 0.000000, 0.000000]
  MODEL_COUNTS(s,a,*):  [0.000, 0.000, 0.000, 3.644, 0.000, 0.000, 0.000, 0.000, 0.000, 0.000, 0.000, 0.000, 0.000, 0.000, 0.000, 0.000, 0.000, 0.000, 0.000, 0.000, 0.000, 0.000]
  MODEL_REWARDS(s,a,*): [0.000, 0.000, 0.000, 0.000, 0.000, 0.000, 0.000, 0.000, 0.000, 0.000, 0.000, 0.000, 0.000, 0.000, 0.000, 0.000, 0.000, 0.000, 0.000, 0.000, 0.000, 0.000]
----------------------------------------
[DEBUG] Beta=1.0 Phase=addiction Step=275
  State: 3 -> Action: as6 -> Next: 3 (Reward: 0.0)
  Q_MF:  [0.006087, 0.119301, 0.011226, 0.001251, 0.000328, 0.013026, 0.007473, 0.010729, 0.006016]
  Q_MB:  [0.000000, 0.000000, 0.000000, 0.000000, 0.000000, 0.000000, 0.000000, 0.000000, 0.000000]
  Q_MIX: [0.000000, 0.000000, 0.000000, 0.000000, 0.000000, 0.000000, 0.000000, 0.000000, 0.000000]
  MODEL_COUNTS(s,a,*):  [0.000, 0.000, 0.000, 1.725, 0.000, 0.000, 0.000, 0.000, 0.000, 0.000, 0.000, 0.000, 0.000, 0.000, 0.000, 0.000, 0.000, 0.000, 0.000, 0.000, 0.000, 0.000]
  MODEL_REWARDS(s,a,*): [0.000, 0.000, 0.000, 0.000, 0.000, 0.000, 0.000, 0.000, 0.000, 0.000, 0.000, 0.000, 0.000, 0.000, 0.000, 0.000, 0.000, 0.000, 0.000, 0.000, 0.000, 0.000]
----------------------------------------
[DEBUG] Beta=1.0 Phase=addiction Step=276
  State: 3 -> Action: as4 -> Next: 3 (Reward: 0.0)
  Q_MF:  [0.006087, 0.119301, 0.011226, 0.001251, 0.005680, 0.013026, 0.007473, 0.010729, 0.006016]
  Q_MB:  [0.000000, 0.000000, 0.000000, 0.000000, 0.000000, 0.000000, 0.000000, 0.000000, 0.000000]
  Q_MIX: [0.000000, 0.000000, 0.000000, 0.000000, 0.000000, 0.000000, 0.000000, 0.000000, 0.000000]
  MODEL_COUNTS(s,a,*):  [0.000, 0.000, 0.000, 3.649, 0.000, 0.000, 0.000, 0.000, 0.000, 0.000, 0.000, 0.000, 0.000, 0.000, 0.000, 0.000, 0.000, 0.000, 0.000, 0.000, 0.000, 0.000]
  MODEL_REWARDS(s,a,*): [0.000, 0.000, 0.000, 0.000, 0.000, 0.000, 0.000, 0.000, 0.000, 0.000, 0.000, 0.000, 0.000, 0.000, 0.000, 0.000, 0.000, 0.000, 0.000, 0.000, 0.000, 0.000]
----------------------------------------
[DEBUG] Beta=1.0 Phase=addiction Step=277
  State: 3 -> Action: as3 -> Next: 2 (Reward: 0.0)
  Q_MF:  [0.006087, 0.119301, 0.016034, 0.001251, 0.005680, 0.013026, 0.007473, 0.010729, 0.006016]
  Q_MB:  [0.633167, 0.721454, 0.633167, 0.014262, 0.633167, 0.633167, 0.633167, 0.633167, 0.633167]
  Q_MIX: [0.633167, 0.721454, 0.633167, 0.014262, 0.633167, 0.633167, 0.633167, 0.633167, 0.633167]
  MODEL_COUNTS(s,a,*):  [0.000, 0.000, 14.473, 0.393, 0.000, 0.000, 0.000, 0.000, 0.000, 0.000, 0.000, 0.000, 0.000, 0.000, 0.000, 0.000, 0.000, 0.000, 0.000, 0.000, 0.000, 0.000]
  MODEL_REWARDS(s,a,*): [0.000, 0.000, 0.000, 0.000, 0.000, 0.000, 0.000, 0.000, 0.000, 0.000, 0.000, 0.000, 0.000, 0.000, 0.000, 0.000, 0.000, 0.000, 0.000, 0.000, 0.000, 0.000]
----------------------------------------
[DEBUG] Beta=1.0 Phase=addiction Step=278
  State: 2 -> Action: as2 -> Next: 1 (Reward: 0.0)
  Q_MF:  [0.284352, 0.000000, 0.004492, 0.001520, 0.023866, 0.012974, 0.010815, 0.009865, 0.012409]
  Q_MB:  [0.804585, 0.000000, 0.000000, 0.000000, 0.000000, 0.000000, 0.000000, 0.000000, 0.000000]
  Q_MIX: [0.804585, 0.000000, 0.000000, 0.000000, 0.000000, 0.000000, 0.000000, 0.000000, 0.000000]
  MODEL_COUNTS(s,a,*):  [0.000, 14.380, 0.074, 0.000, 0.000, 0.000, 0.000, 0.000, 0.000, 0.000, 0.000, 0.000, 0.000, 0.000, 0.000, 0.000, 0.000, 0.000, 0.000, 0.000, 0.000, 0.000]
  MODEL_REWARDS(s,a,*): [0.000, 0.000, 0.000, 0.000, 0.000, 0.000, 0.000, 0.000, 0.000, 0.000, 0.000, 0.000, 0.000, 0.000, 0.000, 0.000, 0.000, 0.000, 0.000, 0.000, 0.000, 0.000]
----------------------------------------
[DEBUG] Beta=1.0 Phase=addiction Step=279
  State: 1 -> Action: ag -> Next: 0 (Reward: 0.0)
  Q_MF:  [0.022326, 0.011119, 0.016013, 0.000000, 0.056481, 0.000000, 0.563753, 0.033592, 0.007193]
  Q_MB:  [1.319749, 1.190557, 1.319749, 1.319749, 1.319749, 1.319749, 1.469318, 1.319749, 1.319749]
  Q_MIX: [1.319749, 1.190557, 1.319749, 1.319749, 1.319749, 1.319749, 1.469318, 1.319749, 1.319749]
  MODEL_COUNTS(s,a,*):  [13.800, 0.073, 0.000, 0.000, 0.000, 0.000, 0.000, 0.000, 0.000, 0.000, 0.000, 0.000, 0.000, 0.000, 0.000, 0.000, 0.000, 0.000, 0.000, 0.000, 0.000, 0.000]
  MODEL_REWARDS(s,a,*): [0.000, 0.000, 0.000, 0.000, 0.000, 0.000, 0.000, 0.000, 0.000, 0.000, 0.000, 0.000, 0.000, 0.000, 0.000, 0.000, 0.000, 0.000, 0.000, 0.000, 0.000, 0.000]
----------------------------------------
[DEBUG] Beta=1.0 Phase=addiction Step=280
  State: 0 -> Action: ag -> Next: 3 (Reward: 1.0)
  Q_MF:  [0.038522, 0.000000, 0.018060, 0.039484, 0.000000, 0.000000, 0.918253, 0.000000, 0.000000]
  Q_MB:  [1.464893, 1.464893, 1.464893, 1.464893, 1.464893, 1.464893, 1.645779, 1.464893, 1.464893]
  Q_MIX: [1.464893, 1.464893, 1.464893, 1.464893, 1.464893, 1.464893, 1.645779, 1.464893, 1.464893]
  MODEL_COUNTS(s,a,*):  [0.073, 0.000, 0.000, 13.823, 0.000, 0.000, 0.000, 0.000, 0.000, 0.000, 0.000, 0.000, 0.000, 0.000, 0.000, 0.000, 0.000, 0.000, 0.000, 0.000, 0.000, 0.000]
  MODEL_REWARDS(s,a,*): [0.000, 0.000, 0.000, 13.823, 0.000, 0.000, 0.000, 0.000, 0.000, 0.000, 0.000, 0.000, 0.000, 0.000, 0.000, 0.000, 0.000, 0.000, 0.000, 0.000, 0.000, 0.000]
----------------------------------------
[DEBUG] Beta=1.0 Phase=addiction Step=281
  State: 3 -> Action: as3 -> Next: 2 (Reward: 0.0)
  Q_MF:  [0.006087, 0.126132, 0.016034, 0.001251, 0.005680, 0.013026, 0.007473, 0.010729, 0.006016]
  Q_MB:  [0.000000, 0.705328, 0.000000, 0.000000, 0.000000, 0.000000, 0.000000, 0.000000, 0.000000]
  Q_MIX: [0.000000, 0.705328, 0.000000, 0.000000, 0.000000, 0.000000, 0.000000, 0.000000, 0.000000]
  MODEL_COUNTS(s,a,*):  [0.000, 0.000, 14.902, 0.377, 0.000, 0.000, 0.000, 0.000, 0.000, 0.000, 0.000, 0.000, 0.000, 0.000, 0.000, 0.000, 0.000, 0.000, 0.000, 0.000, 0.000, 0.000]
  MODEL_REWARDS(s,a,*): [0.000, 0.000, 0.000, 0.000, 0.000, 0.000, 0.000, 0.000, 0.000, 0.000, 0.000, 0.000, 0.000, 0.000, 0.000, 0.000, 0.000, 0.000, 0.000, 0.000, 0.000, 0.000]
----------------------------------------
[DEBUG] Beta=1.0 Phase=addiction Step=282
  State: 2 -> Action: as4 -> Next: 3 (Reward: 0.0)
  Q_MF:  [0.295503, 0.000000, 0.004492, 0.001520, 0.023866, 0.012974, 0.010815, 0.009865, 0.012409]
  Q_MB:  [0.000000, 0.000000, 0.000000, 0.000000, 0.000000, 0.000000, 0.000000, 0.000000, 0.000000]
  Q_MIX: [0.000000, 0.000000, 0.000000, 0.000000, 0.000000, 0.000000, 0.000000, 0.000000, 0.000000]
  MODEL_COUNTS(s,a,*):  [0.000, 0.000, 0.071, 4.889, 0.000, 0.000, 0.000, 0.000, 0.000, 0.000, 0.000, 0.000, 0.000, 0.000, 0.000, 0.000, 0.000, 0.000, 0.000, 0.000, 0.000, 0.000]
  MODEL_REWARDS(s,a,*): [0.000, 0.000, 0.000, 0.000, 0.000, 0.000, 0.000, 0.000, 0.000, 0.000, 0.000, 0.000, 0.000, 0.000, 0.000, 0.000, 0.000, 0.000, 0.000, 0.000, 0.000, 0.000]
----------------------------------------
[DEBUG] Beta=1.0 Phase=addiction Step=283
  State: 3 -> Action: ag -> Next: 3 (Reward: 0.0)
  Q_MF:  [0.006087, 0.133123, 0.016034, 0.001251, 0.005680, 0.013026, 0.007473, 0.010729, 0.006016]
  Q_MB:  [0.000000, 0.000000, 0.000000, 0.000000, 0.000000, 0.000000, 0.000000, 0.000000, 0.000000]
  Q_MIX: [0.000000, 0.000000, 0.000000, 0.000000, 0.000000, 0.000000, 0.000000, 0.000000, 0.000000]
  MODEL_COUNTS(s,a,*):  [0.000, 0.000, 0.000, 2.828, 0.000, 0.000, 0.000, 0.000, 0.000, 0.000, 0.000, 0.000, 0.000, 0.000, 0.000, 0.000, 0.000, 0.000, 0.000, 0.000, 0.000, 0.000]
  MODEL_REWARDS(s,a,*): [0.000, 0.000, 0.000, 0.000, 0.000, 0.000, 0.000, 0.000, 0.000, 0.000, 0.000, 0.000, 0.000, 0.000, 0.000, 0.000, 0.000, 0.000, 0.000, 0.000, 0.000, 0.000]
----------------------------------------
[DEBUG] Beta=1.0 Phase=addiction Step=284
  State: 3 -> Action: as3 -> Next: 2 (Reward: 0.0)
  Q_MF:  [0.006087, 0.133123, 0.016034, 0.001251, 0.005680, 0.013026, 0.013090, 0.010729, 0.006016]
  Q_MB:  [0.000000, 0.709853, 0.000000, 0.000000, 0.000000, 0.000000, 0.000000, 0.000000, 0.000000]
  Q_MIX: [0.000000, 0.709853, 0.000000, 0.000000, 0.000000, 0.000000, 0.000000, 0.000000, 0.000000]
  MODEL_COUNTS(s,a,*):  [0.000, 0.000, 15.460, 0.366, 0.000, 0.000, 0.000, 0.000, 0.000, 0.000, 0.000, 0.000, 0.000, 0.000, 0.000, 0.000, 0.000, 0.000, 0.000, 0.000, 0.000, 0.000]
  MODEL_REWARDS(s,a,*): [0.000, 0.000, 0.000, 0.000, 0.000, 0.000, 0.000, 0.000, 0.000, 0.000, 0.000, 0.000, 0.000, 0.000, 0.000, 0.000, 0.000, 0.000, 0.000, 0.000, 0.000, 0.000]
----------------------------------------
[DEBUG] Beta=1.0 Phase=addiction Step=285
  State: 2 -> Action: as2 -> Next: 1 (Reward: 0.0)
  Q_MF:  [0.295503, 0.000000, 0.010258, 0.001520, 0.023866, 0.012974, 0.010815, 0.009865, 0.012409]
  Q_MB:  [0.808711, 0.727808, 0.641136, 0.727808, 0.727808, 0.727808, 0.727808, 0.727808, 0.727808]
  Q_MIX: [0.808711, 0.727808, 0.641136, 0.727808, 0.727808, 0.727808, 0.727808, 0.727808, 0.727808]
  MODEL_COUNTS(s,a,*):  [0.000, 14.403, 0.069, 0.000, 0.000, 0.000, 0.000, 0.000, 0.000, 0.000, 0.000, 0.000, 0.000, 0.000, 0.000, 0.000, 0.000, 0.000, 0.000, 0.000, 0.000, 0.000]
  MODEL_REWARDS(s,a,*): [0.000, 0.000, 0.000, 0.000, 0.000, 0.000, 0.000, 0.000, 0.000, 0.000, 0.000, 0.000, 0.000, 0.000, 0.000, 0.000, 0.000, 0.000, 0.000, 0.000, 0.000, 0.000]
----------------------------------------
[DEBUG] Beta=1.0 Phase=addiction Step=286
  State: 1 -> Action: ag -> Next: 0 (Reward: 0.0)
  Q_MF:  [0.022326, 0.011119, 0.016013, 0.000000, 0.056481, 0.000000, 0.576887, 0.033592, 0.007193]
  Q_MB:  [0.805325, 0.724784, 0.805325, 0.805325, 0.805325, 0.805325, 0.899030, 0.805325, 0.805325]
  Q_MIX: [0.805325, 0.724784, 0.805325, 0.805325, 0.805325, 0.805325, 0.899030, 0.805325, 0.805325]
  MODEL_COUNTS(s,a,*):  [13.863, 0.068, 0.000, 0.000, 0.000, 0.000, 0.000, 0.000, 0.000, 0.000, 0.000, 0.000, 0.000, 0.000, 0.000, 0.000, 0.000, 0.000, 0.000, 0.000, 0.000, 0.000]
  MODEL_REWARDS(s,a,*): [0.000, 0.000, 0.000, 0.000, 0.000, 0.000, 0.000, 0.000, 0.000, 0.000, 0.000, 0.000, 0.000, 0.000, 0.000, 0.000, 0.000, 0.000, 0.000, 0.000, 0.000, 0.000]
----------------------------------------
[DEBUG] Beta=1.0 Phase=addiction Step=287
  State: 0 -> Action: as4 -> Next: 0 (Reward: 0.0)
  Q_MF:  [0.038522, 0.000000, 0.018060, 0.039484, 0.000000, 0.000000, 0.928016, 0.000000, 0.000000]
  Q_MB:  [0.899528, 0.899528, 0.899528, 0.899528, 0.899528, 0.899528, 0.999475, 0.899528, 0.899528]
  Q_MIX: [0.899528, 0.899528, 0.899528, 0.899528, 0.899528, 0.899528, 0.999475, 0.899528, 0.899528]
  MODEL_COUNTS(s,a,*):  [1.178, 0.000, 0.000, 0.000, 0.000, 0.000, 0.000, 0.000, 0.000, 0.000, 0.000, 0.000, 0.000, 0.000, 0.000, 0.000, 0.000, 0.000, 0.000, 0.000, 0.000, 0.000]
  MODEL_REWARDS(s,a,*): [0.000, 0.000, 0.000, 0.000, 0.000, 0.000, 0.000, 0.000, 0.000, 0.000, 0.000, 0.000, 0.000, 0.000, 0.000, 0.000, 0.000, 0.000, 0.000, 0.000, 0.000, 0.000]
----------------------------------------
[DEBUG] Beta=1.0 Phase=addiction Step=288
  State: 0 -> Action: ag -> Next: 3 (Reward: 1.0)
  Q_MF:  [0.038522, 0.000000, 0.058918, 0.039484, 0.000000, 0.000000, 0.928016, 0.000000, 0.000000]
  Q_MB:  [0.895301, 0.895301, 0.895301, 0.895301, 0.895301, 0.895301, 0.999453, 0.895301, 0.895301]
  Q_MIX: [0.895301, 0.895301, 0.895301, 0.895301, 0.895301, 0.895301, 0.999453, 0.895301, 0.895301]
  MODEL_COUNTS(s,a,*):  [0.067, 0.000, 0.000, 13.755, 0.000, 0.000, 0.000, 0.000, 0.000, 0.000, 0.000, 0.000, 0.000, 0.000, 0.000, 0.000, 0.000, 0.000, 0.000, 0.000, 0.000, 0.000]
  MODEL_REWARDS(s,a,*): [0.000, 0.000, 0.000, 13.755, 0.000, 0.000, 0.000, 0.000, 0.000, 0.000, 0.000, 0.000, 0.000, 0.000, 0.000, 0.000, 0.000, 0.000, 0.000, 0.000, 0.000, 0.000]
----------------------------------------
[DEBUG] Beta=1.0 Phase=addiction Step=289
  State: 3 -> Action: as3 -> Next: 2 (Reward: 0.0)
  Q_MF:  [0.006087, 0.139765, 0.016034, 0.001251, 0.005680, 0.013026, 0.013090, 0.010729, 0.006016]
  Q_MB:  [0.000000, 0.707986, 0.000000, 0.000000, 0.000000, 0.000000, 0.000000, 0.000000, 0.000000]
  Q_MIX: [0.000000, 0.707986, 0.000000, 0.000000, 0.000000, 0.000000, 0.000000, 0.000000, 0.000000]
  MODEL_COUNTS(s,a,*):  [0.000, 0.000, 15.702, 0.348, 0.000, 0.000, 0.000, 0.000, 0.000, 0.000, 0.000, 0.000, 0.000, 0.000, 0.000, 0.000, 0.000, 0.000, 0.000, 0.000, 0.000, 0.000]
  MODEL_REWARDS(s,a,*): [0.000, 0.000, 0.000, 0.000, 0.000, 0.000, 0.000, 0.000, 0.000, 0.000, 0.000, 0.000, 0.000, 0.000, 0.000, 0.000, 0.000, 0.000, 0.000, 0.000, 0.000, 0.000]
----------------------------------------
[DEBUG] Beta=1.0 Phase=addiction Step=290
  State: 2 -> Action: as2 -> Next: 1 (Reward: 0.0)
  Q_MF:  [0.306688, 0.000000, 0.010258, 0.001520, 0.023866, 0.012974, 0.010815, 0.009865, 0.012409]
  Q_MB:  [0.808820, 0.727924, 0.654446, 0.727924, 0.727924, 0.727924, 0.727924, 0.727924, 0.727924]
  Q_MIX: [0.808820, 0.727924, 0.654446, 0.727924, 0.727924, 0.727924, 0.727924, 0.727924, 0.727924]
  MODEL_COUNTS(s,a,*):  [0.000, 14.697, 0.066, 0.000, 0.000, 0.000, 0.000, 0.000, 0.000, 0.000, 0.000, 0.000, 0.000, 0.000, 0.000, 0.000, 0.000, 0.000, 0.000, 0.000, 0.000, 0.000]
  MODEL_REWARDS(s,a,*): [0.000, 0.000, 0.000, 0.000, 0.000, 0.000, 0.000, 0.000, 0.000, 0.000, 0.000, 0.000, 0.000, 0.000, 0.000, 0.000, 0.000, 0.000, 0.000, 0.000, 0.000, 0.000]
----------------------------------------
[DEBUG] Beta=1.0 Phase=addiction Step=291
  State: 1 -> Action: ag -> Next: 0 (Reward: 0.0)
  Q_MF:  [0.022326, 0.011119, 0.016013, 0.000000, 0.056481, 0.000000, 0.589803, 0.033592, 0.007193]
  Q_MB:  [0.809161, 0.731229, 0.809161, 0.809161, 0.809161, 0.809161, 1.481370, 0.809161, 0.809161]
  Q_MIX: [0.809161, 0.731229, 0.809161, 0.809161, 0.809161, 0.809161, 1.481370, 0.809161, 0.809161]
  MODEL_COUNTS(s,a,*):  [14.183, 0.065, 0.000, 0.000, 0.000, 0.000, 0.000, 0.000, 0.000, 0.000, 0.000, 0.000, 0.000, 0.000, 0.000, 0.000, 0.000, 0.000, 0.000, 0.000, 0.000, 0.000]
  MODEL_REWARDS(s,a,*): [0.000, 0.000, 0.000, 0.000, 0.000, 0.000, 0.000, 0.000, 0.000, 0.000, 0.000, 0.000, 0.000, 0.000, 0.000, 0.000, 0.000, 0.000, 0.000, 0.000, 0.000, 0.000]
----------------------------------------
[DEBUG] Beta=1.0 Phase=addiction Step=292
  State: 0 -> Action: ag -> Next: 3 (Reward: 1.0)
  Q_MF:  [0.038522, 0.000000, 0.058918, 0.039484, 0.000000, 0.000000, 0.937905, 0.000000, 0.000000]
  Q_MB:  [0.899545, 0.899545, 0.899545, 0.899545, 0.899545, 0.899545, 0.999513, 0.899545, 0.899545]
  Q_MIX: [0.899545, 0.899545, 0.899545, 0.899545, 0.899545, 0.899545, 0.999513, 0.899545, 0.899545]
  MODEL_COUNTS(s,a,*):  [0.064, 0.000, 0.000, 14.213, 0.000, 0.000, 0.000, 0.000, 0.000, 0.000, 0.000, 0.000, 0.000, 0.000, 0.000, 0.000, 0.000, 0.000, 0.000, 0.000, 0.000, 0.000]
  MODEL_REWARDS(s,a,*): [0.000, 0.000, 0.000, 14.213, 0.000, 0.000, 0.000, 0.000, 0.000, 0.000, 0.000, 0.000, 0.000, 0.000, 0.000, 0.000, 0.000, 0.000, 0.000, 0.000, 0.000, 0.000]
----------------------------------------
[DEBUG] Beta=1.0 Phase=addiction Step=293
  State: 3 -> Action: as6 -> Next: 3 (Reward: 0.0)
  Q_MF:  [0.006087, 0.146577, 0.016034, 0.001251, 0.005680, 0.013026, 0.013090, 0.010729, 0.006016]
  Q_MB:  [0.638348, 0.723122, 0.638348, 0.563924, 0.638348, 0.638348, 0.638348, 0.638348, 0.638348]
  Q_MIX: [0.638348, 0.723122, 0.638348, 0.563924, 0.638348, 0.638348, 0.638348, 0.638348, 0.638348]
  MODEL_COUNTS(s,a,*):  [0.000, 0.000, 0.000, 2.440, 0.000, 0.000, 0.000, 0.000, 0.000, 0.000, 0.000, 0.000, 0.000, 0.000, 0.000, 0.000, 0.000, 0.000, 0.000, 0.000, 0.000, 0.000]
  MODEL_REWARDS(s,a,*): [0.000, 0.000, 0.000, 0.000, 0.000, 0.000, 0.000, 0.000, 0.000, 0.000, 0.000, 0.000, 0.000, 0.000, 0.000, 0.000, 0.000, 0.000, 0.000, 0.000, 0.000, 0.000]
----------------------------------------
[DEBUG] Beta=1.0 Phase=addiction Step=294
  State: 3 -> Action: as7 -> Next: 3 (Reward: 0.0)
  Q_MF:  [0.006087, 0.146577, 0.016034, 0.001251, 0.011992, 0.013026, 0.013090, 0.010729, 0.006016]
  Q_MB:  [0.000000, 0.000000, 0.000000, 0.000000, 0.000000, 0.000000, 0.000000, 0.000000, 0.000000]
  Q_MIX: [0.000000, 0.000000, 0.000000, 0.000000, 0.000000, 0.000000, 0.000000, 0.000000, 0.000000]
  MODEL_COUNTS(s,a,*):  [0.000, 0.000, 0.000, 3.981, 0.000, 0.000, 0.000, 0.000, 0.000, 0.000, 0.000, 0.000, 0.000, 0.000, 0.000, 0.000, 0.000, 0.000, 0.000, 0.000, 0.000, 0.000]
  MODEL_REWARDS(s,a,*): [0.000, 0.000, 0.000, 0.000, 0.000, 0.000, 0.000, 0.000, 0.000, 0.000, 0.000, 0.000, 0.000, 0.000, 0.000, 0.000, 0.000, 0.000, 0.000, 0.000, 0.000, 0.000]
----------------------------------------
[DEBUG] Beta=1.0 Phase=addiction Step=295
  State: 3 -> Action: aw -> Next: 3 (Reward: 0.0)
  Q_MF:  [0.006087, 0.146577, 0.016034, 0.001251, 0.011992, 0.018971, 0.013090, 0.010729, 0.006016]
  Q_MB:  [0.000000, 0.000000, 0.000000, 0.000000, 0.000000, 0.000000, 0.000000, 0.000000, 0.000000]
  Q_MIX: [0.000000, 0.000000, 0.000000, 0.000000, 0.000000, 0.000000, 0.000000, 0.000000, 0.000000]
  MODEL_COUNTS(s,a,*):  [0.000, 0.000, 0.000, 2.350, 0.000, 0.000, 0.000, 0.000, 0.000, 0.000, 0.000, 0.000, 0.000, 0.000, 0.000, 0.000, 0.000, 0.000, 0.000, 0.000, 0.000, 0.000]
  MODEL_REWARDS(s,a,*): [0.000, 0.000, 0.000, 0.000, 0.000, 0.000, 0.000, 0.000, 0.000, 0.000, 0.000, 0.000, 0.000, 0.000, 0.000, 0.000, 0.000, 0.000, 0.000, 0.000, 0.000, 0.000]
----------------------------------------
[DEBUG] Beta=1.0 Phase=addiction Step=296
  State: 3 -> Action: as7 -> Next: 3 (Reward: 0.0)
  Q_MF:  [0.006087, 0.146577, 0.016034, 0.001251, 0.011992, 0.018971, 0.013090, 0.010729, 0.012311]
  Q_MB:  [0.000000, 0.000000, 0.000000, 0.000000, 0.000000, 0.000000, 0.000000, 0.000000, 0.000000]
  Q_MIX: [0.000000, 0.000000, 0.000000, 0.000000, 0.000000, 0.000000, 0.000000, 0.000000, 0.000000]
  MODEL_COUNTS(s,a,*):  [0.000, 0.000, 0.000, 4.902, 0.000, 0.000, 0.000, 0.000, 0.000, 0.000, 0.000, 0.000, 0.000, 0.000, 0.000, 0.000, 0.000, 0.000, 0.000, 0.000, 0.000, 0.000]
  MODEL_REWARDS(s,a,*): [0.000, 0.000, 0.000, 0.000, 0.000, 0.000, 0.000, 0.000, 0.000, 0.000, 0.000, 0.000, 0.000, 0.000, 0.000, 0.000, 0.000, 0.000, 0.000, 0.000, 0.000, 0.000]
----------------------------------------
[DEBUG] Beta=1.0 Phase=addiction Step=297
  State: 3 -> Action: as3 -> Next: 2 (Reward: 0.0)
  Q_MF:  [0.006087, 0.146577, 0.016034, 0.001251, 0.011992, 0.024619, 0.013090, 0.010729, 0.012311]
  Q_MB:  [0.000000, 0.703597, 0.000000, 0.000000, 0.000000, 0.000000, 0.000000, 0.000000, 0.000000]
  Q_MIX: [0.000000, 0.703597, 0.000000, 0.000000, 0.000000, 0.000000, 0.000000, 0.000000, 0.000000]
  MODEL_COUNTS(s,a,*):  [0.000, 0.000, 15.489, 0.321, 0.000, 0.000, 0.000, 0.000, 0.000, 0.000, 0.000, 0.000, 0.000, 0.000, 0.000, 0.000, 0.000, 0.000, 0.000, 0.000, 0.000, 0.000]
  MODEL_REWARDS(s,a,*): [0.000, 0.000, 0.000, 0.000, 0.000, 0.000, 0.000, 0.000, 0.000, 0.000, 0.000, 0.000, 0.000, 0.000, 0.000, 0.000, 0.000, 0.000, 0.000, 0.000, 0.000, 0.000]
----------------------------------------
[DEBUG] Beta=1.0 Phase=addiction Step=298
  State: 2 -> Action: as2 -> Next: 1 (Reward: 0.0)
  Q_MF:  [0.317895, 0.000000, 0.010258, 0.001520, 0.023866, 0.012974, 0.010815, 0.009865, 0.012409]
  Q_MB:  [0.808876, 0.725075, 0.010394, 0.725075, 0.725075, 0.725075, 0.725075, 0.725075, 0.725075]
  Q_MIX: [0.808876, 0.725075, 0.010394, 0.725075, 0.725075, 0.725075, 0.725075, 0.725075, 0.725075]
  MODEL_COUNTS(s,a,*):  [0.000, 14.562, 0.061, 0.000, 0.000, 0.000, 0.000, 0.000, 0.000, 0.000, 0.000, 0.000, 0.000, 0.000, 0.000, 0.000, 0.000, 0.000, 0.000, 0.000, 0.000, 0.000]
  MODEL_REWARDS(s,a,*): [0.000, 0.000, 0.000, 0.000, 0.000, 0.000, 0.000, 0.000, 0.000, 0.000, 0.000, 0.000, 0.000, 0.000, 0.000, 0.000, 0.000, 0.000, 0.000, 0.000, 0.000, 0.000]
----------------------------------------
[DEBUG] Beta=1.0 Phase=addiction Step=299
  State: 1 -> Action: ag -> Next: 0 (Reward: 0.0)
  Q_MF:  [0.022326, 0.011119, 0.016013, 0.000000, 0.056481, 0.000000, 0.602519, 0.033592, 0.007193]
  Q_MB:  [0.809236, 0.731333, 0.809236, 0.809236, 0.809236, 0.809236, 0.899181, 0.809236, 0.809236]
  Q_MIX: [0.809236, 0.731333, 0.809236, 0.809236, 0.809236, 0.809236, 0.899181, 0.809236, 0.809236]
  MODEL_COUNTS(s,a,*):  [14.088, 0.060, 0.000, 0.000, 0.000, 0.000, 0.000, 0.000, 0.000, 0.000, 0.000, 0.000, 0.000, 0.000, 0.000, 0.000, 0.000, 0.000, 0.000, 0.000, 0.000, 0.000]
  MODEL_REWARDS(s,a,*): [0.000, 0.000, 0.000, 0.000, 0.000, 0.000, 0.000, 0.000, 0.000, 0.000, 0.000, 0.000, 0.000, 0.000, 0.000, 0.000, 0.000, 0.000, 0.000, 0.000, 0.000, 0.000]
----------------------------------------
[DEBUG] Beta=1.0 Phase=addiction Step=300
  State: 0 -> Action: ag -> Next: 3 (Reward: 1.0)
  Q_MF:  [0.038522, 0.000000, 0.058918, 0.039484, 0.000000, 0.000000, 0.947606, 0.000000, 0.000000]
  Q_MB:  [0.899593, 0.899593, 0.899593, 0.899593, 0.899593, 0.899593, 0.999548, 0.899593, 0.899593]
  Q_MIX: [0.899593, 0.899593, 0.899593, 0.899593, 0.899593, 0.899593, 0.999548, 0.899593, 0.899593]
  MODEL_COUNTS(s,a,*):  [0.059, 0.000, 0.000, 14.115, 0.000, 0.000, 0.000, 0.000, 0.000, 0.000, 0.000, 0.000, 0.000, 0.000, 0.000, 0.000, 0.000, 0.000, 0.000, 0.000, 0.000, 0.000]
  MODEL_REWARDS(s,a,*): [0.000, 0.000, 0.000, 14.115, 0.000, 0.000, 0.000, 0.000, 0.000, 0.000, 0.000, 0.000, 0.000, 0.000, 0.000, 0.000, 0.000, 0.000, 0.000, 0.000, 0.000, 0.000]
----------------------------------------
[DEBUG] Beta=1.0 Phase=addiction Step=301
  State: 3 -> Action: as5 -> Next: 4 (Reward: 0.0)
  Q_MF:  [0.006087, 0.153554, 0.016034, 0.001251, 0.011992, 0.024619, 0.013090, 0.010729, 0.012311]
  Q_MB:  [0.000000, 0.000000, 0.000000, 0.000000, 0.000000, 0.000000, 0.000000, 0.000000, 0.000000]
  Q_MIX: [0.000000, 0.000000, 0.000000, 0.000000, 0.000000, 0.000000, 0.000000, 0.000000, 0.000000]
  MODEL_COUNTS(s,a,*):  [0.000, 0.000, 0.000, 0.059, 3.549, 0.000, 0.000, 0.000, 0.000, 0.000, 0.000, 0.000, 0.000, 0.000, 0.000, 0.000, 0.000, 0.000, 0.000, 0.000, 0.000, 0.000]
  MODEL_REWARDS(s,a,*): [0.000, 0.000, 0.000, 0.000, 0.000, 0.000, 0.000, 0.000, 0.000, 0.000, 0.000, 0.000, 0.000, 0.000, 0.000, 0.000, 0.000, 0.000, 0.000, 0.000, 0.000, 0.000]
----------------------------------------
[DEBUG] Beta=1.0 Phase=addiction Step=302
  State: 4 -> Action: as2 -> Next: 4 (Reward: 0.0)
  Q_MF:  [0.000787, 0.000000, 0.015022, 0.000507, 0.000000, 0.000000, 0.000000, 0.000000, 0.000000]
  Q_MB:  [0.000000, 0.000000, 0.000000, 0.000000, 0.000000, 0.000000, 0.000000, 0.000000, 0.000000]
  Q_MIX: [0.000000, 0.000000, 0.000000, 0.000000, 0.000000, 0.000000, 0.000000, 0.000000, 0.000000]
  MODEL_COUNTS(s,a,*):  [0.000, 0.000, 0.000, 0.000, 2.435, 0.000, 0.000, 0.000, 0.000, 0.000, 0.000, 0.000, 0.000, 0.000, 0.000, 0.000, 0.000, 0.000, 0.000, 0.000, 0.000, 0.000]
  MODEL_REWARDS(s,a,*): [0.000, 0.000, 0.000, 0.000, 0.000, 0.000, 0.000, 0.000, 0.000, 0.000, 0.000, 0.000, 0.000, 0.000, 0.000, 0.000, 0.000, 0.000, 0.000, 0.000, 0.000, 0.000]
----------------------------------------
[DEBUG] Beta=1.0 Phase=addiction Step=303
  State: 4 -> Action: as4 -> Next: 3 (Reward: 0.0)
  Q_MF:  [0.001424, 0.000000, 0.015022, 0.000507, 0.000000, 0.000000, 0.000000, 0.000000, 0.000000]
  Q_MB:  [0.000000, 0.000000, 0.634875, 0.000000, 0.000000, 0.000000, 0.000000, 0.000000, 0.000000]
  Q_MIX: [0.000000, 0.000000, 0.634875, 0.000000, 0.000000, 0.000000, 0.000000, 0.000000, 0.000000]
  MODEL_COUNTS(s,a,*):  [0.000, 0.000, 0.000, 3.631, 0.058, 0.000, 0.000, 0.000, 0.000, 0.000, 0.000, 0.000, 0.000, 0.000, 0.000, 0.000, 0.000, 0.000, 0.000, 0.000, 0.000, 0.000]
  MODEL_REWARDS(s,a,*): [0.000, 0.000, 0.000, 0.000, 0.000, 0.000, 0.000, 0.000, 0.000, 0.000, 0.000, 0.000, 0.000, 0.000, 0.000, 0.000, 0.000, 0.000, 0.000, 0.000, 0.000, 0.000]
----------------------------------------
[DEBUG] Beta=1.0 Phase=addiction Step=304
  State: 3 -> Action: as3 -> Next: 2 (Reward: 0.0)
  Q_MF:  [0.006087, 0.153554, 0.016034, 0.001864, 0.011992, 0.024619, 0.013090, 0.010729, 0.012311]
  Q_MB:  [0.637147, 0.723526, 0.637147, 0.010374, 0.637147, 0.637147, 0.637147, 0.637147, 0.637147]
  Q_MIX: [0.637147, 0.723526, 0.637147, 0.010374, 0.637147, 0.637147, 0.637147, 0.637147, 0.637147]
  MODEL_COUNTS(s,a,*):  [0.000, 0.000, 15.437, 0.299, 0.000, 0.000, 0.000, 0.000, 0.000, 0.000, 0.000, 0.000, 0.000, 0.000, 0.000, 0.000, 0.000, 0.000, 0.000, 0.000, 0.000, 0.000]
  MODEL_REWARDS(s,a,*): [0.000, 0.000, 0.000, 0.000, 0.000, 0.000, 0.000, 0.000, 0.000, 0.000, 0.000, 0.000, 0.000, 0.000, 0.000, 0.000, 0.000, 0.000, 0.000, 0.000, 0.000, 0.000]
----------------------------------------
[DEBUG] Beta=1.0 Phase=addiction Step=305
  State: 2 -> Action: as2 -> Next: 1 (Reward: 0.0)
  Q_MF:  [0.329113, 0.000000, 0.010258, 0.001520, 0.023866, 0.012974, 0.010815, 0.009865, 0.012409]
  Q_MB:  [0.805953, 0.000000, 0.000000, 0.000000, 0.000000, 0.000000, 0.000000, 0.000000, 0.000000]
  Q_MIX: [0.805953, 0.000000, 0.000000, 0.000000, 0.000000, 0.000000, 0.000000, 0.000000, 0.000000]
  MODEL_COUNTS(s,a,*):  [0.000, 14.572, 0.056, 0.000, 0.000, 0.000, 0.000, 0.000, 0.000, 0.000, 0.000, 0.000, 0.000, 0.000, 0.000, 0.000, 0.000, 0.000, 0.000, 0.000, 0.000, 0.000]
  MODEL_REWARDS(s,a,*): [0.000, 0.000, 0.000, 0.000, 0.000, 0.000, 0.000, 0.000, 0.000, 0.000, 0.000, 0.000, 0.000, 0.000, 0.000, 0.000, 0.000, 0.000, 0.000, 0.000, 0.000, 0.000]
----------------------------------------
[DEBUG] Beta=1.0 Phase=addiction Step=306
  State: 1 -> Action: ag -> Next: 0 (Reward: 0.0)
  Q_MF:  [0.022326, 0.011119, 0.016013, 0.000000, 0.056481, 0.000000, 0.615035, 0.033592, 0.007193]
  Q_MB:  [0.806218, 0.033085, 0.806218, 0.806218, 0.806218, 0.806218, 0.899226, 0.806218, 0.806218]
  Q_MIX: [0.806218, 0.033085, 0.806218, 0.806218, 0.806218, 0.806218, 0.899226, 0.806218, 0.806218]
  MODEL_COUNTS(s,a,*):  [14.131, 0.056, 0.000, 0.000, 0.000, 0.000, 0.000, 0.000, 0.000, 0.000, 0.000, 0.000, 0.000, 0.000, 0.000, 0.000, 0.000, 0.000, 0.000, 0.000, 0.000, 0.000]
  MODEL_REWARDS(s,a,*): [0.000, 0.000, 0.000, 0.000, 0.000, 0.000, 0.000, 0.000, 0.000, 0.000, 0.000, 0.000, 0.000, 0.000, 0.000, 0.000, 0.000, 0.000, 0.000, 0.000, 0.000, 0.000]
----------------------------------------
[DEBUG] Beta=1.0 Phase=addiction Step=307
  State: 0 -> Action: ag -> Next: 3 (Reward: 1.0)
  Q_MF:  [0.038522, 0.000000, 0.058918, 0.039484, 0.000000, 0.000000, 0.957135, 0.000000, 0.000000]
  Q_MB:  [0.899609, 0.899609, 0.899609, 0.899609, 0.899609, 0.899609, 0.999580, 0.899609, 0.899609]
  Q_MIX: [0.899609, 0.899609, 0.899609, 0.899609, 0.899609, 0.899609, 0.999580, 0.899609, 0.899609]
  MODEL_COUNTS(s,a,*):  [0.055, 0.000, 0.000, 14.156, 0.000, 0.000, 0.000, 0.000, 0.000, 0.000, 0.000, 0.000, 0.000, 0.000, 0.000, 0.000, 0.000, 0.000, 0.000, 0.000, 0.000, 0.000]
  MODEL_REWARDS(s,a,*): [0.000, 0.000, 0.000, 14.156, 0.000, 0.000, 0.000, 0.000, 0.000, 0.000, 0.000, 0.000, 0.000, 0.000, 0.000, 0.000, 0.000, 0.000, 0.000, 0.000, 0.000, 0.000]
----------------------------------------
[DEBUG] Beta=1.0 Phase=addiction Step=308
  State: 3 -> Action: as3 -> Next: 2 (Reward: 0.0)
  Q_MF:  [0.006087, 0.160686, 0.016034, 0.001864, 0.011992, 0.024619, 0.013090, 0.010729, 0.012311]
  Q_MB:  [0.000000, 0.714256, 0.000000, 0.000000, 0.000000, 0.000000, 0.000000, 0.000000, 0.000000]
  Q_MIX: [0.000000, 0.714256, 0.000000, 0.000000, 0.000000, 0.000000, 0.000000, 0.000000, 0.000000]
  MODEL_COUNTS(s,a,*):  [0.000, 0.000, 15.828, 0.288, 0.000, 0.000, 0.000, 0.000, 0.000, 0.000, 0.000, 0.000, 0.000, 0.000, 0.000, 0.000, 0.000, 0.000, 0.000, 0.000, 0.000, 0.000]
  MODEL_REWARDS(s,a,*): [0.000, 0.000, 0.000, 0.000, 0.000, 0.000, 0.000, 0.000, 0.000, 0.000, 0.000, 0.000, 0.000, 0.000, 0.000, 0.000, 0.000, 0.000, 0.000, 0.000, 0.000, 0.000]
----------------------------------------
[DEBUG] Beta=1.0 Phase=addiction Step=309
  State: 2 -> Action: as5 -> Next: 2 (Reward: 0.0)
  Q_MF:  [0.340334, 0.000000, 0.010258, 0.001520, 0.023866, 0.012974, 0.010815, 0.009865, 0.012409]
  Q_MB:  [0.806221, 0.000000, 0.000000, 0.000000, 0.000000, 0.000000, 0.000000, 0.000000, 0.000000]
  Q_MIX: [0.806221, 0.000000, 0.000000, 0.000000, 0.000000, 0.000000, 0.000000, 0.000000, 0.000000]
  MODEL_COUNTS(s,a,*):  [0.000, 0.000, 1.316, 0.000, 0.000, 0.000, 0.000, 0.000, 0.000, 0.000, 0.000, 0.000, 0.000, 0.000, 0.000, 0.000, 0.000, 0.000, 0.000, 0.000, 0.000, 0.000]
  MODEL_REWARDS(s,a,*): [0.000, 0.000, 0.000, 0.000, 0.000, 0.000, 0.000, 0.000, 0.000, 0.000, 0.000, 0.000, 0.000, 0.000, 0.000, 0.000, 0.000, 0.000, 0.000, 0.000, 0.000, 0.000]
----------------------------------------
[DEBUG] Beta=1.0 Phase=addiction Step=310
  State: 2 -> Action: as2 -> Next: 1 (Reward: 0.0)
  Q_MF:  [0.340334, 0.000000, 0.010258, 0.016759, 0.023866, 0.012974, 0.010815, 0.009865, 0.012409]
  Q_MB:  [0.803359, 0.723014, 0.640303, 0.723014, 0.723014, 0.723014, 0.723014, 0.723014, 0.723014]
  Q_MIX: [0.803359, 0.723014, 0.640303, 0.723014, 0.723014, 0.723014, 0.723014, 0.723014, 0.723014]
  MODEL_COUNTS(s,a,*):  [0.000, 14.858, 0.054, 0.000, 0.000, 0.000, 0.000, 0.000, 0.000, 0.000, 0.000, 0.000, 0.000, 0.000, 0.000, 0.000, 0.000, 0.000, 0.000, 0.000, 0.000, 0.000]
  MODEL_REWARDS(s,a,*): [0.000, 0.000, 0.000, 0.000, 0.000, 0.000, 0.000, 0.000, 0.000, 0.000, 0.000, 0.000, 0.000, 0.000, 0.000, 0.000, 0.000, 0.000, 0.000, 0.000, 0.000, 0.000]
----------------------------------------
[DEBUG] Beta=1.0 Phase=addiction Step=311
  State: 1 -> Action: ag -> Next: 0 (Reward: 0.0)
  Q_MF:  [0.022326, 0.011119, 0.016013, 0.000000, 0.056481, 0.000000, 0.627355, 0.033592, 0.007193]
  Q_MB:  [0.809334, 0.724337, 0.809334, 0.809334, 0.809334, 0.809334, 0.899282, 0.809334, 0.809334]
  Q_MIX: [0.809334, 0.724337, 0.809334, 0.809334, 0.809334, 0.809334, 0.899282, 0.809334, 0.809334]
  MODEL_COUNTS(s,a,*):  [14.438, 0.053, 0.000, 0.000, 0.000, 0.000, 0.000, 0.000, 0.000, 0.000, 0.000, 0.000, 0.000, 0.000, 0.000, 0.000, 0.000, 0.000, 0.000, 0.000, 0.000, 0.000]
  MODEL_REWARDS(s,a,*): [0.000, 0.000, 0.000, 0.000, 0.000, 0.000, 0.000, 0.000, 0.000, 0.000, 0.000, 0.000, 0.000, 0.000, 0.000, 0.000, 0.000, 0.000, 0.000, 0.000, 0.000, 0.000]
----------------------------------------
[DEBUG] Beta=1.0 Phase=addiction Step=312
  State: 0 -> Action: ag -> Next: 3 (Reward: 1.0)
  Q_MF:  [0.038522, 0.000000, 0.058918, 0.039484, 0.000000, 0.000000, 0.966509, 0.000000, 0.000000]
  Q_MB:  [1.474814, 1.474814, 1.474814, 1.474814, 1.474814, 1.474814, 1.638690, 1.474814, 1.474814]
  Q_MIX: [1.474814, 1.474814, 1.474814, 1.474814, 1.474814, 1.474814, 1.638690, 1.474814, 1.474814]
  MODEL_COUNTS(s,a,*):  [0.053, 0.000, 0.000, 14.462, 0.000, 0.000, 0.000, 0.000, 0.000, 0.000, 0.000, 0.000, 0.000, 0.000, 0.000, 0.000, 0.000, 0.000, 0.000, 0.000, 0.000, 0.000]
  MODEL_REWARDS(s,a,*): [0.000, 0.000, 0.000, 14.462, 0.000, 0.000, 0.000, 0.000, 0.000, 0.000, 0.000, 0.000, 0.000, 0.000, 0.000, 0.000, 0.000, 0.000, 0.000, 0.000, 0.000, 0.000]
----------------------------------------
[DEBUG] Beta=1.0 Phase=addiction Step=313
  State: 3 -> Action: as4 -> Next: 3 (Reward: 0.0)
  Q_MF:  [0.006087, 0.167967, 0.016034, 0.001864, 0.011992, 0.024619, 0.013090, 0.010729, 0.012311]
  Q_MB:  [0.000000, 0.000000, 0.000000, 0.000000, 0.000000, 0.000000, 0.000000, 0.000000, 0.000000]
  Q_MIX: [0.000000, 0.000000, 0.000000, 0.000000, 0.000000, 0.000000, 0.000000, 0.000000, 0.000000]
  MODEL_COUNTS(s,a,*):  [0.000, 0.000, 0.000, 3.516, 0.000, 0.000, 0.000, 0.000, 0.000, 0.000, 0.000, 0.000, 0.000, 0.000, 0.000, 0.000, 0.000, 0.000, 0.000, 0.000, 0.000, 0.000]
  MODEL_REWARDS(s,a,*): [0.000, 0.000, 0.000, 0.000, 0.000, 0.000, 0.000, 0.000, 0.000, 0.000, 0.000, 0.000, 0.000, 0.000, 0.000, 0.000, 0.000, 0.000, 0.000, 0.000, 0.000, 0.000]
----------------------------------------
[DEBUG] Beta=1.0 Phase=addiction Step=314
  State: 3 -> Action: as4 -> Next: 3 (Reward: 0.0)
  Q_MF:  [0.006087, 0.167967, 0.022790, 0.001864, 0.011992, 0.024619, 0.013090, 0.010729, 0.012311]
  Q_MB:  [0.000000, 0.000000, 0.000000, 0.000000, 0.000000, 0.000000, 0.000000, 0.000000, 0.000000]
  Q_MIX: [0.000000, 0.000000, 0.000000, 0.000000, 0.000000, 0.000000, 0.000000, 0.000000, 0.000000]
  MODEL_COUNTS(s,a,*):  [0.000, 0.000, 0.000, 4.481, 0.000, 0.000, 0.000, 0.000, 0.000, 0.000, 0.000, 0.000, 0.000, 0.000, 0.000, 0.000, 0.000, 0.000, 0.000, 0.000, 0.000, 0.000]
  MODEL_REWARDS(s,a,*): [0.000, 0.000, 0.000, 0.000, 0.000, 0.000, 0.000, 0.000, 0.000, 0.000, 0.000, 0.000, 0.000, 0.000, 0.000, 0.000, 0.000, 0.000, 0.000, 0.000, 0.000, 0.000]
----------------------------------------
[DEBUG] Beta=1.0 Phase=addiction Step=315
  State: 3 -> Action: aw -> Next: 3 (Reward: 0.0)
  Q_MF:  [0.006087, 0.167967, 0.029209, 0.001864, 0.011992, 0.024619, 0.013090, 0.010729, 0.012311]
  Q_MB:  [0.000000, 0.000000, 0.000000, 0.000000, 0.000000, 0.000000, 0.000000, 0.000000, 0.000000]
  Q_MIX: [0.000000, 0.000000, 0.000000, 0.000000, 0.000000, 0.000000, 0.000000, 0.000000, 0.000000]
  MODEL_COUNTS(s,a,*):  [0.000, 0.000, 0.000, 2.922, 0.000, 0.000, 0.000, 0.000, 0.000, 0.000, 0.000, 0.000, 0.000, 0.000, 0.000, 0.000, 0.000, 0.000, 0.000, 0.000, 0.000, 0.000]
  MODEL_REWARDS(s,a,*): [0.000, 0.000, 0.000, 0.000, 0.000, 0.000, 0.000, 0.000, 0.000, 0.000, 0.000, 0.000, 0.000, 0.000, 0.000, 0.000, 0.000, 0.000, 0.000, 0.000, 0.000, 0.000]
----------------------------------------
[DEBUG] Beta=1.0 Phase=addiction Step=316
  State: 3 -> Action: as3 -> Next: 2 (Reward: 0.0)
  Q_MF:  [0.006087, 0.167967, 0.029209, 0.001864, 0.011992, 0.024619, 0.013090, 0.010729, 0.019254]
  Q_MB:  [0.000000, 0.000000, 0.000000, 0.000000, 0.000000, 0.000000, 0.000000, 0.000000, 0.000000]
  Q_MIX: [0.000000, 0.000000, 0.000000, 0.000000, 0.000000, 0.000000, 0.000000, 0.000000, 0.000000]
  MODEL_COUNTS(s,a,*):  [0.000, 0.000, 15.606, 0.265, 0.000, 0.000, 0.000, 0.000, 0.000, 0.000, 0.000, 0.000, 0.000, 0.000, 0.000, 0.000, 0.000, 0.000, 0.000, 0.000, 0.000, 0.000]
  MODEL_REWARDS(s,a,*): [0.000, 0.000, 0.000, 0.000, 0.000, 0.000, 0.000, 0.000, 0.000, 0.000, 0.000, 0.000, 0.000, 0.000, 0.000, 0.000, 0.000, 0.000, 0.000, 0.000, 0.000, 0.000]
----------------------------------------
[DEBUG] Beta=1.0 Phase=addiction Step=317
  State: 2 -> Action: as2 -> Next: 1 (Reward: 0.0)
  Q_MF:  [0.351548, 0.000000, 0.010258, 0.016759, 0.023866, 0.012974, 0.010815, 0.009865, 0.012409]
  Q_MB:  [1.327103, 0.728188, 0.645604, 0.728188, 0.728188, 0.728188, 0.728188, 0.728188, 0.728188]
  Q_MIX: [1.327103, 0.728188, 0.645604, 0.728188, 0.728188, 0.728188, 0.728188, 0.728188, 0.728188]
  MODEL_COUNTS(s,a,*):  [0.000, 14.849, 0.050, 0.000, 0.000, 0.000, 0.000, 0.000, 0.000, 0.000, 0.000, 0.000, 0.000, 0.000, 0.000, 0.000, 0.000, 0.000, 0.000, 0.000, 0.000, 0.000]
  MODEL_REWARDS(s,a,*): [0.000, 0.000, 0.000, 0.000, 0.000, 0.000, 0.000, 0.000, 0.000, 0.000, 0.000, 0.000, 0.000, 0.000, 0.000, 0.000, 0.000, 0.000, 0.000, 0.000, 0.000, 0.000]
----------------------------------------
[DEBUG] Beta=1.0 Phase=addiction Step=318
  State: 1 -> Action: ag -> Next: 0 (Reward: 0.0)
  Q_MF:  [0.022326, 0.011119, 0.016013, 0.000000, 0.056481, 0.000000, 0.639480, 0.033592, 0.007193]
  Q_MB:  [0.806728, 0.727028, 0.806728, 0.806728, 0.806728, 0.806728, 0.899332, 0.806728, 0.806728]
  Q_MIX: [0.806728, 0.727028, 0.806728, 0.806728, 0.806728, 0.806728, 0.899332, 0.806728, 0.806728]
  MODEL_COUNTS(s,a,*):  [14.457, 0.050, 0.000, 0.000, 0.000, 0.000, 0.000, 0.000, 0.000, 0.000, 0.000, 0.000, 0.000, 0.000, 0.000, 0.000, 0.000, 0.000, 0.000, 0.000, 0.000, 0.000]
  MODEL_REWARDS(s,a,*): [0.000, 0.000, 0.000, 0.000, 0.000, 0.000, 0.000, 0.000, 0.000, 0.000, 0.000, 0.000, 0.000, 0.000, 0.000, 0.000, 0.000, 0.000, 0.000, 0.000, 0.000, 0.000]
----------------------------------------
[DEBUG] Beta=1.0 Phase=addiction Step=319
  State: 0 -> Action: ag -> Next: 3 (Reward: 1.0)
  Q_MF:  [0.038522, 0.000000, 0.058918, 0.039484, 0.000000, 0.000000, 0.975742, 0.000000, 0.000000]
  Q_MB:  [1.474059, 1.474059, 1.474059, 1.474059, 1.474059, 1.474059, 1.639925, 1.474059, 1.474059]
  Q_MIX: [1.474059, 1.474059, 1.474059, 1.474059, 1.474059, 1.474059, 1.639925, 1.474059, 1.474059]
  MODEL_COUNTS(s,a,*):  [0.049, 0.000, 0.000, 14.480, 0.000, 0.000, 0.000, 0.000, 0.000, 0.000, 0.000, 0.000, 0.000, 0.000, 0.000, 0.000, 0.000, 0.000, 0.000, 0.000, 0.000, 0.000]
  MODEL_REWARDS(s,a,*): [0.000, 0.000, 0.000, 14.480, 0.000, 0.000, 0.000, 0.000, 0.000, 0.000, 0.000, 0.000, 0.000, 0.000, 0.000, 0.000, 0.000, 0.000, 0.000, 0.000, 0.000, 0.000]
----------------------------------------
[DEBUG] Beta=1.0 Phase=addiction Step=320
  State: 3 -> Action: as5 -> Next: 4 (Reward: 0.0)
  Q_MF:  [0.006087, 0.175388, 0.029209, 0.001864, 0.011992, 0.024619, 0.013090, 0.010729, 0.019254]
  Q_MB:  [0.000000, 0.000000, 0.000000, 0.000000, 0.000000, 0.000000, 0.000000, 0.000000, 0.000000]
  Q_MIX: [0.000000, 0.000000, 0.000000, 0.000000, 0.000000, 0.000000, 0.000000, 0.000000, 0.000000]
  MODEL_COUNTS(s,a,*):  [0.000, 0.000, 0.000, 0.049, 3.932, 0.000, 0.000, 0.000, 0.000, 0.000, 0.000, 0.000, 0.000, 0.000, 0.000, 0.000, 0.000, 0.000, 0.000, 0.000, 0.000, 0.000]
  MODEL_REWARDS(s,a,*): [0.000, 0.000, 0.000, 0.000, 0.000, 0.000, 0.000, 0.000, 0.000, 0.000, 0.000, 0.000, 0.000, 0.000, 0.000, 0.000, 0.000, 0.000, 0.000, 0.000, 0.000, 0.000]
----------------------------------------
[DEBUG] Beta=1.0 Phase=addiction Step=321
  State: 4 -> Action: ag -> Next: 4 (Reward: 0.0)
  Q_MF:  [0.001424, 0.000000, 0.021180, 0.000507, 0.000000, 0.000000, 0.000000, 0.000000, 0.000000]
  Q_MB:  [0.000000, 0.000000, 0.000000, 0.000000, 0.000000, 0.000000, 0.000000, 0.000000, 0.000000]
  Q_MIX: [0.000000, 0.000000, 0.000000, 0.000000, 0.000000, 0.000000, 0.000000, 0.000000, 0.000000]
  MODEL_COUNTS(s,a,*):  [0.000, 0.000, 0.000, 0.000, 1.048, 0.000, 0.000, 0.000, 0.000, 0.000, 0.000, 0.000, 0.000, 0.000, 0.000, 0.000, 0.000, 0.000, 0.000, 0.000, 0.000, 0.000]
  MODEL_REWARDS(s,a,*): [0.000, 0.000, 0.000, 0.000, 0.000, 0.000, 0.000, 0.000, 0.000, 0.000, 0.000, 0.000, 0.000, 0.000, 0.000, 0.000, 0.000, 0.000, 0.000, 0.000, 0.000, 0.000]
----------------------------------------
[DEBUG] Beta=1.0 Phase=addiction Step=322
  State: 4 -> Action: as4 -> Next: 3 (Reward: 0.0)
  Q_MF:  [0.001424, 0.000000, 0.021180, 0.000507, 0.000000, 0.000000, 0.000953, 0.000000, 0.000000]
  Q_MB:  [0.000000, 0.000000, 0.632489, 0.000000, 0.000000, 0.000000, 0.000000, 0.000000, 0.000000]
  Q_MIX: [0.000000, 0.000000, 0.632489, 0.000000, 0.000000, 0.000000, 0.000000, 0.000000, 0.000000]
  MODEL_COUNTS(s,a,*):  [0.000, 0.000, 0.000, 4.000, 0.048, 0.000, 0.000, 0.000, 0.000, 0.000, 0.000, 0.000, 0.000, 0.000, 0.000, 0.000, 0.000, 0.000, 0.000, 0.000, 0.000, 0.000]
  MODEL_REWARDS(s,a,*): [0.000, 0.000, 0.000, 0.000, 0.000, 0.000, 0.000, 0.000, 0.000, 0.000, 0.000, 0.000, 0.000, 0.000, 0.000, 0.000, 0.000, 0.000, 0.000, 0.000, 0.000, 0.000]
----------------------------------------
[DEBUG] Beta=1.0 Phase=addiction Step=323
  State: 3 -> Action: as3 -> Next: 2 (Reward: 0.0)
  Q_MF:  [0.006087, 0.175388, 0.029209, 0.002724, 0.011992, 0.024619, 0.013090, 0.010729, 0.019254]
  Q_MB:  [0.654275, 0.727008, 0.654275, 0.587002, 0.654275, 0.654275, 0.654275, 0.654275, 0.654275]
  Q_MIX: [0.654275, 0.727008, 0.654275, 0.587002, 0.654275, 0.654275, 0.654275, 0.654275, 0.654275]
  MODEL_COUNTS(s,a,*):  [0.000, 0.000, 15.545, 0.247, 0.000, 0.000, 0.000, 0.000, 0.000, 0.000, 0.000, 0.000, 0.000, 0.000, 0.000, 0.000, 0.000, 0.000, 0.000, 0.000, 0.000, 0.000]
  MODEL_REWARDS(s,a,*): [0.000, 0.000, 0.000, 0.000, 0.000, 0.000, 0.000, 0.000, 0.000, 0.000, 0.000, 0.000, 0.000, 0.000, 0.000, 0.000, 0.000, 0.000, 0.000, 0.000, 0.000, 0.000]
----------------------------------------
[DEBUG] Beta=1.0 Phase=addiction Step=324
  State: 2 -> Action: as2 -> Next: 1 (Reward: 0.0)
  Q_MF:  [0.362748, 0.000000, 0.010258, 0.016759, 0.023866, 0.012974, 0.010815, 0.009865, 0.012409]
  Q_MB:  [0.806716, 0.000000, 0.000000, 0.000000, 0.000000, 0.000000, 0.000000, 0.000000, 0.000000]
  Q_MIX: [0.806716, 0.000000, 0.000000, 0.000000, 0.000000, 0.000000, 0.000000, 0.000000, 0.000000]
  MODEL_COUNTS(s,a,*):  [0.000, 14.840, 0.047, 0.000, 0.000, 0.000, 0.000, 0.000, 0.000, 0.000, 0.000, 0.000, 0.000, 0.000, 0.000, 0.000, 0.000, 0.000, 0.000, 0.000, 0.000, 0.000]
  MODEL_REWARDS(s,a,*): [0.000, 0.000, 0.000, 0.000, 0.000, 0.000, 0.000, 0.000, 0.000, 0.000, 0.000, 0.000, 0.000, 0.000, 0.000, 0.000, 0.000, 0.000, 0.000, 0.000, 0.000, 0.000]
----------------------------------------
[DEBUG] Beta=1.0 Phase=addiction Step=325
  State: 1 -> Action: ag -> Next: 0 (Reward: 0.0)
  Q_MF:  [0.022326, 0.011119, 0.016013, 0.000000, 0.056481, 0.000000, 0.651414, 0.033592, 0.007193]
  Q_MB:  [0.806954, 0.033115, 0.806954, 0.806954, 0.806954, 0.806954, 0.899371, 0.806954, 0.806954]
  Q_MIX: [0.806954, 0.033115, 0.806954, 0.806954, 0.806954, 0.806954, 0.899371, 0.806954, 0.806954]
  MODEL_COUNTS(s,a,*):  [14.475, 0.046, 0.000, 0.000, 0.000, 0.000, 0.000, 0.000, 0.000, 0.000, 0.000, 0.000, 0.000, 0.000, 0.000, 0.000, 0.000, 0.000, 0.000, 0.000, 0.000, 0.000]
  MODEL_REWARDS(s,a,*): [0.000, 0.000, 0.000, 0.000, 0.000, 0.000, 0.000, 0.000, 0.000, 0.000, 0.000, 0.000, 0.000, 0.000, 0.000, 0.000, 0.000, 0.000, 0.000, 0.000, 0.000, 0.000]
----------------------------------------
[DEBUG] Beta=1.0 Phase=addiction Step=326
  State: 0 -> Action: ag -> Next: 3 (Reward: 1.0)
  Q_MF:  [0.038522, 0.000000, 0.058918, 0.039484, 0.000000, 0.000000, 0.984848, 0.000000, 0.000000]
  Q_MB:  [0.896963, 0.896963, 0.896963, 0.896963, 0.896963, 0.896963, 0.999652, 0.896963, 0.896963]
  Q_MIX: [0.896963, 0.896963, 0.896963, 0.896963, 0.896963, 0.896963, 0.999652, 0.896963, 0.896963]
  MODEL_COUNTS(s,a,*):  [0.046, 0.000, 0.000, 14.496, 0.000, 0.000, 0.000, 0.000, 0.000, 0.000, 0.000, 0.000, 0.000, 0.000, 0.000, 0.000, 0.000, 0.000, 0.000, 0.000, 0.000, 0.000]
  MODEL_REWARDS(s,a,*): [0.000, 0.000, 0.000, 14.496, 0.000, 0.000, 0.000, 0.000, 0.000, 0.000, 0.000, 0.000, 0.000, 0.000, 0.000, 0.000, 0.000, 0.000, 0.000, 0.000, 0.000, 0.000]
----------------------------------------
[DEBUG] Beta=1.0 Phase=addiction Step=327
  State: 3 -> Action: ag -> Next: 3 (Reward: 0.0)
  Q_MF:  [0.006087, 0.182942, 0.029209, 0.002724, 0.011992, 0.024619, 0.013090, 0.010729, 0.019254]
  Q_MB:  [0.000000, 0.000000, 0.000000, 0.000000, 0.000000, 0.000000, 0.000000, 0.000000, 0.000000]
  Q_MIX: [0.000000, 0.000000, 0.000000, 0.000000, 0.000000, 0.000000, 0.000000, 0.000000, 0.000000]
  MODEL_COUNTS(s,a,*):  [0.000, 0.000, 0.000, 2.818, 0.000, 0.000, 0.000, 0.000, 0.000, 0.000, 0.000, 0.000, 0.000, 0.000, 0.000, 0.000, 0.000, 0.000, 0.000, 0.000, 0.000, 0.000]
  MODEL_REWARDS(s,a,*): [0.000, 0.000, 0.000, 0.000, 0.000, 0.000, 0.000, 0.000, 0.000, 0.000, 0.000, 0.000, 0.000, 0.000, 0.000, 0.000, 0.000, 0.000, 0.000, 0.000, 0.000, 0.000]
----------------------------------------
[DEBUG] Beta=1.0 Phase=addiction Step=328
  State: 3 -> Action: as3 -> Next: 2 (Reward: 0.0)
  Q_MF:  [0.006087, 0.182942, 0.029209, 0.002724, 0.011992, 0.024619, 0.020668, 0.010729, 0.019254]
  Q_MB:  [0.639738, 0.722844, 0.639738, 0.007800, 0.639738, 0.639738, 0.639738, 0.639738, 0.639738]
  Q_MIX: [0.639738, 0.722844, 0.639738, 0.007800, 0.639738, 0.639738, 0.639738, 0.639738, 0.639738]
  MODEL_COUNTS(s,a,*):  [0.000, 0.000, 15.784, 0.235, 0.000, 0.000, 0.000, 0.000, 0.000, 0.000, 0.000, 0.000, 0.000, 0.000, 0.000, 0.000, 0.000, 0.000, 0.000, 0.000, 0.000, 0.000]
  MODEL_REWARDS(s,a,*): [0.000, 0.000, 0.000, 0.000, 0.000, 0.000, 0.000, 0.000, 0.000, 0.000, 0.000, 0.000, 0.000, 0.000, 0.000, 0.000, 0.000, 0.000, 0.000, 0.000, 0.000, 0.000]
----------------------------------------
[DEBUG] Beta=1.0 Phase=addiction Step=329
  State: 2 -> Action: as4 -> Next: 3 (Reward: 0.0)
  Q_MF:  [0.373924, 0.000000, 0.010258, 0.016759, 0.023866, 0.012974, 0.010815, 0.009865, 0.012409]
  Q_MB:  [0.000000, 0.000000, 0.000000, 0.000000, 0.000000, 0.000000, 0.000000, 0.000000, 0.000000]
  Q_MIX: [0.000000, 0.000000, 0.000000, 0.000000, 0.000000, 0.000000, 0.000000, 0.000000, 0.000000]
  MODEL_COUNTS(s,a,*):  [0.000, 0.000, 0.044, 4.048, 0.000, 0.000, 0.000, 0.000, 0.000, 0.000, 0.000, 0.000, 0.000, 0.000, 0.000, 0.000, 0.000, 0.000, 0.000, 0.000, 0.000, 0.000]
  MODEL_REWARDS(s,a,*): [0.000, 0.000, 0.000, 0.000, 0.000, 0.000, 0.000, 0.000, 0.000, 0.000, 0.000, 0.000, 0.000, 0.000, 0.000, 0.000, 0.000, 0.000, 0.000, 0.000, 0.000, 0.000]
----------------------------------------
[DEBUG] Beta=1.0 Phase=addiction Step=330
  State: 3 -> Action: as3 -> Next: 2 (Reward: 0.0)
  Q_MF:  [0.006087, 0.190622, 0.029209, 0.002724, 0.011992, 0.024619, 0.020668, 0.010729, 0.019254]
  Q_MB:  [0.000000, 0.715579, 0.000000, 0.000000, 0.000000, 0.000000, 0.000000, 0.000000, 0.000000]
  Q_MIX: [0.000000, 0.715579, 0.000000, 0.000000, 0.000000, 0.000000, 0.000000, 0.000000, 0.000000]
  MODEL_COUNTS(s,a,*):  [0.000, 0.000, 16.470, 0.231, 0.000, 0.000, 0.000, 0.000, 0.000, 0.000, 0.000, 0.000, 0.000, 0.000, 0.000, 0.000, 0.000, 0.000, 0.000, 0.000, 0.000, 0.000]
  MODEL_REWARDS(s,a,*): [0.000, 0.000, 0.000, 0.000, 0.000, 0.000, 0.000, 0.000, 0.000, 0.000, 0.000, 0.000, 0.000, 0.000, 0.000, 0.000, 0.000, 0.000, 0.000, 0.000, 0.000, 0.000]
----------------------------------------
[DEBUG] Beta=1.0 Phase=addiction Step=331
  State: 2 -> Action: as2 -> Next: 1 (Reward: 0.0)
  Q_MF:  [0.373924, 0.000000, 0.018323, 0.016759, 0.023866, 0.012974, 0.010815, 0.009865, 0.012409]
  Q_MB:  [0.000000, 0.000000, 0.000000, 0.000000, 0.000000, 0.000000, 0.000000, 0.000000, 0.000000]
  Q_MIX: [0.000000, 0.000000, 0.000000, 0.000000, 0.000000, 0.000000, 0.000000, 0.000000, 0.000000]
  MODEL_COUNTS(s,a,*):  [0.000, 14.832, 0.043, 0.000, 0.000, 0.000, 0.000, 0.000, 0.000, 0.000, 0.000, 0.000, 0.000, 0.000, 0.000, 0.000, 0.000, 0.000, 0.000, 0.000, 0.000, 0.000]
  MODEL_REWARDS(s,a,*): [0.000, 0.000, 0.000, 0.000, 0.000, 0.000, 0.000, 0.000, 0.000, 0.000, 0.000, 0.000, 0.000, 0.000, 0.000, 0.000, 0.000, 0.000, 0.000, 0.000, 0.000, 0.000]
----------------------------------------
[DEBUG] Beta=1.0 Phase=addiction Step=332
  State: 1 -> Action: ag -> Next: 0 (Reward: 0.0)
  Q_MF:  [0.022326, 0.011119, 0.016013, 0.000000, 0.056481, 0.000000, 0.663162, 0.033592, 0.007193]
  Q_MB:  [0.807191, 0.727749, 0.807191, 0.807191, 0.807191, 0.807191, 0.899415, 0.807191, 0.807191]
  Q_MIX: [0.807191, 0.727749, 0.807191, 0.807191, 0.807191, 0.807191, 0.899415, 0.807191, 0.807191]
  MODEL_COUNTS(s,a,*):  [14.492, 0.043, 0.000, 0.000, 0.000, 0.000, 0.000, 0.000, 0.000, 0.000, 0.000, 0.000, 0.000, 0.000, 0.000, 0.000, 0.000, 0.000, 0.000, 0.000, 0.000, 0.000]
  MODEL_REWARDS(s,a,*): [0.000, 0.000, 0.000, 0.000, 0.000, 0.000, 0.000, 0.000, 0.000, 0.000, 0.000, 0.000, 0.000, 0.000, 0.000, 0.000, 0.000, 0.000, 0.000, 0.000, 0.000, 0.000]
----------------------------------------
[DEBUG] Beta=1.0 Phase=addiction Step=333
  State: 0 -> Action: ag -> Next: 3 (Reward: 1.0)
  Q_MF:  [0.038522, 0.000000, 0.058918, 0.039484, 0.000000, 0.000000, 0.993838, 0.000000, 0.000000]
  Q_MB:  [0.899709, 0.899709, 0.899709, 0.899709, 0.899709, 0.899709, 0.999685, 0.899709, 0.899709]
  Q_MIX: [0.899709, 0.899709, 0.899709, 0.899709, 0.899709, 0.899709, 0.999685, 0.899709, 0.899709]
  MODEL_COUNTS(s,a,*):  [0.043, 0.000, 0.000, 14.511, 0.000, 0.000, 0.000, 0.000, 0.000, 0.000, 0.000, 0.000, 0.000, 0.000, 0.000, 0.000, 0.000, 0.000, 0.000, 0.000, 0.000, 0.000]
  MODEL_REWARDS(s,a,*): [0.000, 0.000, 0.000, 14.511, 0.000, 0.000, 0.000, 0.000, 0.000, 0.000, 0.000, 0.000, 0.000, 0.000, 0.000, 0.000, 0.000, 0.000, 0.000, 0.000, 0.000, 0.000]
----------------------------------------
[DEBUG] Beta=1.0 Phase=addiction Step=334
  State: 3 -> Action: as4 -> Next: 3 (Reward: 0.0)
  Q_MF:  [0.006087, 0.197917, 0.029209, 0.002724, 0.011992, 0.024619, 0.020668, 0.010729, 0.019254]
  Q_MB:  [0.000000, 0.000000, 0.000000, 0.000000, 0.000000, 0.000000, 0.000000, 0.000000, 0.000000]
  Q_MIX: [0.000000, 0.000000, 0.000000, 0.000000, 0.000000, 0.000000, 0.000000, 0.000000, 0.000000]
  MODEL_COUNTS(s,a,*):  [0.000, 0.000, 0.000, 4.665, 0.000, 0.000, 0.000, 0.000, 0.000, 0.000, 0.000, 0.000, 0.000, 0.000, 0.000, 0.000, 0.000, 0.000, 0.000, 0.000, 0.000, 0.000]
  MODEL_REWARDS(s,a,*): [0.000, 0.000, 0.000, 0.000, 0.000, 0.000, 0.000, 0.000, 0.000, 0.000, 0.000, 0.000, 0.000, 0.000, 0.000, 0.000, 0.000, 0.000, 0.000, 0.000, 0.000, 0.000]
----------------------------------------
[DEBUG] Beta=1.0 Phase=addiction Step=335
  State: 3 -> Action: as2 -> Next: 3 (Reward: 0.0)
  Q_MF:  [0.006087, 0.197917, 0.036655, 0.002724, 0.011992, 0.024619, 0.020668, 0.010729, 0.019254]
  Q_MB:  [0.000000, 0.000000, 0.000000, 0.000000, 0.000000, 0.000000, 0.000000, 0.000000, 0.000000]
  Q_MIX: [0.000000, 0.000000, 0.000000, 0.000000, 0.000000, 0.000000, 0.000000, 0.000000, 0.000000]
  MODEL_COUNTS(s,a,*):  [0.000, 0.000, 0.000, 2.066, 0.000, 0.000, 0.000, 0.000, 0.000, 0.000, 0.000, 0.000, 0.000, 0.000, 0.000, 0.000, 0.000, 0.000, 0.000, 0.000, 0.000, 0.000]
  MODEL_REWARDS(s,a,*): [0.000, 0.000, 0.000, 0.000, 0.000, 0.000, 0.000, 0.000, 0.000, 0.000, 0.000, 0.000, 0.000, 0.000, 0.000, 0.000, 0.000, 0.000, 0.000, 0.000, 0.000, 0.000]
----------------------------------------
[DEBUG] Beta=1.0 Phase=addiction Step=336
  State: 3 -> Action: as3 -> Next: 2 (Reward: 0.0)
  Q_MF:  [0.014689, 0.197917, 0.036655, 0.002724, 0.011992, 0.024619, 0.020668, 0.010729, 0.019254]
  Q_MB:  [0.000000, 0.712622, 0.000000, 0.000000, 0.000000, 0.000000, 0.000000, 0.000000, 0.000000]
  Q_MIX: [0.000000, 0.712622, 0.000000, 0.000000, 0.000000, 0.000000, 0.000000, 0.000000, 0.000000]
  MODEL_COUNTS(s,a,*):  [0.000, 0.000, 16.506, 0.217, 0.000, 0.000, 0.000, 0.000, 0.000, 0.000, 0.000, 0.000, 0.000, 0.000, 0.000, 0.000, 0.000, 0.000, 0.000, 0.000, 0.000, 0.000]
  MODEL_REWARDS(s,a,*): [0.000, 0.000, 0.000, 0.000, 0.000, 0.000, 0.000, 0.000, 0.000, 0.000, 0.000, 0.000, 0.000, 0.000, 0.000, 0.000, 0.000, 0.000, 0.000, 0.000, 0.000, 0.000]
----------------------------------------
[DEBUG] Beta=1.0 Phase=addiction Step=337
  State: 2 -> Action: aw -> Next: 2 (Reward: 0.0)
  Q_MF:  [0.385070, 0.000000, 0.018323, 0.016759, 0.023866, 0.012974, 0.010815, 0.009865, 0.012409]
  Q_MB:  [0.000000, 0.000000, 0.000000, 0.000000, 0.000000, 0.000000, 0.000000, 0.000000, 0.000000]
  Q_MIX: [0.000000, 0.000000, 0.000000, 0.000000, 0.000000, 0.000000, 0.000000, 0.000000, 0.000000]
  MODEL_COUNTS(s,a,*):  [0.000, 0.000, 1.522, 0.000, 0.000, 0.000, 0.000, 0.000, 0.000, 0.000, 0.000, 0.000, 0.000, 0.000, 0.000, 0.000, 0.000, 0.000, 0.000, 0.000, 0.000, 0.000]
  MODEL_REWARDS(s,a,*): [0.000, 0.000, 0.000, 0.000, 0.000, 0.000, 0.000, 0.000, 0.000, 0.000, 0.000, 0.000, 0.000, 0.000, 0.000, 0.000, 0.000, 0.000, 0.000, 0.000, 0.000, 0.000]
----------------------------------------
[DEBUG] Beta=1.0 Phase=addiction Step=338
  State: 2 -> Action: as2 -> Next: 1 (Reward: 0.0)
  Q_MF:  [0.385070, 0.000000, 0.018323, 0.016759, 0.023866, 0.012974, 0.010815, 0.009865, 0.029117]
  Q_MB:  [0.807129, 0.726411, 0.653619, 0.726411, 0.726411, 0.726411, 0.726411, 0.726411, 0.726411]
  Q_MIX: [0.807129, 0.726411, 0.653619, 0.726411, 0.726411, 0.726411, 0.726411, 0.726411, 0.726411]
  MODEL_COUNTS(s,a,*):  [0.000, 14.824, 0.041, 0.000, 0.000, 0.000, 0.000, 0.000, 0.000, 0.000, 0.000, 0.000, 0.000, 0.000, 0.000, 0.000, 0.000, 0.000, 0.000, 0.000, 0.000, 0.000]
  MODEL_REWARDS(s,a,*): [0.000, 0.000, 0.000, 0.000, 0.000, 0.000, 0.000, 0.000, 0.000, 0.000, 0.000, 0.000, 0.000, 0.000, 0.000, 0.000, 0.000, 0.000, 0.000, 0.000, 0.000, 0.000]
----------------------------------------
[DEBUG] Beta=1.0 Phase=addiction Step=339
  State: 1 -> Action: as3 -> Next: 2 (Reward: 0.0)
  Q_MF:  [0.022326, 0.011119, 0.016013, 0.000000, 0.056481, 0.000000, 0.674726, 0.033592, 0.007193]
  Q_MB:  [1.329254, 0.751316, 1.329254, 1.329254, 1.329254, 1.329254, 1.486833, 1.329254, 1.329254]
  Q_MIX: [1.329254, 0.751316, 1.329254, 1.329254, 1.329254, 1.329254, 1.486833, 1.329254, 1.329254]
  MODEL_COUNTS(s,a,*):  [0.000, 0.040, 1.937, 0.000, 0.000, 0.000, 0.000, 0.000, 0.000, 0.000, 0.000, 0.000, 0.000, 0.000, 0.000, 0.000, 0.000, 0.000, 0.000, 0.000, 0.000, 0.000]
  MODEL_REWARDS(s,a,*): [0.000, 0.000, 0.000, 0.000, 0.000, 0.000, 0.000, 0.000, 0.000, 0.000, 0.000, 0.000, 0.000, 0.000, 0.000, 0.000, 0.000, 0.000, 0.000, 0.000, 0.000, 0.000]
----------------------------------------
[DEBUG] Beta=1.0 Phase=addiction Step=340
  State: 2 -> Action: as6 -> Next: 2 (Reward: 0.0)
  Q_MF:  [0.396179, 0.000000, 0.018323, 0.016759, 0.023866, 0.012974, 0.010815, 0.009865, 0.029117]
  Q_MB:  [0.000000, 0.000000, 0.000000, 0.000000, 0.000000, 0.000000, 0.000000, 0.000000, 0.000000]
  Q_MIX: [0.000000, 0.000000, 0.000000, 0.000000, 0.000000, 0.000000, 0.000000, 0.000000, 0.000000]
  MODEL_COUNTS(s,a,*):  [0.000, 0.000, 2.038, 0.000, 0.000, 0.000, 0.000, 0.000, 0.000, 0.000, 0.000, 0.000, 0.000, 0.000, 0.000, 0.000, 0.000, 0.000, 0.000, 0.000, 0.000, 0.000]
  MODEL_REWARDS(s,a,*): [0.000, 0.000, 0.000, 0.000, 0.000, 0.000, 0.000, 0.000, 0.000, 0.000, 0.000, 0.000, 0.000, 0.000, 0.000, 0.000, 0.000, 0.000, 0.000, 0.000, 0.000, 0.000]
----------------------------------------
[DEBUG] Beta=1.0 Phase=addiction Step=341
  State: 2 -> Action: as2 -> Next: 1 (Reward: 0.0)
  Q_MF:  [0.396179, 0.000000, 0.018323, 0.016759, 0.040501, 0.012974, 0.010815, 0.009865, 0.029117]
  Q_MB:  [0.805160, 0.000000, 0.000000, 0.000000, 0.000000, 0.000000, 0.000000, 0.000000, 0.000000]
  Q_MIX: [0.805160, 0.000000, 0.000000, 0.000000, 0.000000, 0.000000, 0.000000, 0.000000, 0.000000]
  MODEL_COUNTS(s,a,*):  [0.000, 15.384, 0.039, 0.000, 0.000, 0.000, 0.000, 0.000, 0.000, 0.000, 0.000, 0.000, 0.000, 0.000, 0.000, 0.000, 0.000, 0.000, 0.000, 0.000, 0.000, 0.000]
  MODEL_REWARDS(s,a,*): [0.000, 0.000, 0.000, 0.000, 0.000, 0.000, 0.000, 0.000, 0.000, 0.000, 0.000, 0.000, 0.000, 0.000, 0.000, 0.000, 0.000, 0.000, 0.000, 0.000, 0.000, 0.000]
----------------------------------------
[DEBUG] Beta=1.0 Phase=addiction Step=342
  State: 1 -> Action: ag -> Next: 0 (Reward: 0.0)
  Q_MF:  [0.022326, 0.028391, 0.016013, 0.000000, 0.056481, 0.000000, 0.674726, 0.033592, 0.007193]
  Q_MB:  [1.671418, 1.202254, 1.671418, 1.671418, 1.671418, 1.671418, 1.858144, 1.671418, 1.671418]
  Q_MIX: [1.671418, 1.202254, 1.671418, 1.671418, 1.671418, 1.671418, 1.858144, 1.671418, 1.671418]
  MODEL_COUNTS(s,a,*):  [14.106, 0.039, 0.000, 0.000, 0.000, 0.000, 0.000, 0.000, 0.000, 0.000, 0.000, 0.000, 0.000, 0.000, 0.000, 0.000, 0.000, 0.000, 0.000, 0.000, 0.000, 0.000]
  MODEL_REWARDS(s,a,*): [0.000, 0.000, 0.000, 0.000, 0.000, 0.000, 0.000, 0.000, 0.000, 0.000, 0.000, 0.000, 0.000, 0.000, 0.000, 0.000, 0.000, 0.000, 0.000, 0.000, 0.000, 0.000]
----------------------------------------
[DEBUG] Beta=1.0 Phase=addiction Step=343
  State: 0 -> Action: as6 -> Next: 0 (Reward: 0.0)
  Q_MF:  [0.038522, 0.000000, 0.058918, 0.039484, 0.000000, 0.000000, 1.003052, 0.000000, 0.000000]
  Q_MB:  [0.899730, 0.899730, 0.899730, 0.899730, 0.899730, 0.899730, 1.647580, 0.899730, 0.899730]
  Q_MIX: [0.899730, 0.899730, 0.899730, 0.899730, 0.899730, 0.899730, 1.647580, 0.899730, 0.899730]
  MODEL_COUNTS(s,a,*):  [1.039, 0.000, 0.000, 0.000, 0.000, 0.000, 0.000, 0.000, 0.000, 0.000, 0.000, 0.000, 0.000, 0.000, 0.000, 0.000, 0.000, 0.000, 0.000, 0.000, 0.000, 0.000]
  MODEL_REWARDS(s,a,*): [0.000, 0.000, 0.000, 0.000, 0.000, 0.000, 0.000, 0.000, 0.000, 0.000, 0.000, 0.000, 0.000, 0.000, 0.000, 0.000, 0.000, 0.000, 0.000, 0.000, 0.000, 0.000]
----------------------------------------
[DEBUG] Beta=1.0 Phase=addiction Step=344
  State: 0 -> Action: ag -> Next: 3 (Reward: 1.0)
  Q_MF:  [0.038522, 0.000000, 0.058918, 0.039484, 0.045137, 0.000000, 1.003052, 0.000000, 0.000000]
  Q_MB:  [1.478837, 1.478837, 1.478837, 1.478837, 1.478837, 1.478837, 1.644847, 1.478837, 1.478837]
  Q_MIX: [1.478837, 1.478837, 1.478837, 1.478837, 1.478837, 1.478837, 1.644847, 1.478837, 1.478837]
  MODEL_COUNTS(s,a,*):  [0.038, 0.000, 0.000, 13.992, 0.000, 0.000, 0.000, 0.000, 0.000, 0.000, 0.000, 0.000, 0.000, 0.000, 0.000, 0.000, 0.000, 0.000, 0.000, 0.000, 0.000, 0.000]
  MODEL_REWARDS(s,a,*): [0.000, 0.000, 0.000, 13.992, 0.000, 0.000, 0.000, 0.000, 0.000, 0.000, 0.000, 0.000, 0.000, 0.000, 0.000, 0.000, 0.000, 0.000, 0.000, 0.000, 0.000, 0.000]
----------------------------------------
[DEBUG] Beta=1.0 Phase=addiction Step=345
  State: 3 -> Action: as3 -> Next: 2 (Reward: 0.0)
  Q_MF:  [0.014689, 0.205350, 0.036655, 0.002724, 0.011992, 0.024619, 0.020668, 0.010729, 0.019254]
  Q_MB:  [0.000000, 0.717171, 0.000000, 0.000000, 0.000000, 0.000000, 0.000000, 0.000000, 0.000000]
  Q_MIX: [0.000000, 0.717171, 0.000000, 0.000000, 0.000000, 0.000000, 0.000000, 0.000000, 0.000000]
  MODEL_COUNTS(s,a,*):  [0.000, 0.000, 16.078, 0.198, 0.000, 0.000, 0.000, 0.000, 0.000, 0.000, 0.000, 0.000, 0.000, 0.000, 0.000, 0.000, 0.000, 0.000, 0.000, 0.000, 0.000, 0.000]
  MODEL_REWARDS(s,a,*): [0.000, 0.000, 0.000, 0.000, 0.000, 0.000, 0.000, 0.000, 0.000, 0.000, 0.000, 0.000, 0.000, 0.000, 0.000, 0.000, 0.000, 0.000, 0.000, 0.000, 0.000, 0.000]
----------------------------------------
[DEBUG] Beta=1.0 Phase=addiction Step=346
  State: 2 -> Action: as7 -> Next: 2 (Reward: 0.0)
  Q_MF:  [0.406733, 0.000000, 0.018323, 0.016759, 0.040501, 0.012974, 0.010815, 0.009865, 0.029117]
  Q_MB:  [0.000000, 0.000000, 0.000000, 0.000000, 0.000000, 0.000000, 0.000000, 0.000000, 0.000000]
  Q_MIX: [0.000000, 0.000000, 0.000000, 0.000000, 0.000000, 0.000000, 0.000000, 0.000000, 0.000000]
  MODEL_COUNTS(s,a,*):  [0.000, 0.000, 1.631, 0.000, 0.000, 0.000, 0.000, 0.000, 0.000, 0.000, 0.000, 0.000, 0.000, 0.000, 0.000, 0.000, 0.000, 0.000, 0.000, 0.000, 0.000, 0.000]
  MODEL_REWARDS(s,a,*): [0.000, 0.000, 0.000, 0.000, 0.000, 0.000, 0.000, 0.000, 0.000, 0.000, 0.000, 0.000, 0.000, 0.000, 0.000, 0.000, 0.000, 0.000, 0.000, 0.000, 0.000, 0.000]
----------------------------------------
[DEBUG] Beta=1.0 Phase=addiction Step=347
  State: 2 -> Action: ag -> Next: 2 (Reward: 0.0)
  Q_MF:  [0.406733, 0.000000, 0.018323, 0.016759, 0.040501, 0.030628, 0.010815, 0.009865, 0.029117]
  Q_MB:  [0.805513, 0.000000, 0.000000, 0.000000, 0.000000, 0.000000, 0.000000, 0.000000, 0.000000]
  Q_MIX: [0.805513, 0.000000, 0.000000, 0.000000, 0.000000, 0.000000, 0.000000, 0.000000, 0.000000]
  MODEL_COUNTS(s,a,*):  [0.000, 0.000, 1.436, 0.000, 0.000, 0.000, 0.000, 0.000, 0.000, 0.000, 0.000, 0.000, 0.000, 0.000, 0.000, 0.000, 0.000, 0.000, 0.000, 0.000, 0.000, 0.000]
  MODEL_REWARDS(s,a,*): [0.000, 0.000, 0.000, 0.000, 0.000, 0.000, 0.000, 0.000, 0.000, 0.000, 0.000, 0.000, 0.000, 0.000, 0.000, 0.000, 0.000, 0.000, 0.000, 0.000, 0.000, 0.000]
----------------------------------------
[DEBUG] Beta=1.0 Phase=addiction Step=348
  State: 2 -> Action: as2 -> Next: 1 (Reward: 0.0)
  Q_MF:  [0.406733, 0.000000, 0.018323, 0.016759, 0.040501, 0.030628, 0.028577, 0.009865, 0.029117]
  Q_MB:  [0.809331, 0.724940, 0.007853, 0.724940, 0.724940, 0.724940, 0.724940, 0.724940, 0.724940]
  Q_MIX: [0.809331, 0.724940, 0.007853, 0.724940, 0.724940, 0.724940, 0.724940, 0.724940, 0.724940]
  MODEL_COUNTS(s,a,*):  [0.000, 15.339, 0.037, 0.000, 0.000, 0.000, 0.000, 0.000, 0.000, 0.000, 0.000, 0.000, 0.000, 0.000, 0.000, 0.000, 0.000, 0.000, 0.000, 0.000, 0.000, 0.000]
  MODEL_REWARDS(s,a,*): [0.000, 0.000, 0.000, 0.000, 0.000, 0.000, 0.000, 0.000, 0.000, 0.000, 0.000, 0.000, 0.000, 0.000, 0.000, 0.000, 0.000, 0.000, 0.000, 0.000, 0.000, 0.000]
----------------------------------------
[DEBUG] Beta=1.0 Phase=addiction Step=349
  State: 1 -> Action: ag -> Next: 0 (Reward: 0.0)
  Q_MF:  [0.022326, 0.028391, 0.016013, 0.000000, 0.056481, 0.000000, 0.686127, 0.033592, 0.007193]
  Q_MB:  [0.809546, 0.726774, 0.809546, 0.809546, 0.809546, 0.809546, 0.899507, 0.809546, 0.809546]
  Q_MIX: [0.809546, 0.726774, 0.809546, 0.809546, 0.809546, 0.809546, 0.899507, 0.809546, 0.809546]
  MODEL_COUNTS(s,a,*):  [14.148, 0.036, 0.000, 0.000, 0.000, 0.000, 0.000, 0.000, 0.000, 0.000, 0.000, 0.000, 0.000, 0.000, 0.000, 0.000, 0.000, 0.000, 0.000, 0.000, 0.000, 0.000]
  MODEL_REWARDS(s,a,*): [0.000, 0.000, 0.000, 0.000, 0.000, 0.000, 0.000, 0.000, 0.000, 0.000, 0.000, 0.000, 0.000, 0.000, 0.000, 0.000, 0.000, 0.000, 0.000, 0.000, 0.000, 0.000]
----------------------------------------
[DEBUG] Beta=1.0 Phase=addiction Step=350
  State: 0 -> Action: ag -> Next: 3 (Reward: 1.0)
  Q_MF:  [0.038522, 0.000000, 0.058918, 0.039484, 0.045137, 0.000000, 1.012140, 0.000000, 0.000000]
  Q_MB:  [0.897554, 0.897554, 0.897554, 0.897554, 0.897554, 0.897554, 0.999722, 0.897554, 0.897554]
  Q_MIX: [0.897554, 0.897554, 0.897554, 0.897554, 0.897554, 0.897554, 0.999722, 0.897554, 0.897554]
  MODEL_COUNTS(s,a,*):  [0.036, 0.000, 0.000, 14.174, 0.000, 0.000, 0.000, 0.000, 0.000, 0.000, 0.000, 0.000, 0.000, 0.000, 0.000, 0.000, 0.000, 0.000, 0.000, 0.000, 0.000, 0.000]
  MODEL_REWARDS(s,a,*): [0.000, 0.000, 0.000, 14.174, 0.000, 0.000, 0.000, 0.000, 0.000, 0.000, 0.000, 0.000, 0.000, 0.000, 0.000, 0.000, 0.000, 0.000, 0.000, 0.000, 0.000, 0.000]
----------------------------------------
[DEBUG] Beta=1.0 Phase=addiction Step=351
  State: 3 -> Action: as3 -> Next: 2 (Reward: 0.0)
  Q_MF:  [0.014689, 0.213385, 0.036655, 0.002724, 0.011992, 0.024619, 0.020668, 0.010729, 0.019254]
  Q_MB:  [0.646125, 0.725789, 0.646125, 0.575549, 0.646125, 0.646125, 0.646125, 0.646125, 0.646125]
  Q_MIX: [0.646125, 0.725789, 0.646125, 0.575549, 0.646125, 0.646125, 0.646125, 0.646125, 0.646125]
  MODEL_COUNTS(s,a,*):  [0.000, 0.000, 16.137, 0.187, 0.000, 0.000, 0.000, 0.000, 0.000, 0.000, 0.000, 0.000, 0.000, 0.000, 0.000, 0.000, 0.000, 0.000, 0.000, 0.000, 0.000, 0.000]
  MODEL_REWARDS(s,a,*): [0.000, 0.000, 0.000, 0.000, 0.000, 0.000, 0.000, 0.000, 0.000, 0.000, 0.000, 0.000, 0.000, 0.000, 0.000, 0.000, 0.000, 0.000, 0.000, 0.000, 0.000, 0.000]
----------------------------------------
[DEBUG] Beta=1.0 Phase=addiction Step=352
  State: 2 -> Action: as2 -> Next: 2 (Reward: 0.0)
  Q_MF:  [0.417272, 0.000000, 0.018323, 0.016759, 0.040501, 0.030628, 0.028577, 0.009865, 0.029117]
  Q_MB:  [0.000000, 0.000000, 0.000000, 0.000000, 0.000000, 0.000000, 0.000000, 0.000000, 0.000000]
  Q_MIX: [0.000000, 0.000000, 0.000000, 0.000000, 0.000000, 0.000000, 0.000000, 0.000000, 0.000000]
  MODEL_COUNTS(s,a,*):  [0.000, 14.734, 1.035, 0.000, 0.000, 0.000, 0.000, 0.000, 0.000, 0.000, 0.000, 0.000, 0.000, 0.000, 0.000, 0.000, 0.000, 0.000, 0.000, 0.000, 0.000, 0.000]
  MODEL_REWARDS(s,a,*): [0.000, 0.000, 0.000, 0.000, 0.000, 0.000, 0.000, 0.000, 0.000, 0.000, 0.000, 0.000, 0.000, 0.000, 0.000, 0.000, 0.000, 0.000, 0.000, 0.000, 0.000, 0.000]
----------------------------------------
[DEBUG] Beta=1.0 Phase=addiction Step=353
  State: 2 -> Action: as2 -> Next: 1 (Reward: 0.0)
  Q_MF:  [0.415186, 0.000000, 0.018323, 0.016759, 0.040501, 0.030628, 0.028577, 0.009865, 0.029117]
  Q_MB:  [0.801023, 0.679247, 0.007358, 0.679247, 0.679247, 0.679247, 0.679247, 0.679247, 0.679247]
  Q_MIX: [0.801023, 0.679247, 0.007358, 0.679247, 0.679247, 0.679247, 0.679247, 0.679247, 0.679247]
  MODEL_COUNTS(s,a,*):  [0.000, 15.587, 1.025, 0.000, 0.000, 0.000, 0.000, 0.000, 0.000, 0.000, 0.000, 0.000, 0.000, 0.000, 0.000, 0.000, 0.000, 0.000, 0.000, 0.000, 0.000, 0.000]
  MODEL_REWARDS(s,a,*): [0.000, 0.000, 0.000, 0.000, 0.000, 0.000, 0.000, 0.000, 0.000, 0.000, 0.000, 0.000, 0.000, 0.000, 0.000, 0.000, 0.000, 0.000, 0.000, 0.000, 0.000, 0.000]
----------------------------------------
[DEBUG] Beta=1.0 Phase=addiction Step=354
  State: 1 -> Action: ag -> Next: 0 (Reward: 0.0)
  Q_MF:  [0.022326, 0.028391, 0.016013, 0.000000, 0.056481, 0.000000, 0.697367, 0.033592, 0.007193]
  Q_MB:  [0.807724, 0.016381, 0.807724, 0.807724, 0.807724, 0.807724, 0.899537, 0.807724, 0.807724]
  Q_MIX: [0.807724, 0.016381, 0.807724, 0.807724, 0.807724, 0.807724, 0.899537, 0.807724, 0.807724]
  MODEL_COUNTS(s,a,*):  [14.454, 0.034, 0.000, 0.000, 0.000, 0.000, 0.000, 0.000, 0.000, 0.000, 0.000, 0.000, 0.000, 0.000, 0.000, 0.000, 0.000, 0.000, 0.000, 0.000, 0.000, 0.000]
  MODEL_REWARDS(s,a,*): [0.000, 0.000, 0.000, 0.000, 0.000, 0.000, 0.000, 0.000, 0.000, 0.000, 0.000, 0.000, 0.000, 0.000, 0.000, 0.000, 0.000, 0.000, 0.000, 0.000, 0.000, 0.000]
----------------------------------------
[DEBUG] Beta=1.0 Phase=addiction Step=355
  State: 0 -> Action: as7 -> Next: 0 (Reward: 0.0)
  Q_MF:  [0.038522, 0.000000, 0.058918, 0.039484, 0.045137, 0.000000, 1.021136, 0.000000, 0.000000]
  Q_MB:  [0.897726, 0.897726, 0.897726, 0.897726, 0.897726, 0.897726, 0.999742, 0.897726, 0.897726]
  Q_MIX: [0.897726, 0.897726, 0.897726, 0.897726, 0.897726, 0.897726, 0.999742, 0.897726, 0.897726]
  MODEL_COUNTS(s,a,*):  [1.034, 0.000, 0.000, 0.000, 0.000, 0.000, 0.000, 0.000, 0.000, 0.000, 0.000, 0.000, 0.000, 0.000, 0.000, 0.000, 0.000, 0.000, 0.000, 0.000, 0.000, 0.000]
  MODEL_REWARDS(s,a,*): [0.000, 0.000, 0.000, 0.000, 0.000, 0.000, 0.000, 0.000, 0.000, 0.000, 0.000, 0.000, 0.000, 0.000, 0.000, 0.000, 0.000, 0.000, 0.000, 0.000, 0.000, 0.000]
----------------------------------------
[DEBUG] Beta=1.0 Phase=addiction Step=356
  State: 0 -> Action: ag -> Next: 3 (Reward: 1.0)
  Q_MF:  [0.038522, 0.000000, 0.058918, 0.039484, 0.045137, 0.045951, 1.021136, 0.000000, 0.000000]
  Q_MB:  [0.897726, 0.897726, 0.897726, 0.897726, 0.897726, 0.897726, 0.999742, 0.897726, 0.897726]
  Q_MIX: [0.897726, 0.897726, 0.897726, 0.897726, 0.897726, 0.897726, 0.999742, 0.897726, 0.897726]
  MODEL_COUNTS(s,a,*):  [0.034, 0.000, 0.000, 14.344, 0.000, 0.000, 0.000, 0.000, 0.000, 0.000, 0.000, 0.000, 0.000, 0.000, 0.000, 0.000, 0.000, 0.000, 0.000, 0.000, 0.000, 0.000]
  MODEL_REWARDS(s,a,*): [0.000, 0.000, 0.000, 14.344, 0.000, 0.000, 0.000, 0.000, 0.000, 0.000, 0.000, 0.000, 0.000, 0.000, 0.000, 0.000, 0.000, 0.000, 0.000, 0.000, 0.000, 0.000]
----------------------------------------
[DEBUG] Beta=1.0 Phase=addiction Step=357
  State: 3 -> Action: as2 -> Next: 3 (Reward: 0.0)
  Q_MF:  [0.014689, 0.221493, 0.036655, 0.002724, 0.011992, 0.024619, 0.020668, 0.010729, 0.019254]
  Q_MB:  [0.000000, 0.000000, 0.000000, 0.000000, 0.000000, 0.000000, 0.000000, 0.000000, 0.000000]
  Q_MIX: [0.000000, 0.000000, 0.000000, 0.000000, 0.000000, 0.000000, 0.000000, 0.000000, 0.000000]
  MODEL_COUNTS(s,a,*):  [0.000, 0.000, 0.000, 2.656, 0.000, 0.000, 0.000, 0.000, 0.000, 0.000, 0.000, 0.000, 0.000, 0.000, 0.000, 0.000, 0.000, 0.000, 0.000, 0.000, 0.000, 0.000]
  MODEL_REWARDS(s,a,*): [0.000, 0.000, 0.000, 0.000, 0.000, 0.000, 0.000, 0.000, 0.000, 0.000, 0.000, 0.000, 0.000, 0.000, 0.000, 0.000, 0.000, 0.000, 0.000, 0.000, 0.000, 0.000]
----------------------------------------
[DEBUG] Beta=1.0 Phase=addiction Step=358
  State: 3 -> Action: ad -> Next: 3 (Reward: 0.0)
  Q_MF:  [0.023921, 0.221493, 0.036655, 0.002724, 0.011992, 0.024619, 0.020668, 0.010729, 0.019254]
  Q_MB:  [0.000000, 0.000000, 0.000000, 0.000000, 0.000000, 0.000000, 0.000000, 0.000000, 0.000000]
  Q_MIX: [0.000000, 0.000000, 0.000000, 0.000000, 0.000000, 0.000000, 0.000000, 0.000000, 0.000000]
  MODEL_COUNTS(s,a,*):  [0.000, 0.000, 0.000, 2.262, 0.000, 0.000, 0.000, 0.000, 0.000, 0.000, 0.000, 0.000, 0.000, 0.000, 0.000, 0.000, 0.000, 0.000, 0.000, 0.000, 0.000, 0.000]
  MODEL_REWARDS(s,a,*): [0.000, 0.000, 0.000, 0.000, 0.000, 0.000, 0.000, 0.000, 0.000, 0.000, 0.000, 0.000, 0.000, 0.000, 0.000, 0.000, 0.000, 0.000, 0.000, 0.000, 0.000, 0.000]
----------------------------------------
[DEBUG] Beta=1.0 Phase=addiction Step=359
  State: 3 -> Action: as3 -> Next: 2 (Reward: 0.0)
  Q_MF:  [0.023921, 0.221493, 0.036655, 0.002724, 0.011992, 0.024619, 0.020668, 0.020159, 0.019254]
  Q_MB:  [0.614550, 0.722521, 0.614550, 0.547423, 0.614550, 0.614550, 0.614550, 0.614550, 0.614550]
  Q_MIX: [0.614550, 0.722521, 0.614550, 0.547423, 0.614550, 0.614550, 0.614550, 0.614550, 0.614550]
  MODEL_COUNTS(s,a,*):  [0.000, 0.000, 15.891, 0.172, 0.000, 0.000, 0.000, 0.000, 0.000, 0.000, 0.000, 0.000, 0.000, 0.000, 0.000, 0.000, 0.000, 0.000, 0.000, 0.000, 0.000, 0.000]
  MODEL_REWARDS(s,a,*): [0.000, 0.000, 0.000, 0.000, 0.000, 0.000, 0.000, 0.000, 0.000, 0.000, 0.000, 0.000, 0.000, 0.000, 0.000, 0.000, 0.000, 0.000, 0.000, 0.000, 0.000, 0.000]
----------------------------------------
[DEBUG] Beta=1.0 Phase=addiction Step=360
  State: 2 -> Action: as2 -> Next: 1 (Reward: 0.0)
  Q_MF:  [0.425808, 0.000000, 0.018323, 0.016759, 0.040501, 0.030628, 0.028577, 0.009865, 0.029117]
  Q_MB:  [1.295569, 0.721576, 0.649110, 0.721576, 0.721576, 0.721576, 0.721576, 0.721576, 0.721576]
  Q_MIX: [1.295569, 0.721576, 0.649110, 0.721576, 0.721576, 0.721576, 0.721576, 0.721576, 0.721576]
  MODEL_COUNTS(s,a,*):  [0.000, 15.528, 0.955, 0.000, 0.000, 0.000, 0.000, 0.000, 0.000, 0.000, 0.000, 0.000, 0.000, 0.000, 0.000, 0.000, 0.000, 0.000, 0.000, 0.000, 0.000, 0.000]
  MODEL_REWARDS(s,a,*): [0.000, 0.000, 0.000, 0.000, 0.000, 0.000, 0.000, 0.000, 0.000, 0.000, 0.000, 0.000, 0.000, 0.000, 0.000, 0.000, 0.000, 0.000, 0.000, 0.000, 0.000, 0.000]
----------------------------------------
[DEBUG] Beta=1.0 Phase=addiction Step=361
  State: 1 -> Action: ag -> Next: 0 (Reward: 0.0)
  Q_MF:  [0.022326, 0.028391, 0.016013, 0.000000, 0.056481, 0.000000, 0.708450, 0.033592, 0.007193]
  Q_MB:  [0.000000, 0.000000, 0.000000, 0.000000, 0.000000, 0.000000, 0.000000, 0.000000, 0.000000]
  Q_MIX: [0.000000, 0.000000, 0.000000, 0.000000, 0.000000, 0.000000, 0.000000, 0.000000, 0.000000]
  MODEL_COUNTS(s,a,*):  [14.472, 0.032, 0.000, 0.000, 0.000, 0.000, 0.000, 0.000, 0.000, 0.000, 0.000, 0.000, 0.000, 0.000, 0.000, 0.000, 0.000, 0.000, 0.000, 0.000, 0.000, 0.000]
  MODEL_REWARDS(s,a,*): [0.000, 0.000, 0.000, 0.000, 0.000, 0.000, 0.000, 0.000, 0.000, 0.000, 0.000, 0.000, 0.000, 0.000, 0.000, 0.000, 0.000, 0.000, 0.000, 0.000, 0.000, 0.000]
----------------------------------------
[DEBUG] Beta=1.0 Phase=addiction Step=362
  State: 0 -> Action: as7 -> Next: 0 (Reward: 0.0)
  Q_MF:  [0.038522, 0.000000, 0.058918, 0.039484, 0.045137, 0.045951, 1.030046, 0.000000, 0.000000]
  Q_MB:  [0.899784, 0.899784, 0.899784, 0.899784, 0.899784, 0.899784, 1.608279, 0.899784, 0.899784]
  Q_MIX: [0.899784, 0.899784, 0.899784, 0.899784, 0.899784, 0.899784, 1.608279, 0.899784, 0.899784]
  MODEL_COUNTS(s,a,*):  [1.964, 0.000, 0.000, 0.000, 0.000, 0.000, 0.000, 0.000, 0.000, 0.000, 0.000, 0.000, 0.000, 0.000, 0.000, 0.000, 0.000, 0.000, 0.000, 0.000, 0.000, 0.000]
  MODEL_REWARDS(s,a,*): [0.000, 0.000, 0.000, 0.000, 0.000, 0.000, 0.000, 0.000, 0.000, 0.000, 0.000, 0.000, 0.000, 0.000, 0.000, 0.000, 0.000, 0.000, 0.000, 0.000, 0.000, 0.000]
----------------------------------------
[DEBUG] Beta=1.0 Phase=addiction Step=363
  State: 0 -> Action: ag -> Next: 3 (Reward: 1.0)
  Q_MF:  [0.038522, 0.000000, 0.058918, 0.039484, 0.045137, 0.090006, 1.030046, 0.000000, 0.000000]
  Q_MB:  [0.897884, 0.897884, 0.897884, 0.897884, 0.897884, 0.897884, 0.999760, 0.897884, 0.897884]
  Q_MIX: [0.897884, 0.897884, 0.897884, 0.897884, 0.897884, 0.897884, 0.999760, 0.897884, 0.897884]
  MODEL_COUNTS(s,a,*):  [0.032, 0.000, 0.000, 14.370, 0.000, 0.000, 0.000, 0.000, 0.000, 0.000, 0.000, 0.000, 0.000, 0.000, 0.000, 0.000, 0.000, 0.000, 0.000, 0.000, 0.000, 0.000]
  MODEL_REWARDS(s,a,*): [0.000, 0.000, 0.000, 14.370, 0.000, 0.000, 0.000, 0.000, 0.000, 0.000, 0.000, 0.000, 0.000, 0.000, 0.000, 0.000, 0.000, 0.000, 0.000, 0.000, 0.000, 0.000]
----------------------------------------
[DEBUG] Beta=1.0 Phase=addiction Step=364
  State: 3 -> Action: as7 -> Next: 3 (Reward: 0.0)
  Q_MF:  [0.023921, 0.229580, 0.036655, 0.002724, 0.011992, 0.024619, 0.020668, 0.020159, 0.019254]
  Q_MB:  [0.000000, 0.000000, 0.000000, 0.000000, 0.000000, 0.000000, 0.000000, 0.000000, 0.000000]
  Q_MIX: [0.000000, 0.000000, 0.000000, 0.000000, 0.000000, 0.000000, 0.000000, 0.000000, 0.000000]
  MODEL_COUNTS(s,a,*):  [0.000, 0.000, 0.000, 3.475, 0.000, 0.000, 0.000, 0.000, 0.000, 0.000, 0.000, 0.000, 0.000, 0.000, 0.000, 0.000, 0.000, 0.000, 0.000, 0.000, 0.000, 0.000]
  MODEL_REWARDS(s,a,*): [0.000, 0.000, 0.000, 0.000, 0.000, 0.000, 0.000, 0.000, 0.000, 0.000, 0.000, 0.000, 0.000, 0.000, 0.000, 0.000, 0.000, 0.000, 0.000, 0.000, 0.000, 0.000]
----------------------------------------
[DEBUG] Beta=1.0 Phase=addiction Step=365
  State: 3 -> Action: as3 -> Next: 2 (Reward: 0.0)
  Q_MF:  [0.023921, 0.229580, 0.036655, 0.002724, 0.011992, 0.033719, 0.020668, 0.020159, 0.019254]
  Q_MB:  [0.643054, 0.721401, 0.643054, 0.007840, 0.643054, 0.643054, 0.643054, 0.643054, 0.643054]
  Q_MIX: [0.643054, 0.721401, 0.643054, 0.007840, 0.643054, 0.643054, 0.643054, 0.643054, 0.643054]
  MODEL_COUNTS(s,a,*):  [0.000, 0.000, 15.961, 0.162, 0.000, 0.000, 0.000, 0.000, 0.000, 0.000, 0.000, 0.000, 0.000, 0.000, 0.000, 0.000, 0.000, 0.000, 0.000, 0.000, 0.000, 0.000]
  MODEL_REWARDS(s,a,*): [0.000, 0.000, 0.000, 0.000, 0.000, 0.000, 0.000, 0.000, 0.000, 0.000, 0.000, 0.000, 0.000, 0.000, 0.000, 0.000, 0.000, 0.000, 0.000, 0.000, 0.000, 0.000]
----------------------------------------
[DEBUG] Beta=1.0 Phase=addiction Step=366
  State: 2 -> Action: as5 -> Next: 2 (Reward: 0.0)
  Q_MF:  [0.436398, 0.000000, 0.018323, 0.016759, 0.040501, 0.030628, 0.028577, 0.009865, 0.029117]
  Q_MB:  [0.000000, 0.000000, 0.000000, 0.000000, 0.000000, 0.000000, 0.000000, 0.000000, 0.000000]
  Q_MIX: [0.000000, 0.000000, 0.000000, 0.000000, 0.000000, 0.000000, 0.000000, 0.000000, 0.000000]
  MODEL_COUNTS(s,a,*):  [0.000, 0.000, 1.742, 0.000, 0.000, 0.000, 0.000, 0.000, 0.000, 0.000, 0.000, 0.000, 0.000, 0.000, 0.000, 0.000, 0.000, 0.000, 0.000, 0.000, 0.000, 0.000]
  MODEL_REWARDS(s,a,*): [0.000, 0.000, 0.000, 0.000, 0.000, 0.000, 0.000, 0.000, 0.000, 0.000, 0.000, 0.000, 0.000, 0.000, 0.000, 0.000, 0.000, 0.000, 0.000, 0.000, 0.000, 0.000]
----------------------------------------
[DEBUG] Beta=1.0 Phase=addiction Step=367
  State: 2 -> Action: as2 -> Next: 1 (Reward: 0.0)
  Q_MF:  [0.436398, 0.000000, 0.018323, 0.035559, 0.040501, 0.030628, 0.028577, 0.009865, 0.029117]
  Q_MB:  [0.804572, 0.722248, 0.007824, 0.722248, 0.722248, 0.722248, 0.722248, 0.722248, 0.722248]
  Q_MIX: [0.804572, 0.722248, 0.007824, 0.722248, 0.722248, 0.722248, 0.722248, 0.722248, 0.722248]
  MODEL_COUNTS(s,a,*):  [0.000, 15.473, 0.890, 0.000, 0.000, 0.000, 0.000, 0.000, 0.000, 0.000, 0.000, 0.000, 0.000, 0.000, 0.000, 0.000, 0.000, 0.000, 0.000, 0.000, 0.000, 0.000]
  MODEL_REWARDS(s,a,*): [0.000, 0.000, 0.000, 0.000, 0.000, 0.000, 0.000, 0.000, 0.000, 0.000, 0.000, 0.000, 0.000, 0.000, 0.000, 0.000, 0.000, 0.000, 0.000, 0.000, 0.000, 0.000]
----------------------------------------
[DEBUG] Beta=1.0 Phase=addiction Step=368
  State: 1 -> Action: ag -> Next: 0 (Reward: 0.0)
  Q_MF:  [0.022326, 0.028391, 0.016013, 0.000000, 0.056481, 0.000000, 0.719380, 0.033592, 0.007193]
  Q_MB:  [0.809639, 0.691475, 0.809639, 0.809639, 0.809639, 0.809639, 0.899603, 0.809639, 0.809639]
  Q_MIX: [0.809639, 0.691475, 0.809639, 0.809639, 0.809639, 0.809639, 0.899603, 0.809639, 0.809639]
  MODEL_COUNTS(s,a,*):  [14.489, 0.030, 0.000, 0.000, 0.000, 0.000, 0.000, 0.000, 0.000, 0.000, 0.000, 0.000, 0.000, 0.000, 0.000, 0.000, 0.000, 0.000, 0.000, 0.000, 0.000, 0.000]
  MODEL_REWARDS(s,a,*): [0.000, 0.000, 0.000, 0.000, 0.000, 0.000, 0.000, 0.000, 0.000, 0.000, 0.000, 0.000, 0.000, 0.000, 0.000, 0.000, 0.000, 0.000, 0.000, 0.000, 0.000, 0.000]
----------------------------------------
[DEBUG] Beta=1.0 Phase=addiction Step=369
  State: 0 -> Action: ag -> Next: 3 (Reward: 1.0)
  Q_MF:  [0.038522, 0.000000, 0.058918, 0.039484, 0.045137, 0.090006, 1.038875, 0.000000, 0.000000]
  Q_MB:  [0.899799, 0.899799, 0.899799, 0.899799, 0.899799, 0.899799, 0.999781, 0.899799, 0.899799]
  Q_MIX: [0.899799, 0.899799, 0.899799, 0.899799, 0.899799, 0.899799, 0.999781, 0.899799, 0.899799]
  MODEL_COUNTS(s,a,*):  [0.030, 0.000, 0.000, 14.529, 0.000, 0.000, 0.000, 0.000, 0.000, 0.000, 0.000, 0.000, 0.000, 0.000, 0.000, 0.000, 0.000, 0.000, 0.000, 0.000, 0.000, 0.000]
  MODEL_REWARDS(s,a,*): [0.000, 0.000, 0.000, 14.529, 0.000, 0.000, 0.000, 0.000, 0.000, 0.000, 0.000, 0.000, 0.000, 0.000, 0.000, 0.000, 0.000, 0.000, 0.000, 0.000, 0.000, 0.000]
----------------------------------------
[DEBUG] Beta=1.0 Phase=addiction Step=370
  State: 3 -> Action: as3 -> Next: 2 (Reward: 0.0)
  Q_MF:  [0.023921, 0.237739, 0.036655, 0.002724, 0.011992, 0.033719, 0.020668, 0.020159, 0.019254]
  Q_MB:  [0.000000, 0.000000, 0.000000, 0.000000, 0.000000, 0.000000, 0.000000, 0.000000, 0.000000]
  Q_MIX: [0.000000, 0.000000, 0.000000, 0.000000, 0.000000, 0.000000, 0.000000, 0.000000, 0.000000]
  MODEL_COUNTS(s,a,*):  [0.000, 0.000, 16.179, 0.154, 0.000, 0.000, 0.000, 0.000, 0.000, 0.000, 0.000, 0.000, 0.000, 0.000, 0.000, 0.000, 0.000, 0.000, 0.000, 0.000, 0.000, 0.000]
  MODEL_REWARDS(s,a,*): [0.000, 0.000, 0.000, 0.000, 0.000, 0.000, 0.000, 0.000, 0.000, 0.000, 0.000, 0.000, 0.000, 0.000, 0.000, 0.000, 0.000, 0.000, 0.000, 0.000, 0.000, 0.000]
----------------------------------------
[DEBUG] Beta=1.0 Phase=addiction Step=371
  State: 2 -> Action: as2 -> Next: 1 (Reward: 0.0)
  Q_MF:  [0.446950, 0.000000, 0.018323, 0.035559, 0.040501, 0.030628, 0.028577, 0.009865, 0.029117]
  Q_MB:  [0.801611, 0.687771, 0.007451, 0.687771, 0.687771, 0.687771, 0.687771, 0.687771, 0.687771]
  Q_MIX: [0.801611, 0.687771, 0.007451, 0.687771, 0.687771, 0.687771, 0.687771, 0.687771, 0.687771]
  MODEL_COUNTS(s,a,*):  [0.000, 15.864, 0.855, 0.000, 0.000, 0.000, 0.000, 0.000, 0.000, 0.000, 0.000, 0.000, 0.000, 0.000, 0.000, 0.000, 0.000, 0.000, 0.000, 0.000, 0.000, 0.000]
  MODEL_REWARDS(s,a,*): [0.000, 0.000, 0.000, 0.000, 0.000, 0.000, 0.000, 0.000, 0.000, 0.000, 0.000, 0.000, 0.000, 0.000, 0.000, 0.000, 0.000, 0.000, 0.000, 0.000, 0.000, 0.000]
----------------------------------------
[DEBUG] Beta=1.0 Phase=addiction Step=372
  State: 1 -> Action: ag -> Next: 0 (Reward: 0.0)
  Q_MF:  [0.022326, 0.028391, 0.016013, 0.000000, 0.056481, 0.000000, 0.730160, 0.033592, 0.007193]
  Q_MB:  [0.808180, 0.692548, 0.808180, 0.808180, 0.808180, 0.808180, 0.899627, 0.808180, 0.808180]
  Q_MIX: [0.808180, 0.692548, 0.808180, 0.808180, 0.808180, 0.808180, 0.899627, 0.808180, 0.808180]
  MODEL_COUNTS(s,a,*):  [14.918, 0.029, 0.000, 0.000, 0.000, 0.000, 0.000, 0.000, 0.000, 0.000, 0.000, 0.000, 0.000, 0.000, 0.000, 0.000, 0.000, 0.000, 0.000, 0.000, 0.000, 0.000]
  MODEL_REWARDS(s,a,*): [0.000, 0.000, 0.000, 0.000, 0.000, 0.000, 0.000, 0.000, 0.000, 0.000, 0.000, 0.000, 0.000, 0.000, 0.000, 0.000, 0.000, 0.000, 0.000, 0.000, 0.000, 0.000]
----------------------------------------
[DEBUG] Beta=1.0 Phase=addiction Step=373
  State: 0 -> Action: ag -> Next: 3 (Reward: 1.0)
  Q_MF:  [0.038522, 0.000000, 0.058918, 0.039484, 0.045137, 0.090006, 1.047629, 0.000000, 0.000000]
  Q_MB:  [0.000000, 0.000000, 0.000000, 0.000000, 0.000000, 0.000000, 0.997963, 0.000000, 0.000000]
  Q_MIX: [0.000000, 0.000000, 0.000000, 0.000000, 0.000000, 0.000000, 0.997963, 0.000000, 0.000000]
  MODEL_COUNTS(s,a,*):  [0.028, 0.000, 0.000, 14.956, 0.000, 0.000, 0.000, 0.000, 0.000, 0.000, 0.000, 0.000, 0.000, 0.000, 0.000, 0.000, 0.000, 0.000, 0.000, 0.000, 0.000, 0.000]
  MODEL_REWARDS(s,a,*): [0.000, 0.000, 0.000, 14.956, 0.000, 0.000, 0.000, 0.000, 0.000, 0.000, 0.000, 0.000, 0.000, 0.000, 0.000, 0.000, 0.000, 0.000, 0.000, 0.000, 0.000, 0.000]
----------------------------------------
[DEBUG] Beta=1.0 Phase=addiction Step=374
  State: 3 -> Action: as3 -> Next: 2 (Reward: 0.0)
  Q_MF:  [0.023921, 0.245965, 0.036655, 0.002724, 0.011992, 0.033719, 0.020668, 0.020159, 0.019254]
  Q_MB:  [0.647804, 0.720099, 0.647804, 0.007898, 0.647804, 0.647804, 0.647804, 0.647804, 0.647804]
  Q_MIX: [0.647804, 0.720099, 0.647804, 0.007898, 0.647804, 0.647804, 0.647804, 0.647804, 0.647804]
  MODEL_COUNTS(s,a,*):  [0.000, 0.000, 16.541, 0.148, 0.000, 0.000, 0.000, 0.000, 0.000, 0.000, 0.000, 0.000, 0.000, 0.000, 0.000, 0.000, 0.000, 0.000, 0.000, 0.000, 0.000, 0.000]
  MODEL_REWARDS(s,a,*): [0.000, 0.000, 0.000, 0.000, 0.000, 0.000, 0.000, 0.000, 0.000, 0.000, 0.000, 0.000, 0.000, 0.000, 0.000, 0.000, 0.000, 0.000, 0.000, 0.000, 0.000, 0.000]
----------------------------------------
[DEBUG] Beta=1.0 Phase=addiction Step=375
  State: 2 -> Action: aw -> Next: 2 (Reward: 0.0)
  Q_MF:  [0.457460, 0.000000, 0.018323, 0.035559, 0.040501, 0.030628, 0.028577, 0.009865, 0.029117]
  Q_MB:  [1.300248, 0.723499, 0.646215, 0.723499, 0.723499, 0.723499, 0.723499, 0.723499, 0.723499]
  Q_MIX: [1.300248, 0.723499, 0.646215, 0.723499, 0.723499, 0.723499, 0.723499, 0.723499, 0.723499]
  MODEL_COUNTS(s,a,*):  [0.000, 0.000, 2.039, 0.000, 0.000, 0.000, 0.000, 0.000, 0.000, 0.000, 0.000, 0.000, 0.000, 0.000, 0.000, 0.000, 0.000, 0.000, 0.000, 0.000, 0.000, 0.000]
  MODEL_REWARDS(s,a,*): [0.000, 0.000, 0.000, 0.000, 0.000, 0.000, 0.000, 0.000, 0.000, 0.000, 0.000, 0.000, 0.000, 0.000, 0.000, 0.000, 0.000, 0.000, 0.000, 0.000, 0.000, 0.000]
----------------------------------------
[DEBUG] Beta=1.0 Phase=addiction Step=376
  State: 2 -> Action: as5 -> Next: 2 (Reward: 0.0)
  Q_MF:  [0.457460, 0.000000, 0.018323, 0.035559, 0.040501, 0.030628, 0.028577, 0.009865, 0.048247]
  Q_MB:  [0.000000, 0.000000, 0.000000, 0.000000, 0.000000, 0.000000, 0.000000, 0.000000, 0.000000]
  Q_MIX: [0.000000, 0.000000, 0.000000, 0.000000, 0.000000, 0.000000, 0.000000, 0.000000, 0.000000]
  MODEL_COUNTS(s,a,*):  [0.000, 0.000, 2.575, 0.000, 0.000, 0.000, 0.000, 0.000, 0.000, 0.000, 0.000, 0.000, 0.000, 0.000, 0.000, 0.000, 0.000, 0.000, 0.000, 0.000, 0.000, 0.000]
  MODEL_REWARDS(s,a,*): [0.000, 0.000, 0.000, 0.000, 0.000, 0.000, 0.000, 0.000, 0.000, 0.000, 0.000, 0.000, 0.000, 0.000, 0.000, 0.000, 0.000, 0.000, 0.000, 0.000, 0.000, 0.000]
----------------------------------------
[DEBUG] Beta=1.0 Phase=addiction Step=377
  State: 2 -> Action: as3 -> Next: 2 (Reward: 0.0)
  Q_MF:  [0.457460, 0.000000, 0.018323, 0.054367, 0.040501, 0.030628, 0.028577, 0.009865, 0.048247]
  Q_MB:  [0.000000, 0.000000, 0.000000, 0.000000, 0.000000, 0.000000, 0.000000, 0.000000, 0.000000]
  Q_MIX: [0.000000, 0.000000, 0.000000, 0.000000, 0.000000, 0.000000, 0.000000, 0.000000, 0.000000]
  MODEL_COUNTS(s,a,*):  [0.000, 0.000, 1.044, 0.000, 0.000, 0.000, 0.000, 0.000, 0.000, 0.000, 0.000, 0.000, 0.000, 0.000, 0.000, 0.000, 0.000, 0.000, 0.000, 0.000, 0.000, 0.000]
  MODEL_REWARDS(s,a,*): [0.000, 0.000, 0.000, 0.000, 0.000, 0.000, 0.000, 0.000, 0.000, 0.000, 0.000, 0.000, 0.000, 0.000, 0.000, 0.000, 0.000, 0.000, 0.000, 0.000, 0.000, 0.000]
----------------------------------------
[DEBUG] Beta=1.0 Phase=addiction Step=378
  State: 2 -> Action: as2 -> Next: 1 (Reward: 0.0)
  Q_MF:  [0.457460, 0.020586, 0.018323, 0.054367, 0.040501, 0.030628, 0.028577, 0.009865, 0.048247]
  Q_MB:  [0.805200, 0.722021, 0.007822, 0.722021, 0.722021, 0.722021, 0.722021, 0.722021, 0.722021]
  Q_MIX: [0.805200, 0.722021, 0.007822, 0.722021, 0.722021, 0.722021, 0.722021, 0.722021, 0.722021]
  MODEL_COUNTS(s,a,*):  [0.000, 15.786, 0.797, 0.000, 0.000, 0.000, 0.000, 0.000, 0.000, 0.000, 0.000, 0.000, 0.000, 0.000, 0.000, 0.000, 0.000, 0.000, 0.000, 0.000, 0.000, 0.000]
  MODEL_REWARDS(s,a,*): [0.000, 0.000, 0.000, 0.000, 0.000, 0.000, 0.000, 0.000, 0.000, 0.000, 0.000, 0.000, 0.000, 0.000, 0.000, 0.000, 0.000, 0.000, 0.000, 0.000, 0.000, 0.000]
----------------------------------------
[DEBUG] Beta=1.0 Phase=addiction Step=379
  State: 1 -> Action: ag -> Next: 0 (Reward: 0.0)
  Q_MF:  [0.022326, 0.028391, 0.016013, 0.000000, 0.056481, 0.000000, 0.740795, 0.033592, 0.007193]
  Q_MB:  [1.330582, 1.174500, 1.330582, 1.330582, 1.330582, 1.330582, 1.480418, 1.330582, 1.330582]
  Q_MIX: [1.330582, 1.174500, 1.330582, 1.330582, 1.330582, 1.330582, 1.480418, 1.330582, 1.330582]
  MODEL_COUNTS(s,a,*):  [14.905, 0.027, 0.000, 0.000, 0.000, 0.000, 0.000, 0.000, 0.000, 0.000, 0.000, 0.000, 0.000, 0.000, 0.000, 0.000, 0.000, 0.000, 0.000, 0.000, 0.000, 0.000]
  MODEL_REWARDS(s,a,*): [0.000, 0.000, 0.000, 0.000, 0.000, 0.000, 0.000, 0.000, 0.000, 0.000, 0.000, 0.000, 0.000, 0.000, 0.000, 0.000, 0.000, 0.000, 0.000, 0.000, 0.000, 0.000]
----------------------------------------
[DEBUG] Beta=1.0 Phase=addiction Step=380
  State: 0 -> Action: ag -> Next: 3 (Reward: 1.0)
  Q_MF:  [0.038522, 0.000000, 0.058918, 0.039484, 0.045137, 0.090006, 1.056316, 0.000000, 0.000000]
  Q_MB:  [0.899829, 0.899829, 0.899829, 0.899829, 0.899829, 0.899829, 1.622354, 0.899829, 0.899829]
  Q_MIX: [0.899829, 0.899829, 0.899829, 0.899829, 0.899829, 0.899829, 1.622354, 0.899829, 0.899829]
  MODEL_COUNTS(s,a,*):  [0.027, 0.000, 0.000, 14.940, 0.000, 0.000, 0.000, 0.000, 0.000, 0.000, 0.000, 0.000, 0.000, 0.000, 0.000, 0.000, 0.000, 0.000, 0.000, 0.000, 0.000, 0.000]
  MODEL_REWARDS(s,a,*): [0.000, 0.000, 0.000, 14.940, 0.000, 0.000, 0.000, 0.000, 0.000, 0.000, 0.000, 0.000, 0.000, 0.000, 0.000, 0.000, 0.000, 0.000, 0.000, 0.000, 0.000, 0.000]
----------------------------------------
[DEBUG] Beta=1.0 Phase=addiction Step=381
  State: 3 -> Action: as3 -> Next: 2 (Reward: 0.0)
  Q_MF:  [0.023921, 0.254252, 0.036655, 0.002724, 0.011992, 0.033719, 0.020668, 0.020159, 0.019254]
  Q_MB:  [0.000000, 0.685343, 0.000000, 0.000000, 0.000000, 0.000000, 0.000000, 0.000000, 0.000000]
  Q_MIX: [0.000000, 0.685343, 0.000000, 0.000000, 0.000000, 0.000000, 0.000000, 0.000000, 0.000000]
  MODEL_COUNTS(s,a,*):  [0.000, 0.000, 16.417, 0.138, 0.000, 0.000, 0.000, 0.000, 0.000, 0.000, 0.000, 0.000, 0.000, 0.000, 0.000, 0.000, 0.000, 0.000, 0.000, 0.000, 0.000, 0.000]
  MODEL_REWARDS(s,a,*): [0.000, 0.000, 0.000, 0.000, 0.000, 0.000, 0.000, 0.000, 0.000, 0.000, 0.000, 0.000, 0.000, 0.000, 0.000, 0.000, 0.000, 0.000, 0.000, 0.000, 0.000, 0.000]
----------------------------------------
[DEBUG] Beta=1.0 Phase=addiction Step=382
  State: 2 -> Action: as2 -> Next: 1 (Reward: 0.0)
  Q_MF:  [0.467922, 0.020586, 0.018323, 0.054367, 0.040501, 0.030628, 0.028577, 0.009865, 0.048247]
  Q_MB:  [0.000000, 0.000000, 0.000000, 0.000000, 0.000000, 0.000000, 0.000000, 0.000000, 0.000000]
  Q_MIX: [0.000000, 0.000000, 0.000000, 0.000000, 0.000000, 0.000000, 0.000000, 0.000000, 0.000000]
  MODEL_COUNTS(s,a,*):  [0.000, 16.164, 0.766, 0.000, 0.000, 0.000, 0.000, 0.000, 0.000, 0.000, 0.000, 0.000, 0.000, 0.000, 0.000, 0.000, 0.000, 0.000, 0.000, 0.000, 0.000, 0.000]
  MODEL_REWARDS(s,a,*): [0.000, 0.000, 0.000, 0.000, 0.000, 0.000, 0.000, 0.000, 0.000, 0.000, 0.000, 0.000, 0.000, 0.000, 0.000, 0.000, 0.000, 0.000, 0.000, 0.000, 0.000, 0.000]
----------------------------------------
[DEBUG] Beta=1.0 Phase=addiction Step=383
  State: 1 -> Action: ag -> Next: 0 (Reward: 0.0)
  Q_MF:  [0.022326, 0.028391, 0.016013, 0.000000, 0.056481, 0.000000, 0.751290, 0.033592, 0.007193]
  Q_MB:  [0.000000, 0.000000, 0.000000, 0.000000, 0.000000, 0.000000, 0.898221, 0.000000, 0.000000]
  Q_MIX: [0.000000, 0.000000, 0.000000, 0.000000, 0.000000, 0.000000, 0.898221, 0.000000, 0.000000]
  MODEL_COUNTS(s,a,*):  [15.317, 0.026, 0.000, 0.000, 0.000, 0.000, 0.000, 0.000, 0.000, 0.000, 0.000, 0.000, 0.000, 0.000, 0.000, 0.000, 0.000, 0.000, 0.000, 0.000, 0.000, 0.000]
  MODEL_REWARDS(s,a,*): [0.000, 0.000, 0.000, 0.000, 0.000, 0.000, 0.000, 0.000, 0.000, 0.000, 0.000, 0.000, 0.000, 0.000, 0.000, 0.000, 0.000, 0.000, 0.000, 0.000, 0.000, 0.000]
----------------------------------------
[DEBUG] Beta=1.0 Phase=addiction Step=384
  State: 0 -> Action: ag -> Next: 3 (Reward: 1.0)
  Q_MF:  [0.038522, 0.000000, 0.058918, 0.039484, 0.045137, 0.090006, 1.064942, 0.000000, 0.000000]
  Q_MB:  [1.462811, 1.462811, 1.462811, 1.462811, 1.462811, 1.462811, 1.625354, 1.462811, 1.462811]
  Q_MIX: [1.462811, 1.462811, 1.462811, 1.462811, 1.462811, 1.462811, 1.625354, 1.462811, 1.462811]
  MODEL_COUNTS(s,a,*):  [0.026, 0.000, 0.000, 15.352, 0.000, 0.000, 0.000, 0.000, 0.000, 0.000, 0.000, 0.000, 0.000, 0.000, 0.000, 0.000, 0.000, 0.000, 0.000, 0.000, 0.000, 0.000]
  MODEL_REWARDS(s,a,*): [0.000, 0.000, 0.000, 15.352, 0.000, 0.000, 0.000, 0.000, 0.000, 0.000, 0.000, 0.000, 0.000, 0.000, 0.000, 0.000, 0.000, 0.000, 0.000, 0.000, 0.000, 0.000]
----------------------------------------
[DEBUG] Beta=1.0 Phase=addiction Step=385
  State: 3 -> Action: as4 -> Next: 3 (Reward: 0.0)
  Q_MF:  [0.023921, 0.262596, 0.036655, 0.002724, 0.011992, 0.033719, 0.020668, 0.020159, 0.019254]
  Q_MB:  [0.000000, 0.000000, 0.000000, 0.000000, 0.000000, 0.000000, 0.000000, 0.000000, 0.000000]
  Q_MIX: [0.000000, 0.000000, 0.000000, 0.000000, 0.000000, 0.000000, 0.000000, 0.000000, 0.000000]
  MODEL_COUNTS(s,a,*):  [0.000, 0.000, 0.000, 3.794, 0.000, 0.000, 0.000, 0.000, 0.000, 0.000, 0.000, 0.000, 0.000, 0.000, 0.000, 0.000, 0.000, 0.000, 0.000, 0.000, 0.000, 0.000]
  MODEL_REWARDS(s,a,*): [0.000, 0.000, 0.000, 0.000, 0.000, 0.000, 0.000, 0.000, 0.000, 0.000, 0.000, 0.000, 0.000, 0.000, 0.000, 0.000, 0.000, 0.000, 0.000, 0.000, 0.000, 0.000]
----------------------------------------
[DEBUG] Beta=1.0 Phase=addiction Step=386
  State: 3 -> Action: aw -> Next: 3 (Reward: 0.0)
  Q_MF:  [0.023921, 0.262596, 0.046639, 0.002724, 0.011992, 0.033719, 0.020668, 0.020159, 0.019254]
  Q_MB:  [0.000000, 0.000000, 0.000000, 0.000000, 0.000000, 0.000000, 0.000000, 0.000000, 0.000000]
  Q_MIX: [0.000000, 0.000000, 0.000000, 0.000000, 0.000000, 0.000000, 0.000000, 0.000000, 0.000000]
  MODEL_COUNTS(s,a,*):  [0.000, 0.000, 0.000, 2.432, 0.000, 0.000, 0.000, 0.000, 0.000, 0.000, 0.000, 0.000, 0.000, 0.000, 0.000, 0.000, 0.000, 0.000, 0.000, 0.000, 0.000, 0.000]
  MODEL_REWARDS(s,a,*): [0.000, 0.000, 0.000, 0.000, 0.000, 0.000, 0.000, 0.000, 0.000, 0.000, 0.000, 0.000, 0.000, 0.000, 0.000, 0.000, 0.000, 0.000, 0.000, 0.000, 0.000, 0.000]
----------------------------------------
[DEBUG] Beta=1.0 Phase=addiction Step=387
  State: 3 -> Action: as3 -> Next: 2 (Reward: 0.0)
  Q_MF:  [0.023921, 0.262596, 0.046639, 0.002724, 0.011992, 0.033719, 0.020668, 0.020159, 0.030108]
  Q_MB:  [0.620053, 0.722165, 0.620053, 0.007560, 0.620053, 0.620053, 0.620053, 0.620053, 0.620053]
  Q_MIX: [0.620053, 0.722165, 0.620053, 0.007560, 0.620053, 0.620053, 0.620053, 0.620053, 0.620053]
  MODEL_COUNTS(s,a,*):  [0.000, 0.000, 16.457, 0.130, 0.000, 0.000, 0.000, 0.000, 0.000, 0.000, 0.000, 0.000, 0.000, 0.000, 0.000, 0.000, 0.000, 0.000, 0.000, 0.000, 0.000, 0.000]
  MODEL_REWARDS(s,a,*): [0.000, 0.000, 0.000, 0.000, 0.000, 0.000, 0.000, 0.000, 0.000, 0.000, 0.000, 0.000, 0.000, 0.000, 0.000, 0.000, 0.000, 0.000, 0.000, 0.000, 0.000, 0.000]
----------------------------------------
[DEBUG] Beta=1.0 Phase=addiction Step=388
  State: 2 -> Action: as2 -> Next: 1 (Reward: 0.0)
  Q_MF:  [0.478334, 0.020586, 0.018323, 0.054367, 0.040501, 0.030628, 0.028577, 0.009865, 0.048247]
  Q_MB:  [0.804603, 0.721944, 0.624874, 0.721944, 0.721944, 0.721944, 0.721944, 0.721944, 0.721944]
  Q_MIX: [0.804603, 0.721944, 0.624874, 0.721944, 0.721944, 0.721944, 0.721944, 0.721944, 0.721944]
  MODEL_COUNTS(s,a,*):  [0.000, 16.218, 0.721, 0.000, 0.000, 0.000, 0.000, 0.000, 0.000, 0.000, 0.000, 0.000, 0.000, 0.000, 0.000, 0.000, 0.000, 0.000, 0.000, 0.000, 0.000, 0.000]
  MODEL_REWARDS(s,a,*): [0.000, 0.000, 0.000, 0.000, 0.000, 0.000, 0.000, 0.000, 0.000, 0.000, 0.000, 0.000, 0.000, 0.000, 0.000, 0.000, 0.000, 0.000, 0.000, 0.000, 0.000, 0.000]
----------------------------------------
[DEBUG] Beta=1.0 Phase=addiction Step=389
  State: 1 -> Action: ag -> Next: 0 (Reward: 0.0)
  Q_MF:  [0.022326, 0.028391, 0.016013, 0.000000, 0.056481, 0.000000, 0.761648, 0.033592, 0.007193]
  Q_MB:  [0.808504, 0.016397, 0.808504, 0.808504, 0.808504, 0.808504, 0.899695, 0.808504, 0.808504]
  Q_MIX: [0.808504, 0.016397, 0.808504, 0.808504, 0.808504, 0.808504, 0.899695, 0.808504, 0.808504]
  MODEL_COUNTS(s,a,*):  [15.421, 0.024, 0.000, 0.000, 0.000, 0.000, 0.000, 0.000, 0.000, 0.000, 0.000, 0.000, 0.000, 0.000, 0.000, 0.000, 0.000, 0.000, 0.000, 0.000, 0.000, 0.000]
  MODEL_REWARDS(s,a,*): [0.000, 0.000, 0.000, 0.000, 0.000, 0.000, 0.000, 0.000, 0.000, 0.000, 0.000, 0.000, 0.000, 0.000, 0.000, 0.000, 0.000, 0.000, 0.000, 0.000, 0.000, 0.000]
----------------------------------------
[DEBUG] Beta=1.0 Phase=addiction Step=390
  State: 0 -> Action: ag -> Next: 3 (Reward: 1.0)
  Q_MF:  [0.038522, 0.000000, 0.058918, 0.039484, 0.045137, 0.090006, 1.073511, 0.000000, 0.000000]
  Q_MB:  [0.899848, 0.899848, 0.899848, 0.899848, 0.899848, 0.899848, 0.999834, 0.899848, 0.899848]
  Q_MIX: [0.899848, 0.899848, 0.899848, 0.899848, 0.899848, 0.899848, 0.999834, 0.899848, 0.899848]
  MODEL_COUNTS(s,a,*):  [0.024, 0.000, 0.000, 15.453, 0.000, 0.000, 0.000, 0.000, 0.000, 0.000, 0.000, 0.000, 0.000, 0.000, 0.000, 0.000, 0.000, 0.000, 0.000, 0.000, 0.000, 0.000]
  MODEL_REWARDS(s,a,*): [0.000, 0.000, 0.000, 15.453, 0.000, 0.000, 0.000, 0.000, 0.000, 0.000, 0.000, 0.000, 0.000, 0.000, 0.000, 0.000, 0.000, 0.000, 0.000, 0.000, 0.000, 0.000]
----------------------------------------
[DEBUG] Beta=1.0 Phase=addiction Step=391
  State: 3 -> Action: as3 -> Next: 2 (Reward: 0.0)
  Q_MF:  [0.023921, 0.270991, 0.046639, 0.002724, 0.011992, 0.033719, 0.020668, 0.020159, 0.030108]
  Q_MB:  [0.000000, 0.691306, 0.000000, 0.000000, 0.000000, 0.000000, 0.000000, 0.000000, 0.000000]
  Q_MIX: [0.000000, 0.691306, 0.000000, 0.000000, 0.000000, 0.000000, 0.000000, 0.000000, 0.000000]
  MODEL_COUNTS(s,a,*):  [0.000, 0.000, 16.808, 0.125, 0.000, 0.000, 0.000, 0.000, 0.000, 0.000, 0.000, 0.000, 0.000, 0.000, 0.000, 0.000, 0.000, 0.000, 0.000, 0.000, 0.000, 0.000]
  MODEL_REWARDS(s,a,*): [0.000, 0.000, 0.000, 0.000, 0.000, 0.000, 0.000, 0.000, 0.000, 0.000, 0.000, 0.000, 0.000, 0.000, 0.000, 0.000, 0.000, 0.000, 0.000, 0.000, 0.000, 0.000]
----------------------------------------
[DEBUG] Beta=1.0 Phase=addiction Step=392
  State: 2 -> Action: as2 -> Next: 1 (Reward: 0.0)
  Q_MF:  [0.488692, 0.020586, 0.018323, 0.054367, 0.040501, 0.030628, 0.028577, 0.009865, 0.048247]
  Q_MB:  [0.775279, 0.000000, 0.000000, 0.000000, 0.000000, 0.000000, 0.000000, 0.000000, 0.000000]
  Q_MIX: [0.775279, 0.000000, 0.000000, 0.000000, 0.000000, 0.000000, 0.000000, 0.000000, 0.000000]
  MODEL_COUNTS(s,a,*):  [0.000, 16.579, 0.693, 0.000, 0.000, 0.000, 0.000, 0.000, 0.000, 0.000, 0.000, 0.000, 0.000, 0.000, 0.000, 0.000, 0.000, 0.000, 0.000, 0.000, 0.000, 0.000]
  MODEL_REWARDS(s,a,*): [0.000, 0.000, 0.000, 0.000, 0.000, 0.000, 0.000, 0.000, 0.000, 0.000, 0.000, 0.000, 0.000, 0.000, 0.000, 0.000, 0.000, 0.000, 0.000, 0.000, 0.000, 0.000]
----------------------------------------
[DEBUG] Beta=1.0 Phase=addiction Step=393
  State: 1 -> Action: as5 -> Next: 1 (Reward: 0.0)
  Q_MF:  [0.022326, 0.028391, 0.016013, 0.000000, 0.056481, 0.000000, 0.771873, 0.033592, 0.007193]
  Q_MB:  [0.000000, 0.000000, 0.000000, 0.000000, 0.000000, 0.000000, 0.000000, 0.000000, 0.000000]
  Q_MIX: [0.000000, 0.000000, 0.000000, 0.000000, 0.000000, 0.000000, 0.000000, 0.000000, 0.000000]
  MODEL_COUNTS(s,a,*):  [0.000, 1.023, 0.000, 0.000, 0.000, 0.000, 0.000, 0.000, 0.000, 0.000, 0.000, 0.000, 0.000, 0.000, 0.000, 0.000, 0.000, 0.000, 0.000, 0.000, 0.000, 0.000]
  MODEL_REWARDS(s,a,*): [0.000, 0.000, 0.000, 0.000, 0.000, 0.000, 0.000, 0.000, 0.000, 0.000, 0.000, 0.000, 0.000, 0.000, 0.000, 0.000, 0.000, 0.000, 0.000, 0.000, 0.000, 0.000]
----------------------------------------
[DEBUG] Beta=1.0 Phase=addiction Step=394
  State: 1 -> Action: ag -> Next: 0 (Reward: 0.0)
  Q_MF:  [0.022326, 0.028391, 0.016013, 0.034734, 0.056481, 0.000000, 0.771873, 0.033592, 0.007193]
  Q_MB:  [0.809745, 0.700817, 0.809745, 0.809745, 0.809745, 0.809745, 0.899719, 0.809745, 0.809745]
  Q_MIX: [0.809745, 0.700817, 0.809745, 0.809745, 0.809745, 0.809745, 0.899719, 0.809745, 0.809745]
  MODEL_COUNTS(s,a,*):  [15.665, 0.023, 0.000, 0.000, 0.000, 0.000, 0.000, 0.000, 0.000, 0.000, 0.000, 0.000, 0.000, 0.000, 0.000, 0.000, 0.000, 0.000, 0.000, 0.000, 0.000, 0.000]
  MODEL_REWARDS(s,a,*): [0.000, 0.000, 0.000, 0.000, 0.000, 0.000, 0.000, 0.000, 0.000, 0.000, 0.000, 0.000, 0.000, 0.000, 0.000, 0.000, 0.000, 0.000, 0.000, 0.000, 0.000, 0.000]
----------------------------------------
[DEBUG] Beta=1.0 Phase=addiction Step=395
  State: 0 -> Action: ag -> Next: 3 (Reward: 1.0)
  Q_MF:  [0.038522, 0.000000, 0.058918, 0.039484, 0.045137, 0.090006, 1.082031, 0.000000, 0.000000]
  Q_MB:  [0.899860, 0.899860, 0.899860, 0.899860, 0.899860, 0.899860, 0.999845, 0.899860, 0.899860]
  Q_MIX: [0.899860, 0.899860, 0.899860, 0.899860, 0.899860, 0.899860, 0.999845, 0.899860, 0.899860]
  MODEL_COUNTS(s,a,*):  [0.023, 0.000, 0.000, 15.696, 0.000, 0.000, 0.000, 0.000, 0.000, 0.000, 0.000, 0.000, 0.000, 0.000, 0.000, 0.000, 0.000, 0.000, 0.000, 0.000, 0.000, 0.000]
  MODEL_REWARDS(s,a,*): [0.000, 0.000, 0.000, 15.696, 0.000, 0.000, 0.000, 0.000, 0.000, 0.000, 0.000, 0.000, 0.000, 0.000, 0.000, 0.000, 0.000, 0.000, 0.000, 0.000, 0.000, 0.000]
----------------------------------------
[DEBUG] Beta=1.0 Phase=addiction Step=396
  State: 3 -> Action: as3 -> Next: 2 (Reward: 0.0)
  Q_MF:  [0.023921, 0.279433, 0.046639, 0.002724, 0.011992, 0.033719, 0.020668, 0.020159, 0.030108]
  Q_MB:  [0.647510, 0.724231, 0.647510, 0.007895, 0.647510, 0.647510, 0.647510, 0.647510, 0.647510]
  Q_MIX: [0.647510, 0.724231, 0.647510, 0.007895, 0.647510, 0.647510, 0.647510, 0.647510, 0.647510]
  MODEL_COUNTS(s,a,*):  [0.000, 0.000, 16.984, 0.119, 0.000, 0.000, 0.000, 0.000, 0.000, 0.000, 0.000, 0.000, 0.000, 0.000, 0.000, 0.000, 0.000, 0.000, 0.000, 0.000, 0.000, 0.000]
  MODEL_REWARDS(s,a,*): [0.000, 0.000, 0.000, 0.000, 0.000, 0.000, 0.000, 0.000, 0.000, 0.000, 0.000, 0.000, 0.000, 0.000, 0.000, 0.000, 0.000, 0.000, 0.000, 0.000, 0.000, 0.000]
----------------------------------------
[DEBUG] Beta=1.0 Phase=addiction Step=397
  State: 2 -> Action: as2 -> Next: 1 (Reward: 0.0)
  Q_MF:  [0.498991, 0.020586, 0.018323, 0.054367, 0.040501, 0.030628, 0.028577, 0.009865, 0.048247]
  Q_MB:  [0.806392, 0.725718, 0.007862, 0.725718, 0.725718, 0.725718, 0.725718, 0.725718, 0.725718]
  Q_MIX: [0.806392, 0.725718, 0.007862, 0.725718, 0.725718, 0.725718, 0.725718, 0.725718, 0.725718]
  MODEL_COUNTS(s,a,*):  [0.000, 16.766, 0.659, 0.000, 0.000, 0.000, 0.000, 0.000, 0.000, 0.000, 0.000, 0.000, 0.000, 0.000, 0.000, 0.000, 0.000, 0.000, 0.000, 0.000, 0.000, 0.000]
  MODEL_REWARDS(s,a,*): [0.000, 0.000, 0.000, 0.000, 0.000, 0.000, 0.000, 0.000, 0.000, 0.000, 0.000, 0.000, 0.000, 0.000, 0.000, 0.000, 0.000, 0.000, 0.000, 0.000, 0.000, 0.000]
----------------------------------------
[DEBUG] Beta=1.0 Phase=addiction Step=398
  State: 1 -> Action: ag -> Next: 0 (Reward: 0.0)
  Q_MF:  [0.022326, 0.028391, 0.016013, 0.034734, 0.056481, 0.000000, 0.781971, 0.033592, 0.007193]
  Q_MB:  [0.000000, 0.000000, 0.000000, 0.000000, 0.000000, 0.000000, 0.898546, 0.000000, 0.000000]
  Q_MIX: [0.000000, 0.000000, 0.000000, 0.000000, 0.000000, 0.000000, 0.898546, 0.000000, 0.000000]
  MODEL_COUNTS(s,a,*):  [16.048, 0.022, 0.000, 0.000, 0.000, 0.000, 0.000, 0.000, 0.000, 0.000, 0.000, 0.000, 0.000, 0.000, 0.000, 0.000, 0.000, 0.000, 0.000, 0.000, 0.000, 0.000]
  MODEL_REWARDS(s,a,*): [0.000, 0.000, 0.000, 0.000, 0.000, 0.000, 0.000, 0.000, 0.000, 0.000, 0.000, 0.000, 0.000, 0.000, 0.000, 0.000, 0.000, 0.000, 0.000, 0.000, 0.000, 0.000]
----------------------------------------
[DEBUG] Beta=1.0 Phase=addiction Step=399
  State: 0 -> Action: ag -> Next: 3 (Reward: 1.0)
  Q_MF:  [0.038522, 0.000000, 0.058918, 0.039484, 0.045137, 0.090006, 1.090503, 0.000000, 0.000000]
  Q_MB:  [0.898692, 0.898692, 0.898692, 0.898692, 0.898692, 0.898692, 0.999853, 0.898692, 0.898692]
  Q_MIX: [0.898692, 0.898692, 0.898692, 0.898692, 0.898692, 0.898692, 0.999853, 0.898692, 0.898692]
  MODEL_COUNTS(s,a,*):  [0.022, 0.000, 0.000, 16.077, 0.000, 0.000, 0.000, 0.000, 0.000, 0.000, 0.000, 0.000, 0.000, 0.000, 0.000, 0.000, 0.000, 0.000, 0.000, 0.000, 0.000, 0.000]
  MODEL_REWARDS(s,a,*): [0.000, 0.000, 0.000, 16.077, 0.000, 0.000, 0.000, 0.000, 0.000, 0.000, 0.000, 0.000, 0.000, 0.000, 0.000, 0.000, 0.000, 0.000, 0.000, 0.000, 0.000, 0.000]
----------------------------------------
[DEBUG] Beta=1.0 Phase=addiction Step=400
  State: 3 -> Action: as3 -> Next: 2 (Reward: 0.0)
  Q_MF:  [0.023921, 0.287916, 0.046639, 0.002724, 0.011992, 0.033719, 0.020668, 0.020159, 0.030108]
  Q_MB:  [0.646467, 0.723618, 0.646467, 0.007882, 0.646467, 0.646467, 0.646467, 0.646467, 0.646467]
  Q_MIX: [0.646467, 0.723618, 0.646467, 0.007882, 0.646467, 0.646467, 0.646467, 0.646467, 0.646467]
  MODEL_COUNTS(s,a,*):  [0.000, 0.000, 17.315, 0.114, 0.000, 0.000, 0.000, 0.000, 0.000, 0.000, 0.000, 0.000, 0.000, 0.000, 0.000, 0.000, 0.000, 0.000, 0.000, 0.000, 0.000, 0.000]
  MODEL_REWARDS(s,a,*): [0.000, 0.000, 0.000, 0.000, 0.000, 0.000, 0.000, 0.000, 0.000, 0.000, 0.000, 0.000, 0.000, 0.000, 0.000, 0.000, 0.000, 0.000, 0.000, 0.000, 0.000, 0.000]
----------------------------------------
[DEBUG] Beta=1.0 Phase=addiction Step=401
  State: 2 -> Action: ag -> Next: 2 (Reward: 0.0)
  Q_MF:  [0.509231, 0.020586, 0.018323, 0.054367, 0.040501, 0.030628, 0.028577, 0.009865, 0.048247]
  Q_MB:  [0.000000, 0.000000, 0.000000, 0.000000, 0.000000, 0.000000, 0.000000, 0.000000, 0.000000]
  Q_MIX: [0.000000, 0.000000, 0.000000, 0.000000, 0.000000, 0.000000, 0.000000, 0.000000, 0.000000]
  MODEL_COUNTS(s,a,*):  [0.000, 0.000, 1.835, 0.000, 0.000, 0.000, 0.000, 0.000, 0.000, 0.000, 0.000, 0.000, 0.000, 0.000, 0.000, 0.000, 0.000, 0.000, 0.000, 0.000, 0.000, 0.000]
  MODEL_REWARDS(s,a,*): [0.000, 0.000, 0.000, 0.000, 0.000, 0.000, 0.000, 0.000, 0.000, 0.000, 0.000, 0.000, 0.000, 0.000, 0.000, 0.000, 0.000, 0.000, 0.000, 0.000, 0.000, 0.000]
----------------------------------------
[DEBUG] Beta=1.0 Phase=addiction Step=402
  State: 2 -> Action: as2 -> Next: 1 (Reward: 0.0)
  Q_MF:  [0.509231, 0.020586, 0.018323, 0.054367, 0.040501, 0.030628, 0.050064, 0.009865, 0.048247]
  Q_MB:  [0.779172, 0.000000, 0.000000, 0.000000, 0.000000, 0.000000, 0.000000, 0.000000, 0.000000]
  Q_MIX: [0.779172, 0.000000, 0.000000, 0.000000, 0.000000, 0.000000, 0.000000, 0.000000, 0.000000]
  MODEL_COUNTS(s,a,*):  [0.000, 16.945, 0.626, 0.000, 0.000, 0.000, 0.000, 0.000, 0.000, 0.000, 0.000, 0.000, 0.000, 0.000, 0.000, 0.000, 0.000, 0.000, 0.000, 0.000, 0.000, 0.000]
  MODEL_REWARDS(s,a,*): [0.000, 0.000, 0.000, 0.000, 0.000, 0.000, 0.000, 0.000, 0.000, 0.000, 0.000, 0.000, 0.000, 0.000, 0.000, 0.000, 0.000, 0.000, 0.000, 0.000, 0.000, 0.000]
----------------------------------------
[DEBUG] Beta=1.0 Phase=addiction Step=403
  State: 1 -> Action: ag -> Next: 0 (Reward: 0.0)
  Q_MF:  [0.022326, 0.028391, 0.016013, 0.034734, 0.056481, 0.000000, 0.791945, 0.033592, 0.007193]
  Q_MB:  [1.316763, 1.169169, 1.316763, 1.316763, 1.316763, 1.316763, 1.463071, 1.316763, 1.316763]
  Q_MIX: [1.316763, 1.169169, 1.316763, 1.316763, 1.316763, 1.316763, 1.463071, 1.316763, 1.316763]
  MODEL_COUNTS(s,a,*):  [16.262, 0.021, 0.000, 0.000, 0.000, 0.000, 0.000, 0.000, 0.000, 0.000, 0.000, 0.000, 0.000, 0.000, 0.000, 0.000, 0.000, 0.000, 0.000, 0.000, 0.000, 0.000]
  MODEL_REWARDS(s,a,*): [0.000, 0.000, 0.000, 0.000, 0.000, 0.000, 0.000, 0.000, 0.000, 0.000, 0.000, 0.000, 0.000, 0.000, 0.000, 0.000, 0.000, 0.000, 0.000, 0.000, 0.000, 0.000]
----------------------------------------
[DEBUG] Beta=1.0 Phase=addiction Step=404
  State: 0 -> Action: ag -> Next: 3 (Reward: 1.0)
  Q_MF:  [0.038522, 0.000000, 0.058918, 0.039484, 0.045137, 0.090006, 1.098935, 0.000000, 0.000000]
  Q_MB:  [0.899877, 0.899877, 0.899877, 0.899877, 0.899877, 0.899877, 1.625859, 0.899877, 0.899877]
  Q_MIX: [0.899877, 0.899877, 0.899877, 0.899877, 0.899877, 0.899877, 1.625859, 0.899877, 0.899877]
  MODEL_COUNTS(s,a,*):  [0.021, 0.000, 0.000, 16.289, 0.000, 0.000, 0.000, 0.000, 0.000, 0.000, 0.000, 0.000, 0.000, 0.000, 0.000, 0.000, 0.000, 0.000, 0.000, 0.000, 0.000, 0.000]
  MODEL_REWARDS(s,a,*): [0.000, 0.000, 0.000, 16.289, 0.000, 0.000, 0.000, 0.000, 0.000, 0.000, 0.000, 0.000, 0.000, 0.000, 0.000, 0.000, 0.000, 0.000, 0.000, 0.000, 0.000, 0.000]
----------------------------------------
[DEBUG] Beta=1.0 Phase=addiction Step=405
  State: 3 -> Action: as3 -> Next: 2 (Reward: 0.0)
  Q_MF:  [0.023921, 0.296435, 0.046639, 0.002724, 0.011992, 0.033719, 0.020668, 0.020159, 0.030108]
  Q_MB:  [0.000000, 0.697419, 0.000000, 0.000000, 0.000000, 0.000000, 0.000000, 0.000000, 0.000000]
  Q_MIX: [0.000000, 0.697419, 0.000000, 0.000000, 0.000000, 0.000000, 0.000000, 0.000000, 0.000000]
  MODEL_COUNTS(s,a,*):  [0.000, 0.000, 17.466, 0.109, 0.000, 0.000, 0.000, 0.000, 0.000, 0.000, 0.000, 0.000, 0.000, 0.000, 0.000, 0.000, 0.000, 0.000, 0.000, 0.000, 0.000, 0.000]
  MODEL_REWARDS(s,a,*): [0.000, 0.000, 0.000, 0.000, 0.000, 0.000, 0.000, 0.000, 0.000, 0.000, 0.000, 0.000, 0.000, 0.000, 0.000, 0.000, 0.000, 0.000, 0.000, 0.000, 0.000, 0.000]
----------------------------------------
[DEBUG] Beta=1.0 Phase=addiction Step=406
  State: 2 -> Action: as2 -> Next: 1 (Reward: 0.0)
  Q_MF:  [0.519407, 0.020586, 0.018323, 0.054367, 0.040501, 0.030628, 0.050064, 0.009865, 0.048247]
  Q_MB:  [0.806780, 0.725353, 0.653183, 0.725353, 0.725353, 0.725353, 0.725353, 0.725353, 0.725353]
  Q_MIX: [0.806780, 0.725353, 0.653183, 0.725353, 0.725353, 0.725353, 0.725353, 0.725353, 0.725353]
  MODEL_COUNTS(s,a,*):  [0.000, 17.277, 0.602, 0.000, 0.000, 0.000, 0.000, 0.000, 0.000, 0.000, 0.000, 0.000, 0.000, 0.000, 0.000, 0.000, 0.000, 0.000, 0.000, 0.000, 0.000, 0.000]
  MODEL_REWARDS(s,a,*): [0.000, 0.000, 0.000, 0.000, 0.000, 0.000, 0.000, 0.000, 0.000, 0.000, 0.000, 0.000, 0.000, 0.000, 0.000, 0.000, 0.000, 0.000, 0.000, 0.000, 0.000, 0.000]
----------------------------------------
[DEBUG] Beta=1.0 Phase=addiction Step=407
  State: 1 -> Action: ag -> Next: 0 (Reward: 0.0)
  Q_MF:  [0.022326, 0.028391, 0.016013, 0.034734, 0.056481, 0.000000, 0.801800, 0.033592, 0.007193]
  Q_MB:  [0.808847, 0.704182, 0.808847, 0.808847, 0.808847, 0.808847, 0.899766, 0.808847, 0.808847]
  Q_MIX: [0.808847, 0.704182, 0.808847, 0.808847, 0.808847, 0.808847, 0.899766, 0.808847, 0.808847]
  MODEL_COUNTS(s,a,*):  [16.621, 0.020, 0.000, 0.000, 0.000, 0.000, 0.000, 0.000, 0.000, 0.000, 0.000, 0.000, 0.000, 0.000, 0.000, 0.000, 0.000, 0.000, 0.000, 0.000, 0.000, 0.000]
  MODEL_REWARDS(s,a,*): [0.000, 0.000, 0.000, 0.000, 0.000, 0.000, 0.000, 0.000, 0.000, 0.000, 0.000, 0.000, 0.000, 0.000, 0.000, 0.000, 0.000, 0.000, 0.000, 0.000, 0.000, 0.000]
----------------------------------------
[DEBUG] Beta=1.0 Phase=addiction Step=408
  State: 0 -> Action: ag -> Next: 3 (Reward: 1.0)
  Q_MF:  [0.038522, 0.000000, 0.058918, 0.039484, 0.045137, 0.090006, 1.107327, 0.000000, 0.000000]
  Q_MB:  [0.899884, 0.899884, 0.899884, 0.899884, 0.899884, 0.899884, 0.999872, 0.899884, 0.899884]
  Q_MIX: [0.899884, 0.899884, 0.899884, 0.899884, 0.899884, 0.899884, 0.999872, 0.899884, 0.899884]
  MODEL_COUNTS(s,a,*):  [0.020, 0.000, 0.000, 16.648, 0.000, 0.000, 0.000, 0.000, 0.000, 0.000, 0.000, 0.000, 0.000, 0.000, 0.000, 0.000, 0.000, 0.000, 0.000, 0.000, 0.000, 0.000]
  MODEL_REWARDS(s,a,*): [0.000, 0.000, 0.000, 16.648, 0.000, 0.000, 0.000, 0.000, 0.000, 0.000, 0.000, 0.000, 0.000, 0.000, 0.000, 0.000, 0.000, 0.000, 0.000, 0.000, 0.000, 0.000]
----------------------------------------
[DEBUG] Beta=1.0 Phase=addiction Step=409
  State: 3 -> Action: aw -> Next: 3 (Reward: 0.0)
  Q_MF:  [0.023921, 0.304987, 0.046639, 0.002724, 0.011992, 0.033719, 0.020668, 0.020159, 0.030108]
  Q_MB:  [0.000000, 0.000000, 0.000000, 0.000000, 0.000000, 0.000000, 0.000000, 0.000000, 0.000000]
  Q_MIX: [0.000000, 0.000000, 0.000000, 0.000000, 0.000000, 0.000000, 0.000000, 0.000000, 0.000000]
  MODEL_COUNTS(s,a,*):  [0.000, 0.000, 0.000, 2.930, 0.000, 0.000, 0.000, 0.000, 0.000, 0.000, 0.000, 0.000, 0.000, 0.000, 0.000, 0.000, 0.000, 0.000, 0.000, 0.000, 0.000, 0.000]
  MODEL_REWARDS(s,a,*): [0.000, 0.000, 0.000, 0.000, 0.000, 0.000, 0.000, 0.000, 0.000, 0.000, 0.000, 0.000, 0.000, 0.000, 0.000, 0.000, 0.000, 0.000, 0.000, 0.000, 0.000, 0.000]
----------------------------------------
[DEBUG] Beta=1.0 Phase=addiction Step=410
  State: 3 -> Action: as3 -> Next: 2 (Reward: 0.0)
  Q_MF:  [0.023921, 0.304987, 0.046639, 0.002724, 0.011992, 0.033719, 0.020668, 0.020159, 0.042327]
  Q_MB:  [0.000000, 0.720220, 0.000000, 0.000000, 0.000000, 0.000000, 0.000000, 0.000000, 0.000000]
  Q_MIX: [0.000000, 0.720220, 0.000000, 0.000000, 0.000000, 0.000000, 0.000000, 0.000000, 0.000000]
  MODEL_COUNTS(s,a,*):  [0.000, 0.000, 17.610, 0.103, 0.000, 0.000, 0.000, 0.000, 0.000, 0.000, 0.000, 0.000, 0.000, 0.000, 0.000, 0.000, 0.000, 0.000, 0.000, 0.000, 0.000, 0.000]
  MODEL_REWARDS(s,a,*): [0.000, 0.000, 0.000, 0.000, 0.000, 0.000, 0.000, 0.000, 0.000, 0.000, 0.000, 0.000, 0.000, 0.000, 0.000, 0.000, 0.000, 0.000, 0.000, 0.000, 0.000, 0.000]
----------------------------------------
[DEBUG] Beta=1.0 Phase=addiction Step=411
  State: 2 -> Action: as2 -> Next: 1 (Reward: 0.0)
  Q_MF:  [0.529517, 0.020586, 0.018323, 0.054367, 0.040501, 0.030628, 0.050064, 0.009865, 0.048247]
  Q_MB:  [0.782552, 0.000000, 0.000000, 0.000000, 0.000000, 0.000000, 0.000000, 0.000000, 0.000000]
  Q_MIX: [0.782552, 0.000000, 0.000000, 0.000000, 0.000000, 0.000000, 0.000000, 0.000000, 0.000000]
  MODEL_COUNTS(s,a,*):  [0.000, 17.430, 0.572, 0.000, 0.000, 0.000, 0.000, 0.000, 0.000, 0.000, 0.000, 0.000, 0.000, 0.000, 0.000, 0.000, 0.000, 0.000, 0.000, 0.000, 0.000, 0.000]
  MODEL_REWARDS(s,a,*): [0.000, 0.000, 0.000, 0.000, 0.000, 0.000, 0.000, 0.000, 0.000, 0.000, 0.000, 0.000, 0.000, 0.000, 0.000, 0.000, 0.000, 0.000, 0.000, 0.000, 0.000, 0.000]
----------------------------------------
[DEBUG] Beta=1.0 Phase=addiction Step=412
  State: 1 -> Action: as4 -> Next: 1 (Reward: 0.0)
  Q_MF:  [0.022326, 0.028391, 0.016013, 0.034734, 0.056481, 0.000000, 0.811540, 0.033592, 0.007193]
  Q_MB:  [0.000000, 0.000000, 0.000000, 0.000000, 0.000000, 0.000000, 0.000000, 0.000000, 0.000000]
  Q_MIX: [0.000000, 0.000000, 0.000000, 0.000000, 0.000000, 0.000000, 0.000000, 0.000000, 0.000000]
  MODEL_COUNTS(s,a,*):  [0.000, 1.108, 0.000, 0.000, 0.000, 0.000, 0.000, 0.000, 0.000, 0.000, 0.000, 0.000, 0.000, 0.000, 0.000, 0.000, 0.000, 0.000, 0.000, 0.000, 0.000, 0.000]
  MODEL_REWARDS(s,a,*): [0.000, 0.000, 0.000, 0.000, 0.000, 0.000, 0.000, 0.000, 0.000, 0.000, 0.000, 0.000, 0.000, 0.000, 0.000, 0.000, 0.000, 0.000, 0.000, 0.000, 0.000, 0.000]
----------------------------------------
[DEBUG] Beta=1.0 Phase=addiction Step=413
  State: 1 -> Action: ag -> Next: 0 (Reward: 0.0)
  Q_MF:  [0.022326, 0.028391, 0.051732, 0.034734, 0.056481, 0.000000, 0.811540, 0.033592, 0.007193]
  Q_MB:  [0.000000, 0.000000, 0.000000, 0.000000, 0.000000, 0.000000, 0.898797, 0.000000, 0.000000]
  Q_MIX: [0.000000, 0.000000, 0.000000, 0.000000, 0.000000, 0.000000, 0.898797, 0.000000, 0.000000]
  MODEL_COUNTS(s,a,*):  [16.648, 0.019, 0.000, 0.000, 0.000, 0.000, 0.000, 0.000, 0.000, 0.000, 0.000, 0.000, 0.000, 0.000, 0.000, 0.000, 0.000, 0.000, 0.000, 0.000, 0.000, 0.000]
  MODEL_REWARDS(s,a,*): [0.000, 0.000, 0.000, 0.000, 0.000, 0.000, 0.000, 0.000, 0.000, 0.000, 0.000, 0.000, 0.000, 0.000, 0.000, 0.000, 0.000, 0.000, 0.000, 0.000, 0.000, 0.000]
----------------------------------------
[DEBUG] Beta=1.0 Phase=addiction Step=414
  State: 0 -> Action: ag -> Next: 3 (Reward: 1.0)
  Q_MF:  [0.038522, 0.000000, 0.058918, 0.039484, 0.045137, 0.090006, 1.115685, 0.000000, 0.000000]
  Q_MB:  [0.899892, 0.899892, 0.899892, 0.899892, 0.899892, 0.899892, 0.999880, 0.899892, 0.899892]
  Q_MIX: [0.899892, 0.899892, 0.899892, 0.899892, 0.899892, 0.899892, 0.999880, 0.899892, 0.899892]
  MODEL_COUNTS(s,a,*):  [0.019, 0.000, 0.000, 16.673, 0.000, 0.000, 0.000, 0.000, 0.000, 0.000, 0.000, 0.000, 0.000, 0.000, 0.000, 0.000, 0.000, 0.000, 0.000, 0.000, 0.000, 0.000]
  MODEL_REWARDS(s,a,*): [0.000, 0.000, 0.000, 16.673, 0.000, 0.000, 0.000, 0.000, 0.000, 0.000, 0.000, 0.000, 0.000, 0.000, 0.000, 0.000, 0.000, 0.000, 0.000, 0.000, 0.000, 0.000]
----------------------------------------
[DEBUG] Beta=1.0 Phase=addiction Step=415
  State: 3 -> Action: as3 -> Next: 2 (Reward: 0.0)
  Q_MF:  [0.023921, 0.313566, 0.046639, 0.002724, 0.011992, 0.033719, 0.020668, 0.020159, 0.042327]
  Q_MB:  [0.634713, 0.705256, 0.634713, 0.007739, 0.634713, 0.634713, 0.634713, 0.634713, 0.634713]
  Q_MIX: [0.634713, 0.705256, 0.634713, 0.007739, 0.634713, 0.634713, 0.634713, 0.634713, 0.634713]
  MODEL_COUNTS(s,a,*):  [0.000, 0.000, 17.747, 0.098, 0.000, 0.000, 0.000, 0.000, 0.000, 0.000, 0.000, 0.000, 0.000, 0.000, 0.000, 0.000, 0.000, 0.000, 0.000, 0.000, 0.000, 0.000]
  MODEL_REWARDS(s,a,*): [0.000, 0.000, 0.000, 0.000, 0.000, 0.000, 0.000, 0.000, 0.000, 0.000, 0.000, 0.000, 0.000, 0.000, 0.000, 0.000, 0.000, 0.000, 0.000, 0.000, 0.000, 0.000]
----------------------------------------
[DEBUG] Beta=1.0 Phase=addiction Step=416
  State: 2 -> Action: as2 -> Next: 1 (Reward: 0.0)
  Q_MF:  [0.539561, 0.020586, 0.018323, 0.054367, 0.040501, 0.030628, 0.050064, 0.009865, 0.048247]
  Q_MB:  [1.318533, 0.725684, 0.653016, 0.725684, 0.725684, 0.725684, 0.725684, 0.725684, 0.725684]
  Q_MIX: [1.318533, 0.725684, 0.653016, 0.725684, 0.725684, 0.725684, 0.725684, 0.725684, 0.725684]
  MODEL_COUNTS(s,a,*):  [0.000, 17.576, 0.544, 0.000, 0.000, 0.000, 0.000, 0.000, 0.000, 0.000, 0.000, 0.000, 0.000, 0.000, 0.000, 0.000, 0.000, 0.000, 0.000, 0.000, 0.000, 0.000]
  MODEL_REWARDS(s,a,*): [0.000, 0.000, 0.000, 0.000, 0.000, 0.000, 0.000, 0.000, 0.000, 0.000, 0.000, 0.000, 0.000, 0.000, 0.000, 0.000, 0.000, 0.000, 0.000, 0.000, 0.000, 0.000]
----------------------------------------
[DEBUG] Beta=1.0 Phase=addiction Step=417
  State: 1 -> Action: ag -> Next: 0 (Reward: 0.0)
  Q_MF:  [0.022326, 0.028391, 0.051732, 0.034734, 0.056481, 0.000000, 0.821168, 0.033592, 0.007193]
  Q_MB:  [0.808981, 0.016407, 0.808981, 0.808981, 0.808981, 0.808981, 0.899793, 0.808981, 0.808981]
  Q_MIX: [0.808981, 0.016407, 0.808981, 0.808981, 0.808981, 0.808981, 0.899793, 0.808981, 0.808981]
  MODEL_COUNTS(s,a,*):  [16.992, 0.018, 0.000, 0.000, 0.000, 0.000, 0.000, 0.000, 0.000, 0.000, 0.000, 0.000, 0.000, 0.000, 0.000, 0.000, 0.000, 0.000, 0.000, 0.000, 0.000, 0.000]
  MODEL_REWARDS(s,a,*): [0.000, 0.000, 0.000, 0.000, 0.000, 0.000, 0.000, 0.000, 0.000, 0.000, 0.000, 0.000, 0.000, 0.000, 0.000, 0.000, 0.000, 0.000, 0.000, 0.000, 0.000, 0.000]
----------------------------------------
[DEBUG] Beta=1.0 Phase=addiction Step=418
  State: 0 -> Action: ag -> Next: 3 (Reward: 1.0)
  Q_MF:  [0.038522, 0.000000, 0.058918, 0.039484, 0.045137, 0.090006, 1.124012, 0.000000, 0.000000]
  Q_MB:  [1.470419, 1.470419, 1.470419, 1.470419, 1.470419, 1.470419, 1.634444, 1.470419, 1.470419]
  Q_MIX: [1.470419, 1.470419, 1.470419, 1.470419, 1.470419, 1.470419, 1.634444, 1.470419, 1.470419]
  MODEL_COUNTS(s,a,*):  [0.018, 0.000, 0.000, 17.016, 0.000, 0.000, 0.000, 0.000, 0.000, 0.000, 0.000, 0.000, 0.000, 0.000, 0.000, 0.000, 0.000, 0.000, 0.000, 0.000, 0.000, 0.000]
  MODEL_REWARDS(s,a,*): [0.000, 0.000, 0.000, 17.016, 0.000, 0.000, 0.000, 0.000, 0.000, 0.000, 0.000, 0.000, 0.000, 0.000, 0.000, 0.000, 0.000, 0.000, 0.000, 0.000, 0.000, 0.000]
----------------------------------------
[DEBUG] Beta=1.0 Phase=addiction Step=419
  State: 3 -> Action: as3 -> Next: 2 (Reward: 0.0)
  Q_MF:  [0.023921, 0.322168, 0.046639, 0.002724, 0.011992, 0.033719, 0.020668, 0.020159, 0.042327]
  Q_MB:  [0.000000, 0.721371, 0.000000, 0.000000, 0.000000, 0.000000, 0.000000, 0.000000, 0.000000]
  Q_MIX: [0.000000, 0.721371, 0.000000, 0.000000, 0.000000, 0.000000, 0.000000, 0.000000, 0.000000]
  MODEL_COUNTS(s,a,*):  [0.000, 0.000, 18.048, 0.094, 0.000, 0.000, 0.000, 0.000, 0.000, 0.000, 0.000, 0.000, 0.000, 0.000, 0.000, 0.000, 0.000, 0.000, 0.000, 0.000, 0.000, 0.000]
  MODEL_REWARDS(s,a,*): [0.000, 0.000, 0.000, 0.000, 0.000, 0.000, 0.000, 0.000, 0.000, 0.000, 0.000, 0.000, 0.000, 0.000, 0.000, 0.000, 0.000, 0.000, 0.000, 0.000, 0.000, 0.000]
----------------------------------------
[DEBUG] Beta=1.0 Phase=addiction Step=420
  State: 2 -> Action: as2 -> Next: 1 (Reward: 0.0)
  Q_MF:  [0.549535, 0.020586, 0.018323, 0.054367, 0.040501, 0.030628, 0.050064, 0.009865, 0.048247]
  Q_MB:  [0.784748, 0.000000, 0.000000, 0.000000, 0.000000, 0.000000, 0.000000, 0.000000, 0.000000]
  Q_MIX: [0.784748, 0.000000, 0.000000, 0.000000, 0.000000, 0.000000, 0.000000, 0.000000, 0.000000]
  MODEL_COUNTS(s,a,*):  [0.000, 17.883, 0.523, 0.000, 0.000, 0.000, 0.000, 0.000, 0.000, 0.000, 0.000, 0.000, 0.000, 0.000, 0.000, 0.000, 0.000, 0.000, 0.000, 0.000, 0.000, 0.000]
  MODEL_REWARDS(s,a,*): [0.000, 0.000, 0.000, 0.000, 0.000, 0.000, 0.000, 0.000, 0.000, 0.000, 0.000, 0.000, 0.000, 0.000, 0.000, 0.000, 0.000, 0.000, 0.000, 0.000, 0.000, 0.000]
----------------------------------------
[DEBUG] Beta=1.0 Phase=addiction Step=421
  State: 1 -> Action: ag -> Next: 0 (Reward: 0.0)
  Q_MF:  [0.022326, 0.028391, 0.051732, 0.034734, 0.056481, 0.000000, 0.830691, 0.033592, 0.007193]
  Q_MB:  [0.808267, 0.016392, 0.808267, 0.808267, 0.808267, 0.808267, 0.898945, 0.808267, 0.808267]
  Q_MIX: [0.808267, 0.016392, 0.808267, 0.808267, 0.808267, 0.808267, 0.898945, 0.808267, 0.808267]
  MODEL_COUNTS(s,a,*):  [17.323, 0.018, 0.000, 0.000, 0.000, 0.000, 0.000, 0.000, 0.000, 0.000, 0.000, 0.000, 0.000, 0.000, 0.000, 0.000, 0.000, 0.000, 0.000, 0.000, 0.000, 0.000]
  MODEL_REWARDS(s,a,*): [0.000, 0.000, 0.000, 0.000, 0.000, 0.000, 0.000, 0.000, 0.000, 0.000, 0.000, 0.000, 0.000, 0.000, 0.000, 0.000, 0.000, 0.000, 0.000, 0.000, 0.000, 0.000]
----------------------------------------
[DEBUG] Beta=1.0 Phase=addiction Step=422
  State: 0 -> Action: ag -> Next: 3 (Reward: 1.0)
  Q_MF:  [0.038522, 0.000000, 0.058918, 0.039484, 0.045137, 0.090006, 1.132309, 0.000000, 0.000000]
  Q_MB:  [1.468854, 1.468854, 1.468854, 1.468854, 1.468854, 1.468854, 1.632666, 1.468854, 1.468854]
  Q_MIX: [1.468854, 1.468854, 1.468854, 1.468854, 1.468854, 1.468854, 1.632666, 1.468854, 1.468854]
  MODEL_COUNTS(s,a,*):  [0.017, 0.000, 0.000, 17.346, 0.000, 0.000, 0.000, 0.000, 0.000, 0.000, 0.000, 0.000, 0.000, 0.000, 0.000, 0.000, 0.000, 0.000, 0.000, 0.000, 0.000, 0.000]
  MODEL_REWARDS(s,a,*): [0.000, 0.000, 0.000, 17.346, 0.000, 0.000, 0.000, 0.000, 0.000, 0.000, 0.000, 0.000, 0.000, 0.000, 0.000, 0.000, 0.000, 0.000, 0.000, 0.000, 0.000, 0.000]
----------------------------------------
[DEBUG] Beta=1.0 Phase=addiction Step=423
  State: 3 -> Action: ag -> Next: 3 (Reward: 0.0)
  Q_MF:  [0.023921, 0.330788, 0.046639, 0.002724, 0.011992, 0.033719, 0.020668, 0.020159, 0.042327]
  Q_MB:  [0.000000, 0.000000, 0.000000, 0.000000, 0.000000, 0.000000, 0.000000, 0.000000, 0.000000]
  Q_MIX: [0.000000, 0.000000, 0.000000, 0.000000, 0.000000, 0.000000, 0.000000, 0.000000, 0.000000]
  MODEL_COUNTS(s,a,*):  [0.000, 0.000, 0.000, 2.074, 0.000, 0.000, 0.000, 0.000, 0.000, 0.000, 0.000, 0.000, 0.000, 0.000, 0.000, 0.000, 0.000, 0.000, 0.000, 0.000, 0.000, 0.000]
  MODEL_REWARDS(s,a,*): [0.000, 0.000, 0.000, 0.000, 0.000, 0.000, 0.000, 0.000, 0.000, 0.000, 0.000, 0.000, 0.000, 0.000, 0.000, 0.000, 0.000, 0.000, 0.000, 0.000, 0.000, 0.000]
----------------------------------------
[DEBUG] Beta=1.0 Phase=addiction Step=424
  State: 3 -> Action: as5 -> Next: 4 (Reward: 0.0)
  Q_MF:  [0.023921, 0.330788, 0.046639, 0.002724, 0.011992, 0.033719, 0.034520, 0.020159, 0.042327]
  Q_MB:  [0.000000, 0.000000, 0.000000, 0.000000, 0.000000, 0.000000, 0.000000, 0.000000, 0.000000]
  Q_MIX: [0.000000, 0.000000, 0.000000, 0.000000, 0.000000, 0.000000, 0.000000, 0.000000, 0.000000]
  MODEL_COUNTS(s,a,*):  [0.000, 0.000, 0.000, 0.017, 2.383, 0.000, 0.000, 0.000, 0.000, 0.000, 0.000, 0.000, 0.000, 0.000, 0.000, 0.000, 0.000, 0.000, 0.000, 0.000, 0.000, 0.000]
  MODEL_REWARDS(s,a,*): [0.000, 0.000, 0.000, 0.000, 0.000, 0.000, 0.000, 0.000, 0.000, 0.000, 0.000, 0.000, 0.000, 0.000, 0.000, 0.000, 0.000, 0.000, 0.000, 0.000, 0.000, 0.000]
----------------------------------------
[DEBUG] Beta=1.0 Phase=addiction Step=425
  State: 4 -> Action: as4 -> Next: 3 (Reward: 0.0)
  Q_MF:  [0.001424, 0.000000, 0.028014, 0.000507, 0.000000, 0.000000, 0.000953, 0.000000, 0.000000]
  Q_MB:  [0.566556, 0.566556, 0.636165, 0.566556, 0.482116, 0.566556, 0.566556, 0.566556, 0.566556]
  Q_MIX: [0.566556, 0.566556, 0.636165, 0.566556, 0.482116, 0.566556, 0.566556, 0.566556, 0.566556]
  MODEL_COUNTS(s,a,*):  [0.000, 0.000, 0.000, 2.421, 0.017, 0.000, 0.000, 0.000, 0.000, 0.000, 0.000, 0.000, 0.000, 0.000, 0.000, 0.000, 0.000, 0.000, 0.000, 0.000, 0.000, 0.000]
  MODEL_REWARDS(s,a,*): [0.000, 0.000, 0.000, 0.000, 0.000, 0.000, 0.000, 0.000, 0.000, 0.000, 0.000, 0.000, 0.000, 0.000, 0.000, 0.000, 0.000, 0.000, 0.000, 0.000, 0.000, 0.000]
----------------------------------------
[DEBUG] Beta=1.0 Phase=addiction Step=426
  State: 3 -> Action: as3 -> Next: 2 (Reward: 0.0)
  Q_MF:  [0.023921, 0.330788, 0.046639, 0.003849, 0.011992, 0.033719, 0.034520, 0.020159, 0.042327]
  Q_MB:  [0.653272, 0.725874, 0.653272, 0.004646, 0.653272, 0.653272, 0.653272, 0.653272, 0.653272]
  Q_MIX: [0.653272, 0.725874, 0.653272, 0.004646, 0.653272, 0.653272, 0.653272, 0.653272, 0.653272]
  MODEL_COUNTS(s,a,*):  [0.000, 0.000, 17.822, 0.088, 0.000, 0.000, 0.000, 0.000, 0.000, 0.000, 0.000, 0.000, 0.000, 0.000, 0.000, 0.000, 0.000, 0.000, 0.000, 0.000, 0.000, 0.000]
  MODEL_REWARDS(s,a,*): [0.000, 0.000, 0.000, 0.000, 0.000, 0.000, 0.000, 0.000, 0.000, 0.000, 0.000, 0.000, 0.000, 0.000, 0.000, 0.000, 0.000, 0.000, 0.000, 0.000, 0.000, 0.000]
----------------------------------------
[DEBUG] Beta=1.0 Phase=addiction Step=427
  State: 2 -> Action: as2 -> Next: 1 (Reward: 0.0)
  Q_MF:  [0.559440, 0.020586, 0.018323, 0.054367, 0.040501, 0.030628, 0.050064, 0.009865, 0.048247]
  Q_MB:  [0.806930, 0.707510, 0.007664, 0.707510, 0.707510, 0.707510, 0.707510, 0.707510, 0.707510]
  Q_MIX: [0.806930, 0.707510, 0.007664, 0.707510, 0.707510, 0.707510, 0.707510, 0.707510, 0.707510]
  MODEL_COUNTS(s,a,*):  [0.000, 17.668, 0.487, 0.000, 0.000, 0.000, 0.000, 0.000, 0.000, 0.000, 0.000, 0.000, 0.000, 0.000, 0.000, 0.000, 0.000, 0.000, 0.000, 0.000, 0.000, 0.000]
  MODEL_REWARDS(s,a,*): [0.000, 0.000, 0.000, 0.000, 0.000, 0.000, 0.000, 0.000, 0.000, 0.000, 0.000, 0.000, 0.000, 0.000, 0.000, 0.000, 0.000, 0.000, 0.000, 0.000, 0.000, 0.000]
----------------------------------------
[DEBUG] Beta=1.0 Phase=addiction Step=428
  State: 1 -> Action: ag -> Next: 0 (Reward: 0.0)
  Q_MF:  [0.022326, 0.028391, 0.051732, 0.034734, 0.056481, 0.000000, 0.840110, 0.033592, 0.007193]
  Q_MB:  [0.809097, 0.727451, 0.809097, 0.809097, 0.809097, 0.809097, 0.899817, 0.809097, 0.809097]
  Q_MIX: [0.809097, 0.727451, 0.809097, 0.809097, 0.809097, 0.809097, 0.899817, 0.809097, 0.809097]
  MODEL_COUNTS(s,a,*):  [17.146, 0.016, 0.000, 0.000, 0.000, 0.000, 0.000, 0.000, 0.000, 0.000, 0.000, 0.000, 0.000, 0.000, 0.000, 0.000, 0.000, 0.000, 0.000, 0.000, 0.000, 0.000]
  MODEL_REWARDS(s,a,*): [0.000, 0.000, 0.000, 0.000, 0.000, 0.000, 0.000, 0.000, 0.000, 0.000, 0.000, 0.000, 0.000, 0.000, 0.000, 0.000, 0.000, 0.000, 0.000, 0.000, 0.000, 0.000]
----------------------------------------
[DEBUG] Beta=1.0 Phase=addiction Step=429
  State: 0 -> Action: ag -> Next: 3 (Reward: 1.0)
  Q_MF:  [0.038522, 0.000000, 0.058918, 0.039484, 0.045137, 0.090006, 1.140579, 0.000000, 0.000000]
  Q_MB:  [1.484843, 1.484843, 1.484843, 1.484843, 1.484843, 1.484843, 1.650412, 1.484843, 1.484843]
  Q_MIX: [1.484843, 1.484843, 1.484843, 1.484843, 1.484843, 1.484843, 1.650412, 1.484843, 1.484843]
  MODEL_COUNTS(s,a,*):  [0.016, 0.000, 0.000, 17.167, 0.000, 0.000, 0.000, 0.000, 0.000, 0.000, 0.000, 0.000, 0.000, 0.000, 0.000, 0.000, 0.000, 0.000, 0.000, 0.000, 0.000, 0.000]
  MODEL_REWARDS(s,a,*): [0.000, 0.000, 0.000, 17.167, 0.000, 0.000, 0.000, 0.000, 0.000, 0.000, 0.000, 0.000, 0.000, 0.000, 0.000, 0.000, 0.000, 0.000, 0.000, 0.000, 0.000, 0.000]
----------------------------------------
[DEBUG] Beta=1.0 Phase=addiction Step=430
  State: 3 -> Action: as3 -> Next: 2 (Reward: 0.0)
  Q_MF:  [0.023921, 0.339424, 0.046639, 0.003849, 0.011992, 0.033719, 0.034520, 0.020159, 0.042327]
  Q_MB:  [0.636969, 1.186327, 0.636969, 0.573306, 0.636969, 0.636969, 0.636969, 0.636969, 0.636969]
  Q_MIX: [0.636969, 1.186327, 0.636969, 0.573306, 0.636969, 0.636969, 0.636969, 0.636969, 0.636969]
  MODEL_COUNTS(s,a,*):  [0.000, 0.000, 18.120, 0.084, 0.000, 0.000, 0.000, 0.000, 0.000, 0.000, 0.000, 0.000, 0.000, 0.000, 0.000, 0.000, 0.000, 0.000, 0.000, 0.000, 0.000, 0.000]
  MODEL_REWARDS(s,a,*): [0.000, 0.000, 0.000, 0.000, 0.000, 0.000, 0.000, 0.000, 0.000, 0.000, 0.000, 0.000, 0.000, 0.000, 0.000, 0.000, 0.000, 0.000, 0.000, 0.000, 0.000, 0.000]
----------------------------------------
[DEBUG] Beta=1.0 Phase=addiction Step=431
  State: 2 -> Action: as7 -> Next: 2 (Reward: 0.0)
  Q_MF:  [0.569273, 0.020586, 0.018323, 0.054367, 0.040501, 0.030628, 0.050064, 0.009865, 0.048247]
  Q_MB:  [0.000000, 0.000000, 0.000000, 0.000000, 0.000000, 0.000000, 0.000000, 0.000000, 0.000000]
  Q_MIX: [0.000000, 0.000000, 0.000000, 0.000000, 0.000000, 0.000000, 0.000000, 0.000000, 0.000000]
  MODEL_COUNTS(s,a,*):  [0.000, 0.000, 1.694, 0.000, 0.000, 0.000, 0.000, 0.000, 0.000, 0.000, 0.000, 0.000, 0.000, 0.000, 0.000, 0.000, 0.000, 0.000, 0.000, 0.000, 0.000, 0.000]
  MODEL_REWARDS(s,a,*): [0.000, 0.000, 0.000, 0.000, 0.000, 0.000, 0.000, 0.000, 0.000, 0.000, 0.000, 0.000, 0.000, 0.000, 0.000, 0.000, 0.000, 0.000, 0.000, 0.000, 0.000, 0.000]
----------------------------------------
[DEBUG] Beta=1.0 Phase=addiction Step=432
  State: 2 -> Action: as2 -> Next: 1 (Reward: 0.0)
  Q_MF:  [0.569273, 0.020586, 0.018323, 0.054367, 0.040501, 0.054714, 0.050064, 0.009865, 0.048247]
  Q_MB:  [1.322178, 1.178612, 0.643379, 1.178612, 1.178612, 1.178612, 1.178612, 1.178612, 1.178612]
  Q_MIX: [1.322178, 1.178612, 0.643379, 1.178612, 1.178612, 1.178612, 1.178612, 1.178612, 1.178612]
  MODEL_COUNTS(s,a,*):  [0.000, 17.803, 0.463, 0.000, 0.000, 0.000, 0.000, 0.000, 0.000, 0.000, 0.000, 0.000, 0.000, 0.000, 0.000, 0.000, 0.000, 0.000, 0.000, 0.000, 0.000, 0.000]
  MODEL_REWARDS(s,a,*): [0.000, 0.000, 0.000, 0.000, 0.000, 0.000, 0.000, 0.000, 0.000, 0.000, 0.000, 0.000, 0.000, 0.000, 0.000, 0.000, 0.000, 0.000, 0.000, 0.000, 0.000, 0.000]
----------------------------------------
[DEBUG] Beta=1.0 Phase=addiction Step=433
  State: 1 -> Action: ag -> Next: 0 (Reward: 0.0)
  Q_MF:  [0.022326, 0.028391, 0.051732, 0.034734, 0.056481, 0.000000, 0.849430, 0.033592, 0.007193]
  Q_MB:  [0.809844, 0.712391, 0.809844, 0.809844, 0.809844, 0.809844, 0.899828, 0.809844, 0.809844]
  Q_MIX: [0.809844, 0.712391, 0.809844, 0.809844, 0.809844, 0.809844, 0.899828, 0.809844, 0.809844]
  MODEL_COUNTS(s,a,*):  [17.305, 0.016, 0.000, 0.000, 0.000, 0.000, 0.000, 0.000, 0.000, 0.000, 0.000, 0.000, 0.000, 0.000, 0.000, 0.000, 0.000, 0.000, 0.000, 0.000, 0.000, 0.000]
  MODEL_REWARDS(s,a,*): [0.000, 0.000, 0.000, 0.000, 0.000, 0.000, 0.000, 0.000, 0.000, 0.000, 0.000, 0.000, 0.000, 0.000, 0.000, 0.000, 0.000, 0.000, 0.000, 0.000, 0.000, 0.000]
----------------------------------------
[DEBUG] Beta=1.0 Phase=addiction Step=434
  State: 0 -> Action: ag -> Next: 3 (Reward: 1.0)
  Q_MF:  [0.038522, 0.000000, 0.058918, 0.039484, 0.045137, 0.090006, 1.148824, 0.000000, 0.000000]
  Q_MB:  [0.899914, 0.899914, 0.899914, 0.899914, 0.899914, 0.899914, 0.999905, 0.899914, 0.899914]
  Q_MIX: [0.899914, 0.899914, 0.899914, 0.899914, 0.899914, 0.899914, 0.999905, 0.899914, 0.899914]
  MODEL_COUNTS(s,a,*):  [0.015, 0.000, 0.000, 17.326, 0.000, 0.000, 0.000, 0.000, 0.000, 0.000, 0.000, 0.000, 0.000, 0.000, 0.000, 0.000, 0.000, 0.000, 0.000, 0.000, 0.000, 0.000]
  MODEL_REWARDS(s,a,*): [0.000, 0.000, 0.000, 17.326, 0.000, 0.000, 0.000, 0.000, 0.000, 0.000, 0.000, 0.000, 0.000, 0.000, 0.000, 0.000, 0.000, 0.000, 0.000, 0.000, 0.000, 0.000]
----------------------------------------
[DEBUG] Beta=1.0 Phase=addiction Step=435
  State: 3 -> Action: as3 -> Next: 2 (Reward: 0.0)
  Q_MF:  [0.023921, 0.348070, 0.046639, 0.003849, 0.011992, 0.033719, 0.034520, 0.020159, 0.042327]
  Q_MB:  [0.653962, 0.726639, 0.653962, 0.588584, 0.653962, 0.653962, 0.653962, 0.653962, 0.653962]
  Q_MIX: [0.653962, 0.726639, 0.653962, 0.588584, 0.653962, 0.653962, 0.653962, 0.653962, 0.653962]
  MODEL_COUNTS(s,a,*):  [0.000, 0.000, 18.232, 0.080, 0.000, 0.000, 0.000, 0.000, 0.000, 0.000, 0.000, 0.000, 0.000, 0.000, 0.000, 0.000, 0.000, 0.000, 0.000, 0.000, 0.000, 0.000]
  MODEL_REWARDS(s,a,*): [0.000, 0.000, 0.000, 0.000, 0.000, 0.000, 0.000, 0.000, 0.000, 0.000, 0.000, 0.000, 0.000, 0.000, 0.000, 0.000, 0.000, 0.000, 0.000, 0.000, 0.000, 0.000]
----------------------------------------
[DEBUG] Beta=1.0 Phase=addiction Step=436
  State: 2 -> Action: as5 -> Next: 2 (Reward: 0.0)
  Q_MF:  [0.579033, 0.020586, 0.018323, 0.054367, 0.040501, 0.054714, 0.050064, 0.009865, 0.048247]
  Q_MB:  [0.000000, 0.000000, 0.000000, 0.000000, 0.000000, 0.000000, 0.000000, 0.000000, 0.000000]
  Q_MIX: [0.000000, 0.000000, 0.000000, 0.000000, 0.000000, 0.000000, 0.000000, 0.000000, 0.000000]
  MODEL_COUNTS(s,a,*):  [0.000, 0.000, 2.409, 0.000, 0.000, 0.000, 0.000, 0.000, 0.000, 0.000, 0.000, 0.000, 0.000, 0.000, 0.000, 0.000, 0.000, 0.000, 0.000, 0.000, 0.000, 0.000]
  MODEL_REWARDS(s,a,*): [0.000, 0.000, 0.000, 0.000, 0.000, 0.000, 0.000, 0.000, 0.000, 0.000, 0.000, 0.000, 0.000, 0.000, 0.000, 0.000, 0.000, 0.000, 0.000, 0.000, 0.000, 0.000]
----------------------------------------
[DEBUG] Beta=1.0 Phase=addiction Step=437
  State: 2 -> Action: as2 -> Next: 1 (Reward: 0.0)
  Q_MF:  [0.579033, 0.020586, 0.018323, 0.077705, 0.040501, 0.054714, 0.050064, 0.009865, 0.048247]
  Q_MB:  [0.807737, 0.726380, 0.637006, 0.726380, 0.726380, 0.726380, 0.726380, 0.726380, 0.726380]
  Q_MIX: [0.807737, 0.726380, 0.637006, 0.726380, 0.726380, 0.726380, 0.726380, 0.726380, 0.726380]
  MODEL_COUNTS(s,a,*):  [0.000, 17.930, 0.441, 0.000, 0.000, 0.000, 0.000, 0.000, 0.000, 0.000, 0.000, 0.000, 0.000, 0.000, 0.000, 0.000, 0.000, 0.000, 0.000, 0.000, 0.000, 0.000]
  MODEL_REWARDS(s,a,*): [0.000, 0.000, 0.000, 0.000, 0.000, 0.000, 0.000, 0.000, 0.000, 0.000, 0.000, 0.000, 0.000, 0.000, 0.000, 0.000, 0.000, 0.000, 0.000, 0.000, 0.000, 0.000]
----------------------------------------
[DEBUG] Beta=1.0 Phase=addiction Step=438
  State: 1 -> Action: ag -> Next: 0 (Reward: 0.0)
  Q_MF:  [0.022326, 0.028391, 0.051732, 0.034734, 0.056481, 0.000000, 0.858656, 0.033592, 0.007193]
  Q_MB:  [0.808551, 0.712238, 0.808551, 0.808551, 0.808551, 0.808551, 0.899837, 0.808551, 0.808551]
  Q_MIX: [0.808551, 0.712238, 0.808551, 0.808551, 0.808551, 0.808551, 0.899837, 0.808551, 0.808551]
  MODEL_COUNTS(s,a,*):  [17.457, 0.015, 0.000, 0.000, 0.000, 0.000, 0.000, 0.000, 0.000, 0.000, 0.000, 0.000, 0.000, 0.000, 0.000, 0.000, 0.000, 0.000, 0.000, 0.000, 0.000, 0.000]
  MODEL_REWARDS(s,a,*): [0.000, 0.000, 0.000, 0.000, 0.000, 0.000, 0.000, 0.000, 0.000, 0.000, 0.000, 0.000, 0.000, 0.000, 0.000, 0.000, 0.000, 0.000, 0.000, 0.000, 0.000, 0.000]
----------------------------------------
[DEBUG] Beta=1.0 Phase=addiction Step=439
  State: 0 -> Action: ag -> Next: 3 (Reward: 1.0)
  Q_MF:  [0.038522, 0.000000, 0.058918, 0.039484, 0.045137, 0.090006, 1.157046, 0.000000, 0.000000]
  Q_MB:  [1.485483, 1.485483, 1.485483, 1.485483, 1.485483, 1.485483, 1.651058, 1.485483, 1.485483]
  Q_MIX: [1.485483, 1.485483, 1.485483, 1.485483, 1.485483, 1.485483, 1.651058, 1.485483, 1.485483]
  MODEL_COUNTS(s,a,*):  [0.015, 0.000, 0.000, 17.477, 0.000, 0.000, 0.000, 0.000, 0.000, 0.000, 0.000, 0.000, 0.000, 0.000, 0.000, 0.000, 0.000, 0.000, 0.000, 0.000, 0.000, 0.000]
  MODEL_REWARDS(s,a,*): [0.000, 0.000, 0.000, 17.477, 0.000, 0.000, 0.000, 0.000, 0.000, 0.000, 0.000, 0.000, 0.000, 0.000, 0.000, 0.000, 0.000, 0.000, 0.000, 0.000, 0.000, 0.000]
----------------------------------------
[DEBUG] Beta=1.0 Phase=addiction Step=440
  State: 3 -> Action: as3 -> Next: 2 (Reward: 0.0)
  Q_MF:  [0.023921, 0.356723, 0.046639, 0.003849, 0.011992, 0.033719, 0.034520, 0.020159, 0.042327]
  Q_MB:  [0.651505, 0.726758, 0.651505, 0.004633, 0.651505, 0.651505, 0.651505, 0.651505, 0.651505]
  Q_MIX: [0.651505, 0.726758, 0.651505, 0.004633, 0.651505, 0.651505, 0.651505, 0.651505, 0.651505]
  MODEL_COUNTS(s,a,*):  [0.000, 0.000, 18.338, 0.076, 0.000, 0.000, 0.000, 0.000, 0.000, 0.000, 0.000, 0.000, 0.000, 0.000, 0.000, 0.000, 0.000, 0.000, 0.000, 0.000, 0.000, 0.000]
  MODEL_REWARDS(s,a,*): [0.000, 0.000, 0.000, 0.000, 0.000, 0.000, 0.000, 0.000, 0.000, 0.000, 0.000, 0.000, 0.000, 0.000, 0.000, 0.000, 0.000, 0.000, 0.000, 0.000, 0.000, 0.000]
----------------------------------------
[DEBUG] Beta=1.0 Phase=addiction Step=441
  State: 2 -> Action: as2 -> Next: 1 (Reward: 0.0)
  Q_MF:  [0.588721, 0.020586, 0.018323, 0.077705, 0.040501, 0.054714, 0.050064, 0.009865, 0.048247]
  Q_MB:  [0.806276, 0.710317, 0.007695, 0.710317, 0.710317, 0.710317, 0.710317, 0.710317, 0.710317]
  Q_MIX: [0.806276, 0.710317, 0.007695, 0.710317, 0.710317, 0.710317, 0.710317, 0.710317, 0.710317]
  MODEL_COUNTS(s,a,*):  [0.000, 18.224, 0.423, 0.000, 0.000, 0.000, 0.000, 0.000, 0.000, 0.000, 0.000, 0.000, 0.000, 0.000, 0.000, 0.000, 0.000, 0.000, 0.000, 0.000, 0.000, 0.000]
  MODEL_REWARDS(s,a,*): [0.000, 0.000, 0.000, 0.000, 0.000, 0.000, 0.000, 0.000, 0.000, 0.000, 0.000, 0.000, 0.000, 0.000, 0.000, 0.000, 0.000, 0.000, 0.000, 0.000, 0.000, 0.000]
----------------------------------------
[DEBUG] Beta=1.0 Phase=addiction Step=442
  State: 1 -> Action: ag -> Next: 0 (Reward: 0.0)
  Q_MF:  [0.022326, 0.028391, 0.051732, 0.034734, 0.056481, 0.000000, 0.867790, 0.033592, 0.007193]
  Q_MB:  [0.000000, 0.000000, 0.000000, 0.000000, 0.000000, 0.000000, 0.898482, 0.000000, 0.000000]
  Q_MIX: [0.000000, 0.000000, 0.000000, 0.000000, 0.000000, 0.000000, 0.898482, 0.000000, 0.000000]
  MODEL_COUNTS(s,a,*):  [17.769, 0.014, 0.000, 0.000, 0.000, 0.000, 0.000, 0.000, 0.000, 0.000, 0.000, 0.000, 0.000, 0.000, 0.000, 0.000, 0.000, 0.000, 0.000, 0.000, 0.000, 0.000]
  MODEL_REWARDS(s,a,*): [0.000, 0.000, 0.000, 0.000, 0.000, 0.000, 0.000, 0.000, 0.000, 0.000, 0.000, 0.000, 0.000, 0.000, 0.000, 0.000, 0.000, 0.000, 0.000, 0.000, 0.000, 0.000]
----------------------------------------
[DEBUG] Beta=1.0 Phase=addiction Step=443
  State: 0 -> Action: ag -> Next: 3 (Reward: 1.0)
  Q_MF:  [0.038522, 0.000000, 0.058918, 0.039484, 0.045137, 0.090006, 1.165246, 0.000000, 0.000000]
  Q_MB:  [1.487913, 1.487913, 1.487913, 1.487913, 1.487913, 1.487913, 1.653237, 1.487913, 1.487913]
  Q_MIX: [1.487913, 1.487913, 1.487913, 1.487913, 1.487913, 1.487913, 1.653237, 1.487913, 1.487913]
  MODEL_COUNTS(s,a,*):  [0.014, 0.000, 0.000, 17.788, 0.000, 0.000, 0.000, 0.000, 0.000, 0.000, 0.000, 0.000, 0.000, 0.000, 0.000, 0.000, 0.000, 0.000, 0.000, 0.000, 0.000, 0.000]
  MODEL_REWARDS(s,a,*): [0.000, 0.000, 0.000, 17.788, 0.000, 0.000, 0.000, 0.000, 0.000, 0.000, 0.000, 0.000, 0.000, 0.000, 0.000, 0.000, 0.000, 0.000, 0.000, 0.000, 0.000, 0.000]
----------------------------------------
[DEBUG] Beta=1.0 Phase=addiction Step=444
  State: 3 -> Action: as3 -> Next: 2 (Reward: 0.0)
  Q_MF:  [0.023921, 0.365379, 0.046639, 0.003849, 0.011992, 0.033719, 0.034520, 0.020159, 0.042327]
  Q_MB:  [0.651491, 0.726579, 0.651491, 0.004633, 0.651491, 0.651491, 0.651491, 0.651491, 0.651491]
  Q_MIX: [0.651491, 0.726579, 0.651491, 0.004633, 0.651491, 0.651491, 0.651491, 0.651491, 0.651491]
  MODEL_COUNTS(s,a,*):  [0.000, 0.000, 18.616, 0.073, 0.000, 0.000, 0.000, 0.000, 0.000, 0.000, 0.000, 0.000, 0.000, 0.000, 0.000, 0.000, 0.000, 0.000, 0.000, 0.000, 0.000, 0.000]
  MODEL_REWARDS(s,a,*): [0.000, 0.000, 0.000, 0.000, 0.000, 0.000, 0.000, 0.000, 0.000, 0.000, 0.000, 0.000, 0.000, 0.000, 0.000, 0.000, 0.000, 0.000, 0.000, 0.000, 0.000, 0.000]
----------------------------------------
[DEBUG] Beta=1.0 Phase=addiction Step=445
  State: 2 -> Action: as2 -> Next: 1 (Reward: 0.0)
  Q_MF:  [0.598336, 0.020586, 0.018323, 0.077705, 0.040501, 0.054714, 0.050064, 0.009865, 0.048247]
  Q_MB:  [0.807082, 0.711833, 0.007711, 0.711833, 0.711833, 0.711833, 0.711833, 0.711833, 0.711833]
  Q_MIX: [0.807082, 0.711833, 0.007711, 0.711833, 0.711833, 0.711833, 0.711833, 0.711833, 0.711833]
  MODEL_COUNTS(s,a,*):  [0.000, 18.505, 0.407, 0.000, 0.000, 0.000, 0.000, 0.000, 0.000, 0.000, 0.000, 0.000, 0.000, 0.000, 0.000, 0.000, 0.000, 0.000, 0.000, 0.000, 0.000, 0.000]
  MODEL_REWARDS(s,a,*): [0.000, 0.000, 0.000, 0.000, 0.000, 0.000, 0.000, 0.000, 0.000, 0.000, 0.000, 0.000, 0.000, 0.000, 0.000, 0.000, 0.000, 0.000, 0.000, 0.000, 0.000, 0.000]
----------------------------------------
[DEBUG] Beta=1.0 Phase=addiction Step=446
  State: 1 -> Action: ag -> Next: 0 (Reward: 0.0)
  Q_MF:  [0.022326, 0.028391, 0.051732, 0.034734, 0.056481, 0.000000, 0.876837, 0.033592, 0.007193]
  Q_MB:  [0.000000, 0.000000, 0.000000, 0.000000, 0.000000, 0.000000, 0.899208, 0.000000, 0.000000]
  Q_MIX: [0.000000, 0.000000, 0.000000, 0.000000, 0.000000, 0.000000, 0.899208, 0.000000, 0.000000]
  MODEL_COUNTS(s,a,*):  [18.069, 0.014, 0.000, 0.000, 0.000, 0.000, 0.000, 0.000, 0.000, 0.000, 0.000, 0.000, 0.000, 0.000, 0.000, 0.000, 0.000, 0.000, 0.000, 0.000, 0.000, 0.000]
  MODEL_REWARDS(s,a,*): [0.000, 0.000, 0.000, 0.000, 0.000, 0.000, 0.000, 0.000, 0.000, 0.000, 0.000, 0.000, 0.000, 0.000, 0.000, 0.000, 0.000, 0.000, 0.000, 0.000, 0.000, 0.000]
----------------------------------------
[DEBUG] Beta=1.0 Phase=addiction Step=447
  State: 0 -> Action: as3 -> Next: 0 (Reward: 0.0)
  Q_MF:  [0.038522, 0.000000, 0.058918, 0.039484, 0.045137, 0.090006, 1.173426, 0.000000, 0.000000]
  Q_MB:  [0.899929, 0.899929, 0.899929, 0.899929, 0.899929, 0.899929, 0.999921, 0.899929, 0.899929]
  Q_MIX: [0.899929, 0.899929, 0.899929, 0.899929, 0.899929, 0.899929, 0.999921, 0.899929, 0.899929]
  MODEL_COUNTS(s,a,*):  [1.023, 0.000, 0.000, 0.000, 0.000, 0.000, 0.000, 0.000, 0.000, 0.000, 0.000, 0.000, 0.000, 0.000, 0.000, 0.000, 0.000, 0.000, 0.000, 0.000, 0.000, 0.000]
  MODEL_REWARDS(s,a,*): [0.000, 0.000, 0.000, 0.000, 0.000, 0.000, 0.000, 0.000, 0.000, 0.000, 0.000, 0.000, 0.000, 0.000, 0.000, 0.000, 0.000, 0.000, 0.000, 0.000, 0.000, 0.000]
----------------------------------------
[DEBUG] Beta=1.0 Phase=addiction Step=448
  State: 0 -> Action: ag -> Next: 3 (Reward: 1.0)
  Q_MF:  [0.038522, 0.052804, 0.058918, 0.039484, 0.045137, 0.090006, 1.173426, 0.000000, 0.000000]
  Q_MB:  [0.899928, 0.899928, 0.899928, 0.899928, 0.899928, 0.899928, 0.999921, 0.899928, 0.899928]
  Q_MIX: [0.899928, 0.899928, 0.899928, 0.899928, 0.899928, 0.899928, 0.999921, 0.899928, 0.899928]
  MODEL_COUNTS(s,a,*):  [0.013, 0.000, 0.000, 17.916, 0.000, 0.000, 0.000, 0.000, 0.000, 0.000, 0.000, 0.000, 0.000, 0.000, 0.000, 0.000, 0.000, 0.000, 0.000, 0.000, 0.000, 0.000]
  MODEL_REWARDS(s,a,*): [0.000, 0.000, 0.000, 17.916, 0.000, 0.000, 0.000, 0.000, 0.000, 0.000, 0.000, 0.000, 0.000, 0.000, 0.000, 0.000, 0.000, 0.000, 0.000, 0.000, 0.000, 0.000]
----------------------------------------
[DEBUG] Beta=1.0 Phase=addiction Step=449
  State: 3 -> Action: as4 -> Next: 3 (Reward: 0.0)
  Q_MF:  [0.023921, 0.374035, 0.046639, 0.003849, 0.011992, 0.033719, 0.034520, 0.020159, 0.042327]
  Q_MB:  [0.000000, 0.000000, 0.000000, 0.000000, 0.000000, 0.000000, 0.000000, 0.000000, 0.000000]
  Q_MIX: [0.000000, 0.000000, 0.000000, 0.000000, 0.000000, 0.000000, 0.000000, 0.000000, 0.000000]
  MODEL_COUNTS(s,a,*):  [0.000, 0.000, 0.000, 2.994, 0.000, 0.000, 0.000, 0.000, 0.000, 0.000, 0.000, 0.000, 0.000, 0.000, 0.000, 0.000, 0.000, 0.000, 0.000, 0.000, 0.000, 0.000]
  MODEL_REWARDS(s,a,*): [0.000, 0.000, 0.000, 0.000, 0.000, 0.000, 0.000, 0.000, 0.000, 0.000, 0.000, 0.000, 0.000, 0.000, 0.000, 0.000, 0.000, 0.000, 0.000, 0.000, 0.000, 0.000]
----------------------------------------
[DEBUG] Beta=1.0 Phase=addiction Step=450
  State: 3 -> Action: as5 -> Next: 4 (Reward: 0.0)
  Q_MF:  [0.023921, 0.374035, 0.061139, 0.003849, 0.011992, 0.033719, 0.034520, 0.020159, 0.042327]
  Q_MB:  [0.000000, 0.000000, 0.000000, 0.000000, 0.000000, 0.000000, 0.000000, 0.000000, 0.000000]
  Q_MIX: [0.000000, 0.000000, 0.000000, 0.000000, 0.000000, 0.000000, 0.000000, 0.000000, 0.000000]
  MODEL_COUNTS(s,a,*):  [0.000, 0.000, 0.000, 0.013, 2.835, 0.000, 0.000, 0.000, 0.000, 0.000, 0.000, 0.000, 0.000, 0.000, 0.000, 0.000, 0.000, 0.000, 0.000, 0.000, 0.000, 0.000]
  MODEL_REWARDS(s,a,*): [0.000, 0.000, 0.000, 0.000, 0.000, 0.000, 0.000, 0.000, 0.000, 0.000, 0.000, 0.000, 0.000, 0.000, 0.000, 0.000, 0.000, 0.000, 0.000, 0.000, 0.000, 0.000]
----------------------------------------
[DEBUG] Beta=1.0 Phase=addiction Step=451
  State: 4 -> Action: as4 -> Next: 3 (Reward: 0.0)
  Q_MF:  [0.001424, 0.000000, 0.041499, 0.000507, 0.000000, 0.000000, 0.000953, 0.000000, 0.000000]
  Q_MB:  [0.000000, 0.000000, 0.649518, 0.000000, 0.000000, 0.000000, 0.000000, 0.000000, 0.000000]
  Q_MIX: [0.000000, 0.000000, 0.649518, 0.000000, 0.000000, 0.000000, 0.000000, 0.000000, 0.000000]
  MODEL_COUNTS(s,a,*):  [0.000, 0.000, 0.000, 2.864, 0.013, 0.000, 0.000, 0.000, 0.000, 0.000, 0.000, 0.000, 0.000, 0.000, 0.000, 0.000, 0.000, 0.000, 0.000, 0.000, 0.000, 0.000]
  MODEL_REWARDS(s,a,*): [0.000, 0.000, 0.000, 0.000, 0.000, 0.000, 0.000, 0.000, 0.000, 0.000, 0.000, 0.000, 0.000, 0.000, 0.000, 0.000, 0.000, 0.000, 0.000, 0.000, 0.000, 0.000]
----------------------------------------
[DEBUG] Beta=1.0 Phase=addiction Step=452
  State: 3 -> Action: ad -> Next: 3 (Reward: 0.0)
  Q_MF:  [0.023921, 0.374035, 0.061139, 0.005524, 0.011992, 0.033719, 0.034520, 0.020159, 0.042327]
  Q_MB:  [0.000000, 0.000000, 0.000000, 0.000000, 0.000000, 0.000000, 0.000000, 0.000000, 0.000000]
  Q_MIX: [0.000000, 0.000000, 0.000000, 0.000000, 0.000000, 0.000000, 0.000000, 0.000000, 0.000000]
  MODEL_COUNTS(s,a,*):  [0.000, 0.000, 0.000, 1.879, 0.000, 0.000, 0.000, 0.000, 0.000, 0.000, 0.000, 0.000, 0.000, 0.000, 0.000, 0.000, 0.000, 0.000, 0.000, 0.000, 0.000, 0.000]
  MODEL_REWARDS(s,a,*): [0.000, 0.000, 0.000, 0.000, 0.000, 0.000, 0.000, 0.000, 0.000, 0.000, 0.000, 0.000, 0.000, 0.000, 0.000, 0.000, 0.000, 0.000, 0.000, 0.000, 0.000, 0.000]
----------------------------------------
[DEBUG] Beta=1.0 Phase=addiction Step=453
  State: 3 -> Action: as3 -> Next: 2 (Reward: 0.0)
  Q_MF:  [0.023921, 0.374035, 0.061139, 0.005524, 0.011992, 0.033719, 0.034520, 0.035983, 0.042327]
  Q_MB:  [0.000000, 0.723675, 0.000000, 0.000000, 0.000000, 0.000000, 0.000000, 0.000000, 0.000000]
  Q_MIX: [0.000000, 0.723675, 0.000000, 0.000000, 0.000000, 0.000000, 0.000000, 0.000000, 0.000000]
  MODEL_COUNTS(s,a,*):  [0.000, 0.000, 18.006, 0.067, 0.000, 0.000, 0.000, 0.000, 0.000, 0.000, 0.000, 0.000, 0.000, 0.000, 0.000, 0.000, 0.000, 0.000, 0.000, 0.000, 0.000, 0.000]
  MODEL_REWARDS(s,a,*): [0.000, 0.000, 0.000, 0.000, 0.000, 0.000, 0.000, 0.000, 0.000, 0.000, 0.000, 0.000, 0.000, 0.000, 0.000, 0.000, 0.000, 0.000, 0.000, 0.000, 0.000, 0.000]
----------------------------------------
[DEBUG] Beta=1.0 Phase=addiction Step=454
  State: 2 -> Action: as2 -> Next: 1 (Reward: 0.0)
  Q_MF:  [0.607876, 0.020586, 0.018323, 0.077705, 0.040501, 0.054714, 0.050064, 0.009865, 0.048247]
  Q_MB:  [0.807779, 0.712257, 0.639453, 0.712257, 0.712257, 0.712257, 0.712257, 0.712257, 0.712257]
  Q_MIX: [0.807779, 0.712257, 0.639453, 0.712257, 0.712257, 0.712257, 0.712257, 0.712257, 0.712257]
  MODEL_COUNTS(s,a,*):  [0.000, 17.905, 0.371, 0.000, 0.000, 0.000, 0.000, 0.000, 0.000, 0.000, 0.000, 0.000, 0.000, 0.000, 0.000, 0.000, 0.000, 0.000, 0.000, 0.000, 0.000, 0.000]
  MODEL_REWARDS(s,a,*): [0.000, 0.000, 0.000, 0.000, 0.000, 0.000, 0.000, 0.000, 0.000, 0.000, 0.000, 0.000, 0.000, 0.000, 0.000, 0.000, 0.000, 0.000, 0.000, 0.000, 0.000, 0.000]
----------------------------------------
[DEBUG] Beta=1.0 Phase=addiction Step=455
  State: 1 -> Action: ag -> Next: 0 (Reward: 0.0)
  Q_MF:  [0.022326, 0.028391, 0.051732, 0.034734, 0.056481, 0.000000, 0.885799, 0.033592, 0.007193]
  Q_MB:  [0.808782, 0.727830, 0.808782, 0.808782, 0.808782, 0.808782, 0.899258, 0.808782, 0.808782]
  Q_MIX: [0.808782, 0.727830, 0.808782, 0.808782, 0.808782, 0.808782, 0.899258, 0.808782, 0.808782]
  MODEL_COUNTS(s,a,*):  [17.507, 0.012, 0.000, 0.000, 0.000, 0.000, 0.000, 0.000, 0.000, 0.000, 0.000, 0.000, 0.000, 0.000, 0.000, 0.000, 0.000, 0.000, 0.000, 0.000, 0.000, 0.000]
  MODEL_REWARDS(s,a,*): [0.000, 0.000, 0.000, 0.000, 0.000, 0.000, 0.000, 0.000, 0.000, 0.000, 0.000, 0.000, 0.000, 0.000, 0.000, 0.000, 0.000, 0.000, 0.000, 0.000, 0.000, 0.000]
----------------------------------------
[DEBUG] Beta=1.0 Phase=addiction Step=456
  State: 0 -> Action: ag -> Next: 3 (Reward: 1.0)
  Q_MF:  [0.038522, 0.052804, 0.058918, 0.039484, 0.045137, 0.090006, 1.181586, 0.000000, 0.000000]
  Q_MB:  [0.899932, 0.899932, 0.899932, 0.899932, 0.899932, 0.899932, 1.653612, 0.899932, 0.899932]
  Q_MIX: [0.899932, 0.899932, 0.899932, 0.899932, 0.899932, 0.899932, 1.653612, 0.899932, 0.899932]
  MODEL_COUNTS(s,a,*):  [0.012, 0.000, 0.000, 17.532, 0.000, 0.000, 0.000, 0.000, 0.000, 0.000, 0.000, 0.000, 0.000, 0.000, 0.000, 0.000, 0.000, 0.000, 0.000, 0.000, 0.000, 0.000]
  MODEL_REWARDS(s,a,*): [0.000, 0.000, 0.000, 17.532, 0.000, 0.000, 0.000, 0.000, 0.000, 0.000, 0.000, 0.000, 0.000, 0.000, 0.000, 0.000, 0.000, 0.000, 0.000, 0.000, 0.000, 0.000]
----------------------------------------
[DEBUG] Beta=1.0 Phase=addiction Step=457
  State: 3 -> Action: as6 -> Next: 3 (Reward: 0.0)
  Q_MF:  [0.023921, 0.382688, 0.061139, 0.005524, 0.011992, 0.033719, 0.034520, 0.035983, 0.042327]
  Q_MB:  [0.000000, 0.000000, 0.000000, 0.000000, 0.000000, 0.000000, 0.000000, 0.000000, 0.000000]
  Q_MIX: [0.000000, 0.000000, 0.000000, 0.000000, 0.000000, 0.000000, 0.000000, 0.000000, 0.000000]
  MODEL_COUNTS(s,a,*):  [0.000, 0.000, 0.000, 1.469, 0.000, 0.000, 0.000, 0.000, 0.000, 0.000, 0.000, 0.000, 0.000, 0.000, 0.000, 0.000, 0.000, 0.000, 0.000, 0.000, 0.000, 0.000]
  MODEL_REWARDS(s,a,*): [0.000, 0.000, 0.000, 0.000, 0.000, 0.000, 0.000, 0.000, 0.000, 0.000, 0.000, 0.000, 0.000, 0.000, 0.000, 0.000, 0.000, 0.000, 0.000, 0.000, 0.000, 0.000]
----------------------------------------
[DEBUG] Beta=1.0 Phase=addiction Step=458
  State: 3 -> Action: ad -> Next: 3 (Reward: 0.0)
  Q_MF:  [0.023921, 0.382688, 0.061139, 0.005524, 0.028613, 0.033719, 0.034520, 0.035983, 0.042327]
  Q_MB:  [0.000000, 0.000000, 0.000000, 0.000000, 0.000000, 0.000000, 0.000000, 0.000000, 0.000000]
  Q_MIX: [0.000000, 0.000000, 0.000000, 0.000000, 0.000000, 0.000000, 0.000000, 0.000000, 0.000000]
  MODEL_COUNTS(s,a,*):  [0.000, 0.000, 0.000, 2.769, 0.000, 0.000, 0.000, 0.000, 0.000, 0.000, 0.000, 0.000, 0.000, 0.000, 0.000, 0.000, 0.000, 0.000, 0.000, 0.000, 0.000, 0.000]
  MODEL_REWARDS(s,a,*): [0.000, 0.000, 0.000, 0.000, 0.000, 0.000, 0.000, 0.000, 0.000, 0.000, 0.000, 0.000, 0.000, 0.000, 0.000, 0.000, 0.000, 0.000, 0.000, 0.000, 0.000, 0.000]
----------------------------------------
[DEBUG] Beta=1.0 Phase=addiction Step=459
  State: 3 -> Action: as3 -> Next: 2 (Reward: 0.0)
  Q_MF:  [0.023921, 0.382688, 0.061139, 0.005524, 0.028613, 0.033719, 0.034520, 0.051405, 0.042327]
  Q_MB:  [0.000000, 0.710982, 0.000000, 0.000000, 0.000000, 0.000000, 0.000000, 0.000000, 0.000000]
  Q_MIX: [0.000000, 0.710982, 0.000000, 0.000000, 0.000000, 0.000000, 0.000000, 0.000000, 0.000000]
  MODEL_COUNTS(s,a,*):  [0.000, 0.000, 17.952, 0.063, 0.000, 0.000, 0.000, 0.000, 0.000, 0.000, 0.000, 0.000, 0.000, 0.000, 0.000, 0.000, 0.000, 0.000, 0.000, 0.000, 0.000, 0.000]
  MODEL_REWARDS(s,a,*): [0.000, 0.000, 0.000, 0.000, 0.000, 0.000, 0.000, 0.000, 0.000, 0.000, 0.000, 0.000, 0.000, 0.000, 0.000, 0.000, 0.000, 0.000, 0.000, 0.000, 0.000, 0.000]
----------------------------------------
[DEBUG] Beta=1.0 Phase=addiction Step=460
  State: 2 -> Action: as4 -> Next: 3 (Reward: 0.0)
  Q_MF:  [0.617344, 0.020586, 0.018323, 0.077705, 0.040501, 0.054714, 0.050064, 0.009865, 0.048247]
  Q_MB:  [0.000000, 0.000000, 0.000000, 0.000000, 0.000000, 0.000000, 0.000000, 0.000000, 0.000000]
  Q_MIX: [0.000000, 0.000000, 0.000000, 0.000000, 0.000000, 0.000000, 0.000000, 0.000000, 0.000000]
  MODEL_COUNTS(s,a,*):  [0.000, 0.000, 0.012, 2.085, 0.000, 0.000, 0.000, 0.000, 0.000, 0.000, 0.000, 0.000, 0.000, 0.000, 0.000, 0.000, 0.000, 0.000, 0.000, 0.000, 0.000, 0.000]
  MODEL_REWARDS(s,a,*): [0.000, 0.000, 0.000, 0.000, 0.000, 0.000, 0.000, 0.000, 0.000, 0.000, 0.000, 0.000, 0.000, 0.000, 0.000, 0.000, 0.000, 0.000, 0.000, 0.000, 0.000, 0.000]
----------------------------------------
[DEBUG] Beta=1.0 Phase=addiction Step=461
  State: 3 -> Action: aw -> Next: 3 (Reward: 0.0)
  Q_MF:  [0.023921, 0.391334, 0.061139, 0.005524, 0.028613, 0.033719, 0.034520, 0.051405, 0.042327]
  Q_MB:  [0.000000, 0.000000, 0.000000, 0.000000, 0.000000, 0.000000, 0.000000, 0.000000, 0.000000]
  Q_MIX: [0.000000, 0.000000, 0.000000, 0.000000, 0.000000, 0.000000, 0.000000, 0.000000, 0.000000]
  MODEL_COUNTS(s,a,*):  [0.000, 0.000, 0.000, 2.737, 0.000, 0.000, 0.000, 0.000, 0.000, 0.000, 0.000, 0.000, 0.000, 0.000, 0.000, 0.000, 0.000, 0.000, 0.000, 0.000, 0.000, 0.000]
  MODEL_REWARDS(s,a,*): [0.000, 0.000, 0.000, 0.000, 0.000, 0.000, 0.000, 0.000, 0.000, 0.000, 0.000, 0.000, 0.000, 0.000, 0.000, 0.000, 0.000, 0.000, 0.000, 0.000, 0.000, 0.000]
----------------------------------------
[DEBUG] Beta=1.0 Phase=addiction Step=462
  State: 3 -> Action: as3 -> Next: 2 (Reward: 0.0)
  Q_MF:  [0.023921, 0.391334, 0.061139, 0.005524, 0.028613, 0.033719, 0.034520, 0.051405, 0.057821]
  Q_MB:  [0.642037, 0.713381, 0.642037, 0.573731, 0.642037, 0.642037, 0.642037, 0.642037, 0.642037]
  Q_MIX: [0.642037, 0.713381, 0.642037, 0.573731, 0.642037, 0.642037, 0.642037, 0.642037, 0.642037]
  MODEL_COUNTS(s,a,*):  [0.000, 0.000, 18.419, 0.061, 0.000, 0.000, 0.000, 0.000, 0.000, 0.000, 0.000, 0.000, 0.000, 0.000, 0.000, 0.000, 0.000, 0.000, 0.000, 0.000, 0.000, 0.000]
  MODEL_REWARDS(s,a,*): [0.000, 0.000, 0.000, 0.000, 0.000, 0.000, 0.000, 0.000, 0.000, 0.000, 0.000, 0.000, 0.000, 0.000, 0.000, 0.000, 0.000, 0.000, 0.000, 0.000, 0.000, 0.000]
----------------------------------------
[DEBUG] Beta=1.0 Phase=addiction Step=463
  State: 2 -> Action: as2 -> Next: 1 (Reward: 0.0)
  Q_MF:  [0.617344, 0.020586, 0.035017, 0.077705, 0.040501, 0.054714, 0.050064, 0.009865, 0.048247]
  Q_MB:  [0.806907, 0.713174, 0.640148, 0.713174, 0.713174, 0.713174, 0.713174, 0.713174, 0.713174]
  Q_MIX: [0.806907, 0.713174, 0.640148, 0.713174, 0.713174, 0.713174, 0.713174, 0.713174, 0.713174]
  MODEL_COUNTS(s,a,*):  [0.000, 17.357, 0.339, 0.000, 0.000, 0.000, 0.000, 0.000, 0.000, 0.000, 0.000, 0.000, 0.000, 0.000, 0.000, 0.000, 0.000, 0.000, 0.000, 0.000, 0.000, 0.000]
  MODEL_REWARDS(s,a,*): [0.000, 0.000, 0.000, 0.000, 0.000, 0.000, 0.000, 0.000, 0.000, 0.000, 0.000, 0.000, 0.000, 0.000, 0.000, 0.000, 0.000, 0.000, 0.000, 0.000, 0.000, 0.000]
----------------------------------------
[DEBUG] Beta=1.0 Phase=addiction Step=464
  State: 1 -> Action: ag -> Next: 0 (Reward: 0.0)
  Q_MF:  [0.022326, 0.028391, 0.051732, 0.034734, 0.056481, 0.000000, 0.894681, 0.033592, 0.007193]
  Q_MB:  [0.809365, 0.016415, 0.809365, 0.809365, 0.809365, 0.809365, 0.899872, 0.809365, 0.809365]
  Q_MIX: [0.809365, 0.016415, 0.809365, 0.809365, 0.809365, 0.809365, 0.899872, 0.809365, 0.809365]
  MODEL_COUNTS(s,a,*):  [16.993, 0.011, 0.000, 0.000, 0.000, 0.000, 0.000, 0.000, 0.000, 0.000, 0.000, 0.000, 0.000, 0.000, 0.000, 0.000, 0.000, 0.000, 0.000, 0.000, 0.000, 0.000]
  MODEL_REWARDS(s,a,*): [0.000, 0.000, 0.000, 0.000, 0.000, 0.000, 0.000, 0.000, 0.000, 0.000, 0.000, 0.000, 0.000, 0.000, 0.000, 0.000, 0.000, 0.000, 0.000, 0.000, 0.000, 0.000]
----------------------------------------
[DEBUG] Beta=1.0 Phase=addiction Step=465
  State: 0 -> Action: ag -> Next: 3 (Reward: 1.0)
  Q_MF:  [0.038522, 0.052804, 0.058918, 0.039484, 0.045137, 0.090006, 1.189728, 0.000000, 0.000000]
  Q_MB:  [0.899365, 0.899365, 0.899365, 0.899365, 0.899365, 0.899365, 0.999929, 0.899365, 0.899365]
  Q_MIX: [0.899365, 0.899365, 0.899365, 0.899365, 0.899365, 0.899365, 0.999929, 0.899365, 0.899365]
  MODEL_COUNTS(s,a,*):  [0.011, 0.000, 0.000, 17.016, 0.000, 0.000, 0.000, 0.000, 0.000, 0.000, 0.000, 0.000, 0.000, 0.000, 0.000, 0.000, 0.000, 0.000, 0.000, 0.000, 0.000, 0.000]
  MODEL_REWARDS(s,a,*): [0.000, 0.000, 0.000, 17.016, 0.000, 0.000, 0.000, 0.000, 0.000, 0.000, 0.000, 0.000, 0.000, 0.000, 0.000, 0.000, 0.000, 0.000, 0.000, 0.000, 0.000, 0.000]
----------------------------------------
[DEBUG] Beta=1.0 Phase=addiction Step=466
  State: 3 -> Action: as2 -> Next: 3 (Reward: 0.0)
  Q_MF:  [0.023921, 0.399548, 0.061139, 0.005524, 0.028613, 0.033719, 0.034520, 0.051405, 0.057821]
  Q_MB:  [0.000000, 0.000000, 0.000000, 0.000000, 0.000000, 0.000000, 0.000000, 0.000000, 0.000000]
  Q_MIX: [0.000000, 0.000000, 0.000000, 0.000000, 0.000000, 0.000000, 0.000000, 0.000000, 0.000000]
  MODEL_COUNTS(s,a,*):  [0.000, 0.000, 0.000, 1.888, 0.000, 0.000, 0.000, 0.000, 0.000, 0.000, 0.000, 0.000, 0.000, 0.000, 0.000, 0.000, 0.000, 0.000, 0.000, 0.000, 0.000, 0.000]
  MODEL_REWARDS(s,a,*): [0.000, 0.000, 0.000, 0.000, 0.000, 0.000, 0.000, 0.000, 0.000, 0.000, 0.000, 0.000, 0.000, 0.000, 0.000, 0.000, 0.000, 0.000, 0.000, 0.000, 0.000, 0.000]
----------------------------------------
[DEBUG] Beta=1.0 Phase=addiction Step=467
  State: 3 -> Action: as4 -> Next: 3 (Reward: 0.0)
  Q_MF:  [0.040705, 0.399548, 0.061139, 0.005524, 0.028613, 0.033719, 0.034520, 0.051405, 0.057821]
  Q_MB:  [0.000000, 0.000000, 0.000000, 0.000000, 0.000000, 0.000000, 0.000000, 0.000000, 0.000000]
  Q_MIX: [0.000000, 0.000000, 0.000000, 0.000000, 0.000000, 0.000000, 0.000000, 0.000000, 0.000000]
  MODEL_COUNTS(s,a,*):  [0.000, 0.000, 0.000, 3.499, 0.000, 0.000, 0.000, 0.000, 0.000, 0.000, 0.000, 0.000, 0.000, 0.000, 0.000, 0.000, 0.000, 0.000, 0.000, 0.000, 0.000, 0.000]
  MODEL_REWARDS(s,a,*): [0.000, 0.000, 0.000, 0.000, 0.000, 0.000, 0.000, 0.000, 0.000, 0.000, 0.000, 0.000, 0.000, 0.000, 0.000, 0.000, 0.000, 0.000, 0.000, 0.000, 0.000, 0.000]
----------------------------------------
[DEBUG] Beta=1.0 Phase=addiction Step=468
  State: 3 -> Action: as5 -> Next: 4 (Reward: 0.0)
  Q_MF:  [0.040705, 0.399548, 0.076062, 0.005524, 0.028613, 0.033719, 0.034520, 0.051405, 0.057821]
  Q_MB:  [0.000000, 0.000000, 0.000000, 0.000000, 0.000000, 0.000000, 0.000000, 0.000000, 0.000000]
  Q_MIX: [0.000000, 0.000000, 0.000000, 0.000000, 0.000000, 0.000000, 0.000000, 0.000000, 0.000000]
  MODEL_COUNTS(s,a,*):  [0.000, 0.000, 0.000, 0.011, 3.366, 0.000, 0.000, 0.000, 0.000, 0.000, 0.000, 0.000, 0.000, 0.000, 0.000, 0.000, 0.000, 0.000, 0.000, 0.000, 0.000, 0.000]
  MODEL_REWARDS(s,a,*): [0.000, 0.000, 0.000, 0.000, 0.000, 0.000, 0.000, 0.000, 0.000, 0.000, 0.000, 0.000, 0.000, 0.000, 0.000, 0.000, 0.000, 0.000, 0.000, 0.000, 0.000, 0.000]
----------------------------------------
[DEBUG] Beta=1.0 Phase=addiction Step=469
  State: 4 -> Action: as4 -> Next: 3 (Reward: 0.0)
  Q_MF:  [0.001424, 0.000000, 0.056255, 0.000507, 0.000000, 0.000000, 0.000953, 0.000000, 0.000000]
  Q_MB:  [0.578282, 0.578282, 0.642536, 0.578282, 0.519475, 0.578282, 0.578282, 0.578282, 0.578282]
  Q_MIX: [0.578282, 0.578282, 0.642536, 0.578282, 0.519475, 0.578282, 0.578282, 0.578282, 0.578282]
  MODEL_COUNTS(s,a,*):  [0.000, 0.000, 0.000, 3.390, 0.011, 0.000, 0.000, 0.000, 0.000, 0.000, 0.000, 0.000, 0.000, 0.000, 0.000, 0.000, 0.000, 0.000, 0.000, 0.000, 0.000, 0.000]
  MODEL_REWARDS(s,a,*): [0.000, 0.000, 0.000, 0.000, 0.000, 0.000, 0.000, 0.000, 0.000, 0.000, 0.000, 0.000, 0.000, 0.000, 0.000, 0.000, 0.000, 0.000, 0.000, 0.000, 0.000, 0.000]
----------------------------------------
[DEBUG] Beta=1.0 Phase=addiction Step=470
  State: 3 -> Action: as3 -> Next: 2 (Reward: 0.0)
  Q_MF:  [0.040705, 0.399548, 0.076062, 0.007779, 0.028613, 0.033719, 0.034520, 0.051405, 0.057821]
  Q_MB:  [0.000000, 0.723985, 0.000000, 0.000000, 0.000000, 0.000000, 0.000000, 0.000000, 0.000000]
  Q_MIX: [0.000000, 0.723985, 0.000000, 0.000000, 0.000000, 0.000000, 0.000000, 0.000000, 0.000000]
  MODEL_COUNTS(s,a,*):  [0.000, 0.000, 17.996, 0.056, 0.000, 0.000, 0.000, 0.000, 0.000, 0.000, 0.000, 0.000, 0.000, 0.000, 0.000, 0.000, 0.000, 0.000, 0.000, 0.000, 0.000, 0.000]
  MODEL_REWARDS(s,a,*): [0.000, 0.000, 0.000, 0.000, 0.000, 0.000, 0.000, 0.000, 0.000, 0.000, 0.000, 0.000, 0.000, 0.000, 0.000, 0.000, 0.000, 0.000, 0.000, 0.000, 0.000, 0.000]
----------------------------------------
[DEBUG] Beta=1.0 Phase=addiction Step=471
  State: 2 -> Action: as2 -> Next: 1 (Reward: 0.0)
  Q_MF:  [0.626737, 0.020586, 0.035017, 0.077705, 0.040501, 0.054714, 0.050064, 0.009865, 0.048247]
  Q_MB:  [0.807101, 0.714070, 0.004047, 0.714070, 0.714070, 0.714070, 0.714070, 0.714070, 0.714070]
  Q_MIX: [0.807101, 0.714070, 0.004047, 0.714070, 0.714070, 0.714070, 0.714070, 0.714070, 0.714070]
  MODEL_COUNTS(s,a,*):  [0.000, 17.016, 0.313, 0.000, 0.000, 0.000, 0.000, 0.000, 0.000, 0.000, 0.000, 0.000, 0.000, 0.000, 0.000, 0.000, 0.000, 0.000, 0.000, 0.000, 0.000, 0.000]
  MODEL_REWARDS(s,a,*): [0.000, 0.000, 0.000, 0.000, 0.000, 0.000, 0.000, 0.000, 0.000, 0.000, 0.000, 0.000, 0.000, 0.000, 0.000, 0.000, 0.000, 0.000, 0.000, 0.000, 0.000, 0.000]
----------------------------------------
[DEBUG] Beta=1.0 Phase=addiction Step=472
  State: 1 -> Action: ag -> Next: 0 (Reward: 0.0)
  Q_MF:  [0.022326, 0.028391, 0.051732, 0.034734, 0.056481, 0.000000, 0.903484, 0.033592, 0.007193]
  Q_MB:  [0.809402, 0.717211, 0.809402, 0.809402, 0.809402, 0.809402, 0.899879, 0.809402, 0.809402]
  Q_MIX: [0.809402, 0.717211, 0.809402, 0.809402, 0.809402, 0.809402, 0.899879, 0.809402, 0.809402]
  MODEL_COUNTS(s,a,*):  [16.680, 0.011, 0.000, 0.000, 0.000, 0.000, 0.000, 0.000, 0.000, 0.000, 0.000, 0.000, 0.000, 0.000, 0.000, 0.000, 0.000, 0.000, 0.000, 0.000, 0.000, 0.000]
  MODEL_REWARDS(s,a,*): [0.000, 0.000, 0.000, 0.000, 0.000, 0.000, 0.000, 0.000, 0.000, 0.000, 0.000, 0.000, 0.000, 0.000, 0.000, 0.000, 0.000, 0.000, 0.000, 0.000, 0.000, 0.000]
----------------------------------------
[DEBUG] Beta=1.0 Phase=addiction Step=473
  State: 0 -> Action: ag -> Next: 3 (Reward: 1.0)
  Q_MF:  [0.038522, 0.052804, 0.058918, 0.039484, 0.045137, 0.090006, 1.198221, 0.000000, 0.000000]
  Q_MB:  [0.899403, 0.899403, 0.899403, 0.899403, 0.899403, 0.899403, 0.999933, 0.899403, 0.899403]
  Q_MIX: [0.899403, 0.899403, 0.899403, 0.899403, 0.899403, 0.899403, 0.999933, 0.899403, 0.899403]
  MODEL_COUNTS(s,a,*):  [0.010, 0.000, 0.000, 16.701, 0.000, 0.000, 0.000, 0.000, 0.000, 0.000, 0.000, 0.000, 0.000, 0.000, 0.000, 0.000, 0.000, 0.000, 0.000, 0.000, 0.000, 0.000]
  MODEL_REWARDS(s,a,*): [0.000, 0.000, 0.000, 16.701, 0.000, 0.000, 0.000, 0.000, 0.000, 0.000, 0.000, 0.000, 0.000, 0.000, 0.000, 0.000, 0.000, 0.000, 0.000, 0.000, 0.000, 0.000]
----------------------------------------
[DEBUG] Beta=1.0 Phase=addiction Step=474
  State: 3 -> Action: as5 -> Next: 4 (Reward: 0.0)
  Q_MF:  [0.040705, 0.407774, 0.076062, 0.007779, 0.028613, 0.033719, 0.034520, 0.051405, 0.057821]
  Q_MB:  [0.000000, 0.000000, 0.000000, 0.000000, 0.000000, 0.000000, 0.000000, 0.000000, 0.000000]
  Q_MIX: [0.000000, 0.000000, 0.000000, 0.000000, 0.000000, 0.000000, 0.000000, 0.000000, 0.000000]
  MODEL_COUNTS(s,a,*):  [0.000, 0.000, 0.000, 0.010, 4.169, 0.000, 0.000, 0.000, 0.000, 0.000, 0.000, 0.000, 0.000, 0.000, 0.000, 0.000, 0.000, 0.000, 0.000, 0.000, 0.000, 0.000]
  MODEL_REWARDS(s,a,*): [0.000, 0.000, 0.000, 0.000, 0.000, 0.000, 0.000, 0.000, 0.000, 0.000, 0.000, 0.000, 0.000, 0.000, 0.000, 0.000, 0.000, 0.000, 0.000, 0.000, 0.000, 0.000]
----------------------------------------
[DEBUG] Beta=1.0 Phase=addiction Step=475
  State: 4 -> Action: as4 -> Next: 3 (Reward: 0.0)
  Q_MF:  [0.001424, 0.000000, 0.071422, 0.000507, 0.000000, 0.000000, 0.000953, 0.000000, 0.000000]
  Q_MB:  [0.000000, 0.000000, 0.000000, 0.000000, 0.000000, 0.000000, 0.000000, 0.000000, 0.000000]
  Q_MIX: [0.000000, 0.000000, 0.000000, 0.000000, 0.000000, 0.000000, 0.000000, 0.000000, 0.000000]
  MODEL_COUNTS(s,a,*):  [0.000, 0.000, 0.000, 4.192, 0.010, 0.000, 0.000, 0.000, 0.000, 0.000, 0.000, 0.000, 0.000, 0.000, 0.000, 0.000, 0.000, 0.000, 0.000, 0.000, 0.000, 0.000]
  MODEL_REWARDS(s,a,*): [0.000, 0.000, 0.000, 0.000, 0.000, 0.000, 0.000, 0.000, 0.000, 0.000, 0.000, 0.000, 0.000, 0.000, 0.000, 0.000, 0.000, 0.000, 0.000, 0.000, 0.000, 0.000]
----------------------------------------
[DEBUG] Beta=1.0 Phase=addiction Step=476
  State: 3 -> Action: as3 -> Next: 2 (Reward: 0.0)
  Q_MF:  [0.040705, 0.407774, 0.076062, 0.010604, 0.028613, 0.033719, 0.034520, 0.051405, 0.057821]
  Q_MB:  [0.000000, 0.724691, 0.000000, 0.000000, 0.000000, 0.000000, 0.000000, 0.000000, 0.000000]
  Q_MIX: [0.000000, 0.724691, 0.000000, 0.000000, 0.000000, 0.000000, 0.000000, 0.000000, 0.000000]
  MODEL_COUNTS(s,a,*):  [0.000, 0.000, 17.943, 0.053, 0.000, 0.000, 0.000, 0.000, 0.000, 0.000, 0.000, 0.000, 0.000, 0.000, 0.000, 0.000, 0.000, 0.000, 0.000, 0.000, 0.000, 0.000]
  MODEL_REWARDS(s,a,*): [0.000, 0.000, 0.000, 0.000, 0.000, 0.000, 0.000, 0.000, 0.000, 0.000, 0.000, 0.000, 0.000, 0.000, 0.000, 0.000, 0.000, 0.000, 0.000, 0.000, 0.000, 0.000]
----------------------------------------
[DEBUG] Beta=1.0 Phase=addiction Step=477
  State: 2 -> Action: as2 -> Next: 1 (Reward: 0.0)
  Q_MF:  [0.636057, 0.020586, 0.035017, 0.077705, 0.040501, 0.054714, 0.050064, 0.009865, 0.048247]
  Q_MB:  [0.807743, 0.715338, 0.642319, 0.715338, 0.715338, 0.715338, 0.715338, 0.715338, 0.715338]
  Q_MIX: [0.807743, 0.715338, 0.642319, 0.715338, 0.715338, 0.715338, 0.715338, 0.715338, 0.715338]
  MODEL_COUNTS(s,a,*):  [0.000, 17.020, 0.295, 0.000, 0.000, 0.000, 0.000, 0.000, 0.000, 0.000, 0.000, 0.000, 0.000, 0.000, 0.000, 0.000, 0.000, 0.000, 0.000, 0.000, 0.000, 0.000]
  MODEL_REWARDS(s,a,*): [0.000, 0.000, 0.000, 0.000, 0.000, 0.000, 0.000, 0.000, 0.000, 0.000, 0.000, 0.000, 0.000, 0.000, 0.000, 0.000, 0.000, 0.000, 0.000, 0.000, 0.000, 0.000]
----------------------------------------
[DEBUG] Beta=1.0 Phase=addiction Step=478
  State: 1 -> Action: ag -> Next: 0 (Reward: 0.0)
  Q_MF:  [0.022326, 0.028391, 0.051732, 0.034734, 0.056481, 0.000000, 0.912230, 0.033592, 0.007193]
  Q_MB:  [0.000000, 0.000000, 0.000000, 0.000000, 0.000000, 0.000000, 0.898871, 0.000000, 0.000000]
  Q_MIX: [0.000000, 0.000000, 0.000000, 0.000000, 0.000000, 0.000000, 0.898871, 0.000000, 0.000000]
  MODEL_COUNTS(s,a,*):  [16.704, 0.010, 0.000, 0.000, 0.000, 0.000, 0.000, 0.000, 0.000, 0.000, 0.000, 0.000, 0.000, 0.000, 0.000, 0.000, 0.000, 0.000, 0.000, 0.000, 0.000, 0.000]
  MODEL_REWARDS(s,a,*): [0.000, 0.000, 0.000, 0.000, 0.000, 0.000, 0.000, 0.000, 0.000, 0.000, 0.000, 0.000, 0.000, 0.000, 0.000, 0.000, 0.000, 0.000, 0.000, 0.000, 0.000, 0.000]
----------------------------------------
[DEBUG] Beta=1.0 Phase=addiction Step=479
  State: 0 -> Action: ag -> Next: 3 (Reward: 1.0)
  Q_MF:  [0.038522, 0.052804, 0.058918, 0.039484, 0.045137, 0.090006, 1.206660, 0.000000, 0.000000]
  Q_MB:  [0.000000, 0.000000, 0.000000, 0.000000, 0.000000, 0.000000, 0.999376, 0.000000, 0.000000]
  Q_MIX: [0.000000, 0.000000, 0.000000, 0.000000, 0.000000, 0.000000, 0.999376, 0.000000, 0.000000]
  MODEL_COUNTS(s,a,*):  [0.010, 0.000, 0.000, 16.724, 0.000, 0.000, 0.000, 0.000, 0.000, 0.000, 0.000, 0.000, 0.000, 0.000, 0.000, 0.000, 0.000, 0.000, 0.000, 0.000, 0.000, 0.000]
  MODEL_REWARDS(s,a,*): [0.000, 0.000, 0.000, 16.724, 0.000, 0.000, 0.000, 0.000, 0.000, 0.000, 0.000, 0.000, 0.000, 0.000, 0.000, 0.000, 0.000, 0.000, 0.000, 0.000, 0.000, 0.000]
----------------------------------------
[DEBUG] Beta=1.0 Phase=addiction Step=480
  State: 3 -> Action: as3 -> Next: 2 (Reward: 0.0)
  Q_MF:  [0.040705, 0.416007, 0.076062, 0.010604, 0.028613, 0.033719, 0.034520, 0.051405, 0.057821]
  Q_MB:  [0.642608, 0.727226, 0.642608, 0.001588, 0.642608, 0.642608, 0.642608, 0.642608, 0.642608]
  Q_MIX: [0.642608, 0.727226, 0.642608, 0.001588, 0.642608, 0.642608, 0.642608, 0.642608, 0.642608]
  MODEL_COUNTS(s,a,*):  [0.000, 0.000, 18.236, 0.051, 0.000, 0.000, 0.000, 0.000, 0.000, 0.000, 0.000, 0.000, 0.000, 0.000, 0.000, 0.000, 0.000, 0.000, 0.000, 0.000, 0.000, 0.000]
  MODEL_REWARDS(s,a,*): [0.000, 0.000, 0.000, 0.000, 0.000, 0.000, 0.000, 0.000, 0.000, 0.000, 0.000, 0.000, 0.000, 0.000, 0.000, 0.000, 0.000, 0.000, 0.000, 0.000, 0.000, 0.000]
----------------------------------------
[DEBUG] Beta=1.0 Phase=addiction Step=481
  State: 2 -> Action: as2 -> Next: 1 (Reward: 0.0)
  Q_MF:  [0.645305, 0.020586, 0.035017, 0.077705, 0.040501, 0.054714, 0.050064, 0.009865, 0.048247]
  Q_MB:  [0.000000, 0.000000, 0.000000, 0.000000, 0.000000, 0.000000, 0.000000, 0.000000, 0.000000]
  Q_MIX: [0.000000, 0.000000, 0.000000, 0.000000, 0.000000, 0.000000, 0.000000, 0.000000, 0.000000]
  MODEL_COUNTS(s,a,*):  [0.000, 17.349, 0.283, 0.000, 0.000, 0.000, 0.000, 0.000, 0.000, 0.000, 0.000, 0.000, 0.000, 0.000, 0.000, 0.000, 0.000, 0.000, 0.000, 0.000, 0.000, 0.000]
  MODEL_REWARDS(s,a,*): [0.000, 0.000, 0.000, 0.000, 0.000, 0.000, 0.000, 0.000, 0.000, 0.000, 0.000, 0.000, 0.000, 0.000, 0.000, 0.000, 0.000, 0.000, 0.000, 0.000, 0.000, 0.000]
----------------------------------------
[DEBUG] Beta=1.0 Phase=addiction Step=482
  State: 1 -> Action: ag -> Next: 0 (Reward: 0.0)
  Q_MF:  [0.022326, 0.028391, 0.051732, 0.034734, 0.056481, 0.000000, 0.920918, 0.033592, 0.007193]
  Q_MB:  [0.809476, 0.728859, 0.809476, 0.809476, 0.809476, 0.809476, 0.899893, 0.809476, 0.809476]
  Q_MIX: [0.809476, 0.728859, 0.809476, 0.809476, 0.809476, 0.809476, 0.899893, 0.809476, 0.809476]
  MODEL_COUNTS(s,a,*):  [17.045, 0.010, 0.000, 0.000, 0.000, 0.000, 0.000, 0.000, 0.000, 0.000, 0.000, 0.000, 0.000, 0.000, 0.000, 0.000, 0.000, 0.000, 0.000, 0.000, 0.000, 0.000]
  MODEL_REWARDS(s,a,*): [0.000, 0.000, 0.000, 0.000, 0.000, 0.000, 0.000, 0.000, 0.000, 0.000, 0.000, 0.000, 0.000, 0.000, 0.000, 0.000, 0.000, 0.000, 0.000, 0.000, 0.000, 0.000]
----------------------------------------
[DEBUG] Beta=1.0 Phase=addiction Step=483
  State: 0 -> Action: ag -> Next: 3 (Reward: 1.0)
  Q_MF:  [0.038522, 0.052804, 0.058918, 0.039484, 0.045137, 0.090006, 1.215047, 0.000000, 0.000000]
  Q_MB:  [0.899947, 0.899947, 0.899947, 0.899947, 0.899947, 0.899947, 0.999941, 0.899947, 0.899947]
  Q_MIX: [0.899947, 0.899947, 0.899947, 0.899947, 0.899947, 0.899947, 0.999941, 0.899947, 0.899947]
  MODEL_COUNTS(s,a,*):  [0.009, 0.000, 0.000, 17.065, 0.000, 0.000, 0.000, 0.000, 0.000, 0.000, 0.000, 0.000, 0.000, 0.000, 0.000, 0.000, 0.000, 0.000, 0.000, 0.000, 0.000, 0.000]
  MODEL_REWARDS(s,a,*): [0.000, 0.000, 0.000, 17.065, 0.000, 0.000, 0.000, 0.000, 0.000, 0.000, 0.000, 0.000, 0.000, 0.000, 0.000, 0.000, 0.000, 0.000, 0.000, 0.000, 0.000, 0.000]
----------------------------------------
[DEBUG] Beta=1.0 Phase=addiction Step=484
  State: 3 -> Action: as3 -> Next: 2 (Reward: 0.0)
  Q_MF:  [0.040705, 0.424246, 0.076062, 0.010604, 0.028613, 0.033719, 0.034520, 0.051405, 0.057821]
  Q_MB:  [0.000000, 0.725697, 0.000000, 0.000000, 0.000000, 0.000000, 0.000000, 0.000000, 0.000000]
  Q_MIX: [0.000000, 0.725697, 0.000000, 0.000000, 0.000000, 0.000000, 0.000000, 0.000000, 0.000000]
  MODEL_COUNTS(s,a,*):  [0.000, 0.000, 18.517, 0.049, 0.000, 0.000, 0.000, 0.000, 0.000, 0.000, 0.000, 0.000, 0.000, 0.000, 0.000, 0.000, 0.000, 0.000, 0.000, 0.000, 0.000, 0.000]
  MODEL_REWARDS(s,a,*): [0.000, 0.000, 0.000, 0.000, 0.000, 0.000, 0.000, 0.000, 0.000, 0.000, 0.000, 0.000, 0.000, 0.000, 0.000, 0.000, 0.000, 0.000, 0.000, 0.000, 0.000, 0.000]
----------------------------------------
[DEBUG] Beta=1.0 Phase=addiction Step=485
  State: 2 -> Action: as3 -> Next: 2 (Reward: 0.0)
  Q_MF:  [0.654481, 0.020586, 0.035017, 0.077705, 0.040501, 0.054714, 0.050064, 0.009865, 0.048247]
  Q_MB:  [0.000000, 0.000000, 0.000000, 0.000000, 0.000000, 0.000000, 0.000000, 0.000000, 0.000000]
  Q_MIX: [0.000000, 0.000000, 0.000000, 0.000000, 0.000000, 0.000000, 0.000000, 0.000000, 0.000000]
  MODEL_COUNTS(s,a,*):  [0.000, 0.000, 1.353, 0.000, 0.000, 0.000, 0.000, 0.000, 0.000, 0.000, 0.000, 0.000, 0.000, 0.000, 0.000, 0.000, 0.000, 0.000, 0.000, 0.000, 0.000, 0.000]
  MODEL_REWARDS(s,a,*): [0.000, 0.000, 0.000, 0.000, 0.000, 0.000, 0.000, 0.000, 0.000, 0.000, 0.000, 0.000, 0.000, 0.000, 0.000, 0.000, 0.000, 0.000, 0.000, 0.000, 0.000, 0.000]
----------------------------------------
[DEBUG] Beta=1.0 Phase=addiction Step=486
  State: 2 -> Action: ad -> Next: 2 (Reward: 0.0)
  Q_MF:  [0.654481, 0.049008, 0.035017, 0.077705, 0.040501, 0.054714, 0.050064, 0.009865, 0.048247]
  Q_MB:  [0.000000, 0.000000, 0.000000, 0.000000, 0.000000, 0.000000, 0.000000, 0.000000, 0.000000]
  Q_MIX: [0.000000, 0.000000, 0.000000, 0.000000, 0.000000, 0.000000, 0.000000, 0.000000, 0.000000]
  MODEL_COUNTS(s,a,*):  [0.000, 0.000, 1.092, 0.000, 0.000, 0.000, 0.000, 0.000, 0.000, 0.000, 0.000, 0.000, 0.000, 0.000, 0.000, 0.000, 0.000, 0.000, 0.000, 0.000, 0.000, 0.000]
  MODEL_REWARDS(s,a,*): [0.000, 0.000, 0.000, 0.000, 0.000, 0.000, 0.000, 0.000, 0.000, 0.000, 0.000, 0.000, 0.000, 0.000, 0.000, 0.000, 0.000, 0.000, 0.000, 0.000, 0.000, 0.000]
----------------------------------------
[DEBUG] Beta=1.0 Phase=addiction Step=487
  State: 2 -> Action: as2 -> Next: 1 (Reward: 0.0)
  Q_MF:  [0.654481, 0.049008, 0.035017, 0.077705, 0.040501, 0.054714, 0.050064, 0.038824, 0.048247]
  Q_MB:  [0.796509, 0.000000, 0.000000, 0.000000, 0.000000, 0.000000, 0.000000, 0.000000, 0.000000]
  Q_MIX: [0.796509, 0.000000, 0.000000, 0.000000, 0.000000, 0.000000, 0.000000, 0.000000, 0.000000]
  MODEL_COUNTS(s,a,*):  [0.000, 17.334, 0.267, 0.000, 0.000, 0.000, 0.000, 0.000, 0.000, 0.000, 0.000, 0.000, 0.000, 0.000, 0.000, 0.000, 0.000, 0.000, 0.000, 0.000, 0.000, 0.000]
  MODEL_REWARDS(s,a,*): [0.000, 0.000, 0.000, 0.000, 0.000, 0.000, 0.000, 0.000, 0.000, 0.000, 0.000, 0.000, 0.000, 0.000, 0.000, 0.000, 0.000, 0.000, 0.000, 0.000, 0.000, 0.000]
----------------------------------------
[DEBUG] Beta=1.0 Phase=addiction Step=488
  State: 1 -> Action: ag -> Next: 0 (Reward: 0.0)
  Q_MF:  [0.022326, 0.028391, 0.051732, 0.034734, 0.056481, 0.000000, 0.929549, 0.033592, 0.007193]
  Q_MB:  [0.000000, 0.000000, 0.000000, 0.000000, 0.000000, 0.000000, 0.899447, 0.000000, 0.000000]
  Q_MIX: [0.000000, 0.000000, 0.000000, 0.000000, 0.000000, 0.000000, 0.899447, 0.000000, 0.000000]
  MODEL_COUNTS(s,a,*):  [17.048, 0.009, 0.000, 0.000, 0.000, 0.000, 0.000, 0.000, 0.000, 0.000, 0.000, 0.000, 0.000, 0.000, 0.000, 0.000, 0.000, 0.000, 0.000, 0.000, 0.000, 0.000]
  MODEL_REWARDS(s,a,*): [0.000, 0.000, 0.000, 0.000, 0.000, 0.000, 0.000, 0.000, 0.000, 0.000, 0.000, 0.000, 0.000, 0.000, 0.000, 0.000, 0.000, 0.000, 0.000, 0.000, 0.000, 0.000]
----------------------------------------
[DEBUG] Beta=1.0 Phase=addiction Step=489
  State: 0 -> Action: ag -> Next: 3 (Reward: 1.0)
  Q_MF:  [0.038522, 0.052804, 0.058918, 0.039484, 0.045137, 0.090006, 1.223386, 0.000000, 0.000000]
  Q_MB:  [0.899503, 0.899503, 0.899503, 0.899503, 0.899503, 0.899503, 0.999944, 0.899503, 0.899503]
  Q_MIX: [0.899503, 0.899503, 0.899503, 0.899503, 0.899503, 0.899503, 0.999944, 0.899503, 0.899503]
  MODEL_COUNTS(s,a,*):  [0.009, 0.000, 0.000, 17.066, 0.000, 0.000, 0.000, 0.000, 0.000, 0.000, 0.000, 0.000, 0.000, 0.000, 0.000, 0.000, 0.000, 0.000, 0.000, 0.000, 0.000, 0.000]
  MODEL_REWARDS(s,a,*): [0.000, 0.000, 0.000, 17.066, 0.000, 0.000, 0.000, 0.000, 0.000, 0.000, 0.000, 0.000, 0.000, 0.000, 0.000, 0.000, 0.000, 0.000, 0.000, 0.000, 0.000, 0.000]
----------------------------------------
[DEBUG] Beta=1.0 Phase=addiction Step=490
  State: 3 -> Action: as3 -> Next: 2 (Reward: 0.0)
  Q_MF:  [0.040705, 0.432485, 0.076062, 0.010604, 0.028613, 0.033719, 0.034520, 0.051405, 0.057821]
  Q_MB:  [0.000000, 0.725538, 0.000000, 0.000000, 0.000000, 0.000000, 0.000000, 0.000000, 0.000000]
  Q_MIX: [0.000000, 0.725538, 0.000000, 0.000000, 0.000000, 0.000000, 0.000000, 0.000000, 0.000000]
  MODEL_COUNTS(s,a,*):  [0.000, 0.000, 18.433, 0.046, 0.000, 0.000, 0.000, 0.000, 0.000, 0.000, 0.000, 0.000, 0.000, 0.000, 0.000, 0.000, 0.000, 0.000, 0.000, 0.000, 0.000, 0.000]
  MODEL_REWARDS(s,a,*): [0.000, 0.000, 0.000, 0.000, 0.000, 0.000, 0.000, 0.000, 0.000, 0.000, 0.000, 0.000, 0.000, 0.000, 0.000, 0.000, 0.000, 0.000, 0.000, 0.000, 0.000, 0.000]
----------------------------------------
[DEBUG] Beta=1.0 Phase=addiction Step=491
  State: 2 -> Action: as2 -> Next: 1 (Reward: 0.0)
  Q_MF:  [0.663586, 0.049008, 0.035017, 0.077705, 0.040501, 0.054714, 0.050064, 0.038824, 0.048247]
  Q_MB:  [0.808669, 0.727665, 0.655147, 0.727665, 0.727665, 0.727665, 0.727665, 0.727665, 0.727665]
  Q_MIX: [0.808669, 0.727665, 0.655147, 0.727665, 0.727665, 0.727665, 0.727665, 0.727665, 0.727665]
  MODEL_COUNTS(s,a,*):  [0.000, 17.651, 0.256, 0.000, 0.000, 0.000, 0.000, 0.000, 0.000, 0.000, 0.000, 0.000, 0.000, 0.000, 0.000, 0.000, 0.000, 0.000, 0.000, 0.000, 0.000, 0.000]
  MODEL_REWARDS(s,a,*): [0.000, 0.000, 0.000, 0.000, 0.000, 0.000, 0.000, 0.000, 0.000, 0.000, 0.000, 0.000, 0.000, 0.000, 0.000, 0.000, 0.000, 0.000, 0.000, 0.000, 0.000, 0.000]
----------------------------------------
[DEBUG] Beta=1.0 Phase=addiction Step=492
  State: 1 -> Action: ag -> Next: 0 (Reward: 0.0)
  Q_MF:  [0.022326, 0.028391, 0.051732, 0.034734, 0.056481, 0.000000, 0.938124, 0.033592, 0.007193]
  Q_MB:  [0.809532, 0.720014, 0.809532, 0.809532, 0.809532, 0.809532, 0.899905, 0.809532, 0.809532]
  Q_MIX: [0.809532, 0.720014, 0.809532, 0.809532, 0.809532, 0.809532, 0.899905, 0.809532, 0.809532]
  MODEL_COUNTS(s,a,*):  [17.376, 0.009, 0.000, 0.000, 0.000, 0.000, 0.000, 0.000, 0.000, 0.000, 0.000, 0.000, 0.000, 0.000, 0.000, 0.000, 0.000, 0.000, 0.000, 0.000, 0.000, 0.000]
  MODEL_REWARDS(s,a,*): [0.000, 0.000, 0.000, 0.000, 0.000, 0.000, 0.000, 0.000, 0.000, 0.000, 0.000, 0.000, 0.000, 0.000, 0.000, 0.000, 0.000, 0.000, 0.000, 0.000, 0.000, 0.000]
----------------------------------------
[DEBUG] Beta=1.0 Phase=addiction Step=493
  State: 0 -> Action: ag -> Next: 3 (Reward: 1.0)
  Q_MF:  [0.038522, 0.052804, 0.058918, 0.039484, 0.045137, 0.090006, 1.231678, 0.000000, 0.000000]
  Q_MB:  [0.899532, 0.899532, 0.899532, 0.899532, 0.899532, 0.899532, 0.999948, 0.899532, 0.899532]
  Q_MIX: [0.899532, 0.899532, 0.899532, 0.899532, 0.899532, 0.899532, 0.999948, 0.899532, 0.899532]
  MODEL_COUNTS(s,a,*):  [0.009, 0.000, 0.000, 17.394, 0.000, 0.000, 0.000, 0.000, 0.000, 0.000, 0.000, 0.000, 0.000, 0.000, 0.000, 0.000, 0.000, 0.000, 0.000, 0.000, 0.000, 0.000]
  MODEL_REWARDS(s,a,*): [0.000, 0.000, 0.000, 17.394, 0.000, 0.000, 0.000, 0.000, 0.000, 0.000, 0.000, 0.000, 0.000, 0.000, 0.000, 0.000, 0.000, 0.000, 0.000, 0.000, 0.000, 0.000]
----------------------------------------
[DEBUG] Beta=1.0 Phase=addiction Step=494
  State: 3 -> Action: as3 -> Next: 2 (Reward: 0.0)
  Q_MF:  [0.040705, 0.440722, 0.076062, 0.010604, 0.028613, 0.033719, 0.034520, 0.051405, 0.057821]
  Q_MB:  [0.645039, 0.718322, 0.645039, 0.001594, 0.645039, 0.645039, 0.645039, 0.645039, 0.645039]
  Q_MIX: [0.645039, 0.718322, 0.645039, 0.001594, 0.645039, 0.645039, 0.645039, 0.645039, 0.645039]
  MODEL_COUNTS(s,a,*):  [0.000, 0.000, 18.707, 0.044, 0.000, 0.000, 0.000, 0.000, 0.000, 0.000, 0.000, 0.000, 0.000, 0.000, 0.000, 0.000, 0.000, 0.000, 0.000, 0.000, 0.000, 0.000]
  MODEL_REWARDS(s,a,*): [0.000, 0.000, 0.000, 0.000, 0.000, 0.000, 0.000, 0.000, 0.000, 0.000, 0.000, 0.000, 0.000, 0.000, 0.000, 0.000, 0.000, 0.000, 0.000, 0.000, 0.000, 0.000]
----------------------------------------
[DEBUG] Beta=1.0 Phase=addiction Step=495
  State: 2 -> Action: as2 -> Next: 1 (Reward: 0.0)
  Q_MF:  [0.672623, 0.049008, 0.035017, 0.077705, 0.040501, 0.054714, 0.050064, 0.038824, 0.048247]
  Q_MB:  [0.808252, 0.718185, 0.004070, 0.718185, 0.718185, 0.718185, 0.718185, 0.718185, 0.718185]
  Q_MIX: [0.808252, 0.718185, 0.004070, 0.718185, 0.718185, 0.718185, 0.718185, 0.718185, 0.718185]
  MODEL_COUNTS(s,a,*):  [0.000, 17.955, 0.246, 0.000, 0.000, 0.000, 0.000, 0.000, 0.000, 0.000, 0.000, 0.000, 0.000, 0.000, 0.000, 0.000, 0.000, 0.000, 0.000, 0.000, 0.000, 0.000]
  MODEL_REWARDS(s,a,*): [0.000, 0.000, 0.000, 0.000, 0.000, 0.000, 0.000, 0.000, 0.000, 0.000, 0.000, 0.000, 0.000, 0.000, 0.000, 0.000, 0.000, 0.000, 0.000, 0.000, 0.000, 0.000]
----------------------------------------
[DEBUG] Beta=1.0 Phase=addiction Step=496
  State: 1 -> Action: ag -> Next: 0 (Reward: 0.0)
  Q_MF:  [0.022326, 0.028391, 0.051732, 0.034734, 0.056481, 0.000000, 0.946644, 0.033592, 0.007193]
  Q_MB:  [0.809920, 0.720606, 0.809920, 0.809920, 0.809920, 0.809920, 0.899911, 0.809920, 0.809920]
  Q_MIX: [0.809920, 0.720606, 0.809920, 0.809920, 0.809920, 0.809920, 0.899911, 0.809920, 0.809920]
  MODEL_COUNTS(s,a,*):  [17.692, 0.008, 0.000, 0.000, 0.000, 0.000, 0.000, 0.000, 0.000, 0.000, 0.000, 0.000, 0.000, 0.000, 0.000, 0.000, 0.000, 0.000, 0.000, 0.000, 0.000, 0.000]
  MODEL_REWARDS(s,a,*): [0.000, 0.000, 0.000, 0.000, 0.000, 0.000, 0.000, 0.000, 0.000, 0.000, 0.000, 0.000, 0.000, 0.000, 0.000, 0.000, 0.000, 0.000, 0.000, 0.000, 0.000, 0.000]
----------------------------------------
[DEBUG] Beta=1.0 Phase=addiction Step=497
  State: 0 -> Action: ag -> Next: 3 (Reward: 1.0)
  Q_MF:  [0.038522, 0.052804, 0.058918, 0.039484, 0.045137, 0.090006, 1.239927, 0.000000, 0.000000]
  Q_MB:  [0.899956, 0.899956, 0.899956, 0.899956, 0.899956, 0.899956, 0.999951, 0.899956, 0.899956]
  Q_MIX: [0.899956, 0.899956, 0.899956, 0.899956, 0.899956, 0.899956, 0.999951, 0.899956, 0.899956]
  MODEL_COUNTS(s,a,*):  [0.008, 0.000, 0.000, 17.709, 0.000, 0.000, 0.000, 0.000, 0.000, 0.000, 0.000, 0.000, 0.000, 0.000, 0.000, 0.000, 0.000, 0.000, 0.000, 0.000, 0.000, 0.000]
  MODEL_REWARDS(s,a,*): [0.000, 0.000, 0.000, 17.709, 0.000, 0.000, 0.000, 0.000, 0.000, 0.000, 0.000, 0.000, 0.000, 0.000, 0.000, 0.000, 0.000, 0.000, 0.000, 0.000, 0.000, 0.000]
----------------------------------------
[DEBUG] Beta=1.0 Phase=addiction Step=498
  State: 3 -> Action: as3 -> Next: 2 (Reward: 0.0)
  Q_MF:  [0.040705, 0.448954, 0.076062, 0.010604, 0.028613, 0.033719, 0.034520, 0.051405, 0.057821]
  Q_MB:  [0.000000, 0.725800, 0.000000, 0.000000, 0.000000, 0.000000, 0.000000, 0.000000, 0.000000]
  Q_MIX: [0.000000, 0.725800, 0.000000, 0.000000, 0.000000, 0.000000, 0.000000, 0.000000, 0.000000]
  MODEL_COUNTS(s,a,*):  [0.000, 0.000, 18.970, 0.043, 0.000, 0.000, 0.000, 0.000, 0.000, 0.000, 0.000, 0.000, 0.000, 0.000, 0.000, 0.000, 0.000, 0.000, 0.000, 0.000, 0.000, 0.000]
  MODEL_REWARDS(s,a,*): [0.000, 0.000, 0.000, 0.000, 0.000, 0.000, 0.000, 0.000, 0.000, 0.000, 0.000, 0.000, 0.000, 0.000, 0.000, 0.000, 0.000, 0.000, 0.000, 0.000, 0.000, 0.000]
----------------------------------------
[DEBUG] Beta=1.0 Phase=addiction Step=499
  State: 2 -> Action: as2 -> Next: 1 (Reward: 0.0)
  Q_MF:  [0.681590, 0.049008, 0.035017, 0.077705, 0.040501, 0.054714, 0.050064, 0.038824, 0.048247]
  Q_MB:  [0.808815, 0.727823, 0.647213, 0.727823, 0.727823, 0.727823, 0.727823, 0.727823, 0.727823]
  Q_MIX: [0.808815, 0.727823, 0.647213, 0.727823, 0.727823, 0.727823, 0.727823, 0.727823, 0.727823]
  MODEL_COUNTS(s,a,*):  [0.000, 18.248, 0.236, 0.000, 0.000, 0.000, 0.000, 0.000, 0.000, 0.000, 0.000, 0.000, 0.000, 0.000, 0.000, 0.000, 0.000, 0.000, 0.000, 0.000, 0.000, 0.000]
  MODEL_REWARDS(s,a,*): [0.000, 0.000, 0.000, 0.000, 0.000, 0.000, 0.000, 0.000, 0.000, 0.000, 0.000, 0.000, 0.000, 0.000, 0.000, 0.000, 0.000, 0.000, 0.000, 0.000, 0.000, 0.000]
----------------------------------------
[DEBUG] Beta=1.0 Phase=addiction Step=500
  State: 1 -> Action: ag -> Next: 0 (Reward: 0.0)
  Q_MF:  [0.022326, 0.028391, 0.051732, 0.034734, 0.056481, 0.000000, 0.955108, 0.033592, 0.007193]
  Q_MB:  [0.809247, 0.720843, 0.809247, 0.809247, 0.809247, 0.809247, 0.899542, 0.809247, 0.809247]
  Q_MIX: [0.809247, 0.720843, 0.809247, 0.809247, 0.809247, 0.809247, 0.899542, 0.809247, 0.809247]
  MODEL_COUNTS(s,a,*):  [17.994, 0.008, 0.000, 0.000, 0.000, 0.000, 0.000, 0.000, 0.000, 0.000, 0.000, 0.000, 0.000, 0.000, 0.000, 0.000, 0.000, 0.000, 0.000, 0.000, 0.000, 0.000]
  MODEL_REWARDS(s,a,*): [0.000, 0.000, 0.000, 0.000, 0.000, 0.000, 0.000, 0.000, 0.000, 0.000, 0.000, 0.000, 0.000, 0.000, 0.000, 0.000, 0.000, 0.000, 0.000, 0.000, 0.000, 0.000]
----------------------------------------
[DEBUG] Beta=1.0 Phase=addiction Step=501
  State: 0 -> Action: ag -> Next: 3 (Reward: 1.0)
  Q_MF:  [0.038522, 0.052804, 0.058918, 0.039484, 0.045137, 0.090006, 1.248133, 0.000000, 0.000000]
  Q_MB:  [1.481273, 1.481273, 1.481273, 1.481273, 1.481273, 1.481273, 1.646127, 1.481273, 1.481273]
  Q_MIX: [1.481273, 1.481273, 1.481273, 1.481273, 1.481273, 1.481273, 1.646127, 1.481273, 1.481273]
  MODEL_COUNTS(s,a,*):  [0.008, 0.000, 0.000, 18.011, 0.000, 0.000, 0.000, 0.000, 0.000, 0.000, 0.000, 0.000, 0.000, 0.000, 0.000, 0.000, 0.000, 0.000, 0.000, 0.000, 0.000, 0.000]
  MODEL_REWARDS(s,a,*): [0.000, 0.000, 0.000, 18.011, 0.000, 0.000, 0.000, 0.000, 0.000, 0.000, 0.000, 0.000, 0.000, 0.000, 0.000, 0.000, 0.000, 0.000, 0.000, 0.000, 0.000, 0.000]
----------------------------------------
[DEBUG] Beta=1.0 Phase=addiction Step=502
  State: 3 -> Action: as3 -> Next: 2 (Reward: 0.0)
  Q_MF:  [0.040705, 0.457178, 0.076062, 0.010604, 0.028613, 0.033719, 0.034520, 0.051405, 0.057821]
  Q_MB:  [0.653639, 0.727730, 0.653639, 0.001615, 0.653639, 0.653639, 0.653639, 0.653639, 0.653639]
  Q_MIX: [0.653639, 0.727730, 0.653639, 0.001615, 0.653639, 0.653639, 0.653639, 0.653639, 0.653639]
  MODEL_COUNTS(s,a,*):  [0.000, 0.000, 19.223, 0.041, 0.000, 0.000, 0.000, 0.000, 0.000, 0.000, 0.000, 0.000, 0.000, 0.000, 0.000, 0.000, 0.000, 0.000, 0.000, 0.000, 0.000, 0.000]
  MODEL_REWARDS(s,a,*): [0.000, 0.000, 0.000, 0.000, 0.000, 0.000, 0.000, 0.000, 0.000, 0.000, 0.000, 0.000, 0.000, 0.000, 0.000, 0.000, 0.000, 0.000, 0.000, 0.000, 0.000, 0.000]
----------------------------------------
[DEBUG] Beta=1.0 Phase=addiction Step=503
  State: 2 -> Action: as2 -> Next: 1 (Reward: 0.0)
  Q_MF:  [0.690491, 0.049008, 0.035017, 0.077705, 0.040501, 0.054714, 0.050064, 0.038824, 0.048247]
  Q_MB:  [0.808135, 0.719050, 0.004075, 0.719050, 0.719050, 0.719050, 0.719050, 0.719050, 0.719050]
  Q_MIX: [0.808135, 0.719050, 0.004075, 0.719050, 0.719050, 0.719050, 0.719050, 0.719050, 0.719050]
  MODEL_COUNTS(s,a,*):  [0.000, 18.529, 0.227, 0.000, 0.000, 0.000, 0.000, 0.000, 0.000, 0.000, 0.000, 0.000, 0.000, 0.000, 0.000, 0.000, 0.000, 0.000, 0.000, 0.000, 0.000, 0.000]
  MODEL_REWARDS(s,a,*): [0.000, 0.000, 0.000, 0.000, 0.000, 0.000, 0.000, 0.000, 0.000, 0.000, 0.000, 0.000, 0.000, 0.000, 0.000, 0.000, 0.000, 0.000, 0.000, 0.000, 0.000, 0.000]
----------------------------------------
[DEBUG] Beta=1.0 Phase=addiction Step=504
  State: 1 -> Action: ag -> Next: 0 (Reward: 0.0)
  Q_MF:  [0.022326, 0.028391, 0.051732, 0.034734, 0.056481, 0.000000, 0.963519, 0.033592, 0.007193]
  Q_MB:  [0.809610, 0.729134, 0.809610, 0.809610, 0.809610, 0.809610, 1.487332, 0.809610, 0.809610]
  Q_MIX: [0.809610, 0.729134, 0.809610, 0.809610, 0.809610, 0.809610, 1.487332, 0.809610, 0.809610]
  MODEL_COUNTS(s,a,*):  [18.285, 0.008, 0.000, 0.000, 0.000, 0.000, 0.000, 0.000, 0.000, 0.000, 0.000, 0.000, 0.000, 0.000, 0.000, 0.000, 0.000, 0.000, 0.000, 0.000, 0.000, 0.000]
  MODEL_REWARDS(s,a,*): [0.000, 0.000, 0.000, 0.000, 0.000, 0.000, 0.000, 0.000, 0.000, 0.000, 0.000, 0.000, 0.000, 0.000, 0.000, 0.000, 0.000, 0.000, 0.000, 0.000, 0.000, 0.000]
----------------------------------------
[DEBUG] Beta=1.0 Phase=addiction Step=505
  State: 0 -> Action: ag -> Next: 3 (Reward: 1.0)
  Q_MF:  [0.038522, 0.052804, 0.058918, 0.039484, 0.045137, 0.090006, 1.256300, 0.000000, 0.000000]
  Q_MB:  [0.899607, 0.899607, 0.899607, 0.899607, 0.899607, 0.899607, 0.999956, 0.899607, 0.899607]
  Q_MIX: [0.899607, 0.899607, 0.899607, 0.899607, 0.899607, 0.899607, 0.999956, 0.899607, 0.899607]
  MODEL_COUNTS(s,a,*):  [0.008, 0.000, 0.000, 18.301, 0.000, 0.000, 0.000, 0.000, 0.000, 0.000, 0.000, 0.000, 0.000, 0.000, 0.000, 0.000, 0.000, 0.000, 0.000, 0.000, 0.000, 0.000]
  MODEL_REWARDS(s,a,*): [0.000, 0.000, 0.000, 18.301, 0.000, 0.000, 0.000, 0.000, 0.000, 0.000, 0.000, 0.000, 0.000, 0.000, 0.000, 0.000, 0.000, 0.000, 0.000, 0.000, 0.000, 0.000]
----------------------------------------
[DEBUG] Beta=1.0 Phase=addiction Step=506
  State: 3 -> Action: as3 -> Next: 2 (Reward: 0.0)
  Q_MF:  [0.040705, 0.465391, 0.076062, 0.010604, 0.028613, 0.033719, 0.034520, 0.051405, 0.057821]
  Q_MB:  [0.646730, 0.727789, 0.646730, 0.580804, 0.646730, 0.646730, 0.646730, 0.646730, 0.646730]
  Q_MIX: [0.646730, 0.727789, 0.646730, 0.580804, 0.646730, 0.646730, 0.646730, 0.646730, 0.646730]
  MODEL_COUNTS(s,a,*):  [0.000, 0.000, 19.465, 0.039, 0.000, 0.000, 0.000, 0.000, 0.000, 0.000, 0.000, 0.000, 0.000, 0.000, 0.000, 0.000, 0.000, 0.000, 0.000, 0.000, 0.000, 0.000]
  MODEL_REWARDS(s,a,*): [0.000, 0.000, 0.000, 0.000, 0.000, 0.000, 0.000, 0.000, 0.000, 0.000, 0.000, 0.000, 0.000, 0.000, 0.000, 0.000, 0.000, 0.000, 0.000, 0.000, 0.000, 0.000]
----------------------------------------
[DEBUG] Beta=1.0 Phase=addiction Step=507
  State: 2 -> Action: as2 -> Next: 1 (Reward: 0.0)
  Q_MF:  [0.699325, 0.049008, 0.035017, 0.077705, 0.040501, 0.054714, 0.050064, 0.038824, 0.048247]
  Q_MB:  [0.808846, 0.720119, 0.004081, 0.720119, 0.720119, 0.720119, 0.720119, 0.720119, 0.720119]
  Q_MIX: [0.808846, 0.720119, 0.004081, 0.720119, 0.720119, 0.720119, 0.720119, 0.720119, 0.720119]
  MODEL_COUNTS(s,a,*):  [0.000, 18.799, 0.218, 0.000, 0.000, 0.000, 0.000, 0.000, 0.000, 0.000, 0.000, 0.000, 0.000, 0.000, 0.000, 0.000, 0.000, 0.000, 0.000, 0.000, 0.000, 0.000]
  MODEL_REWARDS(s,a,*): [0.000, 0.000, 0.000, 0.000, 0.000, 0.000, 0.000, 0.000, 0.000, 0.000, 0.000, 0.000, 0.000, 0.000, 0.000, 0.000, 0.000, 0.000, 0.000, 0.000, 0.000, 0.000]
----------------------------------------
[DEBUG] Beta=1.0 Phase=addiction Step=508
  State: 1 -> Action: as7 -> Next: 1 (Reward: 0.0)
  Q_MF:  [0.022326, 0.028391, 0.051732, 0.034734, 0.056481, 0.000000, 0.971876, 0.033592, 0.007193]
  Q_MB:  [0.809327, 0.016414, 0.809327, 0.809327, 0.809327, 0.809327, 0.899925, 0.809327, 0.809327]
  Q_MIX: [0.809327, 0.016414, 0.809327, 0.809327, 0.809327, 0.809327, 0.899925, 0.809327, 0.809327]
  MODEL_COUNTS(s,a,*):  [0.000, 1.012, 0.000, 0.000, 0.000, 0.000, 0.000, 0.000, 0.000, 0.000, 0.000, 0.000, 0.000, 0.000, 0.000, 0.000, 0.000, 0.000, 0.000, 0.000, 0.000, 0.000]
  MODEL_REWARDS(s,a,*): [0.000, 0.000, 0.000, 0.000, 0.000, 0.000, 0.000, 0.000, 0.000, 0.000, 0.000, 0.000, 0.000, 0.000, 0.000, 0.000, 0.000, 0.000, 0.000, 0.000, 0.000, 0.000]
----------------------------------------
[DEBUG] Beta=1.0 Phase=addiction Step=509
  State: 1 -> Action: ag -> Next: 0 (Reward: 0.0)
  Q_MF:  [0.022326, 0.028391, 0.051732, 0.034734, 0.056481, 0.043734, 0.971876, 0.033592, 0.007193]
  Q_MB:  [0.809933, 0.729679, 0.809933, 0.809933, 0.809933, 0.809933, 0.899925, 0.809933, 0.809933]
  Q_MIX: [0.809933, 0.729679, 0.809933, 0.809933, 0.809933, 0.809933, 0.899925, 0.809933, 0.809933]
  MODEL_COUNTS(s,a,*):  [18.389, 0.007, 0.000, 0.000, 0.000, 0.000, 0.000, 0.000, 0.000, 0.000, 0.000, 0.000, 0.000, 0.000, 0.000, 0.000, 0.000, 0.000, 0.000, 0.000, 0.000, 0.000]
  MODEL_REWARDS(s,a,*): [0.000, 0.000, 0.000, 0.000, 0.000, 0.000, 0.000, 0.000, 0.000, 0.000, 0.000, 0.000, 0.000, 0.000, 0.000, 0.000, 0.000, 0.000, 0.000, 0.000, 0.000, 0.000]
----------------------------------------
[DEBUG] Beta=1.0 Phase=addiction Step=510
  State: 0 -> Action: ag -> Next: 3 (Reward: 1.0)
  Q_MF:  [0.038522, 0.052804, 0.058918, 0.039484, 0.045137, 0.090006, 1.264427, 0.000000, 0.000000]
  Q_MB:  [0.899963, 0.899963, 0.899963, 0.899963, 0.899963, 0.899963, 0.999959, 0.899963, 0.899963]
  Q_MIX: [0.899963, 0.899963, 0.899963, 0.899963, 0.899963, 0.899963, 0.999959, 0.899963, 0.899963]
  MODEL_COUNTS(s,a,*):  [0.007, 0.000, 0.000, 18.404, 0.000, 0.000, 0.000, 0.000, 0.000, 0.000, 0.000, 0.000, 0.000, 0.000, 0.000, 0.000, 0.000, 0.000, 0.000, 0.000, 0.000, 0.000]
  MODEL_REWARDS(s,a,*): [0.000, 0.000, 0.000, 18.404, 0.000, 0.000, 0.000, 0.000, 0.000, 0.000, 0.000, 0.000, 0.000, 0.000, 0.000, 0.000, 0.000, 0.000, 0.000, 0.000, 0.000, 0.000]
----------------------------------------
[DEBUG] Beta=1.0 Phase=addiction Step=511
  State: 3 -> Action: as3 -> Next: 2 (Reward: 0.0)
  Q_MF:  [0.040705, 0.473591, 0.076062, 0.010604, 0.028613, 0.033719, 0.034520, 0.051405, 0.057821]
  Q_MB:  [0.000000, 0.726553, 0.000000, 0.000000, 0.000000, 0.000000, 0.000000, 0.000000, 0.000000]
  Q_MIX: [0.000000, 0.726553, 0.000000, 0.000000, 0.000000, 0.000000, 0.000000, 0.000000, 0.000000]
  MODEL_COUNTS(s,a,*):  [0.000, 0.000, 19.511, 0.037, 0.000, 0.000, 0.000, 0.000, 0.000, 0.000, 0.000, 0.000, 0.000, 0.000, 0.000, 0.000, 0.000, 0.000, 0.000, 0.000, 0.000, 0.000]
  MODEL_REWARDS(s,a,*): [0.000, 0.000, 0.000, 0.000, 0.000, 0.000, 0.000, 0.000, 0.000, 0.000, 0.000, 0.000, 0.000, 0.000, 0.000, 0.000, 0.000, 0.000, 0.000, 0.000, 0.000, 0.000]
----------------------------------------
[DEBUG] Beta=1.0 Phase=addiction Step=512
  State: 2 -> Action: as2 -> Next: 1 (Reward: 0.0)
  Q_MF:  [0.708093, 0.049008, 0.035017, 0.077705, 0.040501, 0.054714, 0.050064, 0.038824, 0.048247]
  Q_MB:  [0.800651, 0.000000, 0.000000, 0.000000, 0.000000, 0.000000, 0.000000, 0.000000, 0.000000]
  Q_MIX: [0.800651, 0.000000, 0.000000, 0.000000, 0.000000, 0.000000, 0.000000, 0.000000, 0.000000]
  MODEL_COUNTS(s,a,*):  [0.000, 18.877, 0.207, 0.000, 0.000, 0.000, 0.000, 0.000, 0.000, 0.000, 0.000, 0.000, 0.000, 0.000, 0.000, 0.000, 0.000, 0.000, 0.000, 0.000, 0.000, 0.000]
  MODEL_REWARDS(s,a,*): [0.000, 0.000, 0.000, 0.000, 0.000, 0.000, 0.000, 0.000, 0.000, 0.000, 0.000, 0.000, 0.000, 0.000, 0.000, 0.000, 0.000, 0.000, 0.000, 0.000, 0.000, 0.000]
----------------------------------------
[DEBUG] Beta=1.0 Phase=addiction Step=513
  State: 1 -> Action: ag -> Next: 0 (Reward: 0.0)
  Q_MF:  [0.022326, 0.028391, 0.051732, 0.034734, 0.056481, 0.043734, 0.980182, 0.033592, 0.007193]
  Q_MB:  [0.809936, 0.729797, 0.809936, 0.809936, 0.809936, 0.809936, 1.489349, 0.809936, 0.809936]
  Q_MIX: [0.809936, 0.729797, 0.809936, 0.809936, 0.809936, 0.809936, 1.489349, 0.809936, 0.809936]
  MODEL_COUNTS(s,a,*):  [18.665, 0.007, 0.000, 0.000, 0.000, 0.000, 0.000, 0.000, 0.000, 0.000, 0.000, 0.000, 0.000, 0.000, 0.000, 0.000, 0.000, 0.000, 0.000, 0.000, 0.000, 0.000]
  MODEL_REWARDS(s,a,*): [0.000, 0.000, 0.000, 0.000, 0.000, 0.000, 0.000, 0.000, 0.000, 0.000, 0.000, 0.000, 0.000, 0.000, 0.000, 0.000, 0.000, 0.000, 0.000, 0.000, 0.000, 0.000]
----------------------------------------
[DEBUG] Beta=1.0 Phase=addiction Step=514
  State: 0 -> Action: ag -> Next: 3 (Reward: 1.0)
  Q_MF:  [0.038522, 0.052804, 0.058918, 0.039484, 0.045137, 0.090006, 1.272518, 0.000000, 0.000000]
  Q_MB:  [0.899649, 0.899649, 0.899649, 0.899649, 0.899649, 0.899649, 0.999961, 0.899649, 0.899649]
  Q_MIX: [0.899649, 0.899649, 0.899649, 0.899649, 0.899649, 0.899649, 0.999961, 0.899649, 0.899649]
  MODEL_COUNTS(s,a,*):  [0.007, 0.000, 0.000, 18.679, 0.000, 0.000, 0.000, 0.000, 0.000, 0.000, 0.000, 0.000, 0.000, 0.000, 0.000, 0.000, 0.000, 0.000, 0.000, 0.000, 0.000, 0.000]
  MODEL_REWARDS(s,a,*): [0.000, 0.000, 0.000, 18.679, 0.000, 0.000, 0.000, 0.000, 0.000, 0.000, 0.000, 0.000, 0.000, 0.000, 0.000, 0.000, 0.000, 0.000, 0.000, 0.000, 0.000, 0.000]
----------------------------------------
[DEBUG] Beta=1.0 Phase=addiction Step=515
  State: 3 -> Action: as3 -> Next: 2 (Reward: 0.0)
  Q_MF:  [0.040705, 0.481776, 0.076062, 0.010604, 0.028613, 0.033719, 0.034520, 0.051405, 0.057821]
  Q_MB:  [0.000000, 0.726681, 0.000000, 0.000000, 0.000000, 0.000000, 0.000000, 0.000000, 0.000000]
  Q_MIX: [0.000000, 0.726681, 0.000000, 0.000000, 0.000000, 0.000000, 0.000000, 0.000000, 0.000000]
  MODEL_COUNTS(s,a,*):  [0.000, 0.000, 19.742, 0.036, 0.000, 0.000, 0.000, 0.000, 0.000, 0.000, 0.000, 0.000, 0.000, 0.000, 0.000, 0.000, 0.000, 0.000, 0.000, 0.000, 0.000, 0.000]
  MODEL_REWARDS(s,a,*): [0.000, 0.000, 0.000, 0.000, 0.000, 0.000, 0.000, 0.000, 0.000, 0.000, 0.000, 0.000, 0.000, 0.000, 0.000, 0.000, 0.000, 0.000, 0.000, 0.000, 0.000, 0.000]
----------------------------------------
[DEBUG] Beta=1.0 Phase=addiction Step=516
  State: 2 -> Action: as2 -> Next: 1 (Reward: 0.0)
  Q_MF:  [0.716796, 0.049008, 0.035017, 0.077705, 0.040501, 0.054714, 0.050064, 0.038824, 0.048247]
  Q_MB:  [0.808974, 0.721027, 0.649214, 0.721027, 0.721027, 0.721027, 0.721027, 0.721027, 0.721027]
  Q_MIX: [0.808974, 0.721027, 0.649214, 0.721027, 0.721027, 0.721027, 0.721027, 0.721027, 0.721027]
  MODEL_COUNTS(s,a,*):  [0.000, 19.134, 0.199, 0.000, 0.000, 0.000, 0.000, 0.000, 0.000, 0.000, 0.000, 0.000, 0.000, 0.000, 0.000, 0.000, 0.000, 0.000, 0.000, 0.000, 0.000, 0.000]
  MODEL_REWARDS(s,a,*): [0.000, 0.000, 0.000, 0.000, 0.000, 0.000, 0.000, 0.000, 0.000, 0.000, 0.000, 0.000, 0.000, 0.000, 0.000, 0.000, 0.000, 0.000, 0.000, 0.000, 0.000, 0.000]
----------------------------------------
[DEBUG] Beta=1.0 Phase=addiction Step=517
  State: 1 -> Action: ag -> Next: 0 (Reward: 0.0)
  Q_MF:  [0.022326, 0.028391, 0.051732, 0.034734, 0.056481, 0.043734, 0.988436, 0.033592, 0.007193]
  Q_MB:  [0.809667, 0.722988, 0.809667, 0.809667, 0.809667, 0.809667, 0.899933, 0.809667, 0.809667]
  Q_MIX: [0.809667, 0.722988, 0.809667, 0.809667, 0.809667, 0.809667, 0.899933, 0.809667, 0.809667]
  MODEL_COUNTS(s,a,*):  [18.929, 0.007, 0.000, 0.000, 0.000, 0.000, 0.000, 0.000, 0.000, 0.000, 0.000, 0.000, 0.000, 0.000, 0.000, 0.000, 0.000, 0.000, 0.000, 0.000, 0.000, 0.000]
  MODEL_REWARDS(s,a,*): [0.000, 0.000, 0.000, 0.000, 0.000, 0.000, 0.000, 0.000, 0.000, 0.000, 0.000, 0.000, 0.000, 0.000, 0.000, 0.000, 0.000, 0.000, 0.000, 0.000, 0.000, 0.000]
----------------------------------------
[DEBUG] Beta=1.0 Phase=addiction Step=518
  State: 0 -> Action: ag -> Next: 3 (Reward: 1.0)
  Q_MF:  [0.038522, 0.052804, 0.058918, 0.039484, 0.045137, 0.090006, 1.280572, 0.000000, 0.000000]
  Q_MB:  [0.899667, 0.899667, 0.899667, 0.899667, 0.899667, 0.899667, 1.654686, 0.899667, 0.899667]
  Q_MIX: [0.899667, 0.899667, 0.899667, 0.899667, 0.899667, 0.899667, 1.654686, 0.899667, 0.899667]
  MODEL_COUNTS(s,a,*):  [0.007, 0.000, 0.000, 18.943, 0.000, 0.000, 0.000, 0.000, 0.000, 0.000, 0.000, 0.000, 0.000, 0.000, 0.000, 0.000, 0.000, 0.000, 0.000, 0.000, 0.000, 0.000]
  MODEL_REWARDS(s,a,*): [0.000, 0.000, 0.000, 18.943, 0.000, 0.000, 0.000, 0.000, 0.000, 0.000, 0.000, 0.000, 0.000, 0.000, 0.000, 0.000, 0.000, 0.000, 0.000, 0.000, 0.000, 0.000]
----------------------------------------
[DEBUG] Beta=1.0 Phase=addiction Step=519
  State: 3 -> Action: ad -> Next: 3 (Reward: 0.0)
  Q_MF:  [0.040705, 0.489943, 0.076062, 0.010604, 0.028613, 0.033719, 0.034520, 0.051405, 0.057821]
  Q_MB:  [0.000000, 0.000000, 0.000000, 0.000000, 0.000000, 0.000000, 0.000000, 0.000000, 0.000000]
  Q_MIX: [0.000000, 0.000000, 0.000000, 0.000000, 0.000000, 0.000000, 0.000000, 0.000000, 0.000000]
  MODEL_COUNTS(s,a,*):  [0.000, 0.000, 0.000, 2.500, 0.000, 0.000, 0.000, 0.000, 0.000, 0.000, 0.000, 0.000, 0.000, 0.000, 0.000, 0.000, 0.000, 0.000, 0.000, 0.000, 0.000, 0.000]
  MODEL_REWARDS(s,a,*): [0.000, 0.000, 0.000, 0.000, 0.000, 0.000, 0.000, 0.000, 0.000, 0.000, 0.000, 0.000, 0.000, 0.000, 0.000, 0.000, 0.000, 0.000, 0.000, 0.000, 0.000, 0.000]
----------------------------------------
[DEBUG] Beta=1.0 Phase=addiction Step=520
  State: 3 -> Action: as3 -> Next: 2 (Reward: 0.0)
  Q_MF:  [0.040705, 0.489943, 0.076062, 0.010604, 0.028613, 0.033719, 0.034520, 0.070882, 0.057821]
  Q_MB:  [0.653919, 0.727764, 0.653919, 0.001616, 0.653919, 0.653919, 0.653919, 0.653919, 0.653919]
  Q_MIX: [0.653919, 0.727764, 0.653919, 0.001616, 0.653919, 0.653919, 0.653919, 0.653919, 0.653919]
  MODEL_COUNTS(s,a,*):  [0.000, 0.000, 19.775, 0.034, 0.000, 0.000, 0.000, 0.000, 0.000, 0.000, 0.000, 0.000, 0.000, 0.000, 0.000, 0.000, 0.000, 0.000, 0.000, 0.000, 0.000, 0.000]
  MODEL_REWARDS(s,a,*): [0.000, 0.000, 0.000, 0.000, 0.000, 0.000, 0.000, 0.000, 0.000, 0.000, 0.000, 0.000, 0.000, 0.000, 0.000, 0.000, 0.000, 0.000, 0.000, 0.000, 0.000, 0.000]
----------------------------------------
[DEBUG] Beta=1.0 Phase=addiction Step=521
  State: 2 -> Action: as2 -> Next: 1 (Reward: 0.0)
  Q_MF:  [0.725436, 0.049008, 0.035017, 0.077705, 0.040501, 0.054714, 0.050064, 0.038824, 0.048247]
  Q_MB:  [0.808519, 0.720982, 0.648180, 0.720982, 0.720982, 0.720982, 0.720982, 0.720982, 0.720982]
  Q_MIX: [0.808519, 0.720982, 0.648180, 0.720982, 0.720982, 0.720982, 0.720982, 0.720982, 0.720982]
  MODEL_COUNTS(s,a,*):  [0.000, 19.196, 0.189, 0.000, 0.000, 0.000, 0.000, 0.000, 0.000, 0.000, 0.000, 0.000, 0.000, 0.000, 0.000, 0.000, 0.000, 0.000, 0.000, 0.000, 0.000, 0.000]
  MODEL_REWARDS(s,a,*): [0.000, 0.000, 0.000, 0.000, 0.000, 0.000, 0.000, 0.000, 0.000, 0.000, 0.000, 0.000, 0.000, 0.000, 0.000, 0.000, 0.000, 0.000, 0.000, 0.000, 0.000, 0.000]
----------------------------------------
[DEBUG] Beta=1.0 Phase=addiction Step=522
  State: 1 -> Action: ag -> Next: 0 (Reward: 0.0)
  Q_MF:  [0.022326, 0.028391, 0.051732, 0.034734, 0.056481, 0.043734, 0.996640, 0.033592, 0.007193]
  Q_MB:  [0.000000, 0.000000, 0.000000, 0.000000, 0.000000, 0.000000, 0.899366, 0.000000, 0.000000]
  Q_MIX: [0.000000, 0.000000, 0.000000, 0.000000, 0.000000, 0.000000, 0.899366, 0.000000, 0.000000]
  MODEL_COUNTS(s,a,*):  [19.001, 0.006, 0.000, 0.000, 0.000, 0.000, 0.000, 0.000, 0.000, 0.000, 0.000, 0.000, 0.000, 0.000, 0.000, 0.000, 0.000, 0.000, 0.000, 0.000, 0.000, 0.000]
  MODEL_REWARDS(s,a,*): [0.000, 0.000, 0.000, 0.000, 0.000, 0.000, 0.000, 0.000, 0.000, 0.000, 0.000, 0.000, 0.000, 0.000, 0.000, 0.000, 0.000, 0.000, 0.000, 0.000, 0.000, 0.000]
----------------------------------------
[DEBUG] Beta=1.0 Phase=addiction Step=523
  State: 0 -> Action: ag -> Next: 3 (Reward: 1.0)
  Q_MF:  [0.038522, 0.052804, 0.058918, 0.039484, 0.045137, 0.090006, 1.288591, 0.000000, 0.000000]
  Q_MB:  [1.489338, 1.489338, 1.489338, 1.489338, 1.489338, 1.489338, 1.655027, 1.489338, 1.489338]
  Q_MIX: [1.489338, 1.489338, 1.489338, 1.489338, 1.489338, 1.489338, 1.655027, 1.489338, 1.489338]
  MODEL_COUNTS(s,a,*):  [0.006, 0.000, 0.000, 19.015, 0.000, 0.000, 0.000, 0.000, 0.000, 0.000, 0.000, 0.000, 0.000, 0.000, 0.000, 0.000, 0.000, 0.000, 0.000, 0.000, 0.000, 0.000]
  MODEL_REWARDS(s,a,*): [0.000, 0.000, 0.000, 19.015, 0.000, 0.000, 0.000, 0.000, 0.000, 0.000, 0.000, 0.000, 0.000, 0.000, 0.000, 0.000, 0.000, 0.000, 0.000, 0.000, 0.000, 0.000]
----------------------------------------
[DEBUG] Beta=1.0 Phase=addiction Step=524
  State: 3 -> Action: as6 -> Next: 3 (Reward: 0.0)
  Q_MF:  [0.040705, 0.498090, 0.076062, 0.010604, 0.028613, 0.033719, 0.034520, 0.070882, 0.057821]
  Q_MB:  [0.000000, 0.720367, 0.000000, 0.000000, 0.000000, 0.000000, 0.000000, 0.000000, 0.000000]
  Q_MIX: [0.000000, 0.720367, 0.000000, 0.000000, 0.000000, 0.000000, 0.000000, 0.000000, 0.000000]
  MODEL_COUNTS(s,a,*):  [0.000, 0.000, 0.000, 1.749, 0.000, 0.000, 0.000, 0.000, 0.000, 0.000, 0.000, 0.000, 0.000, 0.000, 0.000, 0.000, 0.000, 0.000, 0.000, 0.000, 0.000, 0.000]
  MODEL_REWARDS(s,a,*): [0.000, 0.000, 0.000, 0.000, 0.000, 0.000, 0.000, 0.000, 0.000, 0.000, 0.000, 0.000, 0.000, 0.000, 0.000, 0.000, 0.000, 0.000, 0.000, 0.000, 0.000, 0.000]
----------------------------------------
[DEBUG] Beta=1.0 Phase=addiction Step=525
  State: 3 -> Action: as3 -> Next: 2 (Reward: 0.0)
  Q_MF:  [0.040705, 0.498090, 0.076062, 0.010604, 0.049597, 0.033719, 0.034520, 0.070882, 0.057821]
  Q_MB:  [0.000000, 0.000000, 0.000000, 0.000000, 0.000000, 0.000000, 0.000000, 0.000000, 0.000000]
  Q_MIX: [0.000000, 0.000000, 0.000000, 0.000000, 0.000000, 0.000000, 0.000000, 0.000000, 0.000000]
  MODEL_COUNTS(s,a,*):  [0.000, 0.000, 19.806, 0.032, 0.000, 0.000, 0.000, 0.000, 0.000, 0.000, 0.000, 0.000, 0.000, 0.000, 0.000, 0.000, 0.000, 0.000, 0.000, 0.000, 0.000, 0.000]
  MODEL_REWARDS(s,a,*): [0.000, 0.000, 0.000, 0.000, 0.000, 0.000, 0.000, 0.000, 0.000, 0.000, 0.000, 0.000, 0.000, 0.000, 0.000, 0.000, 0.000, 0.000, 0.000, 0.000, 0.000, 0.000]
----------------------------------------
[DEBUG] Beta=1.0 Phase=addiction Step=526
  State: 2 -> Action: aw -> Next: 2 (Reward: 0.0)
  Q_MF:  [0.734013, 0.049008, 0.035017, 0.077705, 0.040501, 0.054714, 0.050064, 0.038824, 0.048247]
  Q_MB:  [0.000000, 0.000000, 0.000000, 0.000000, 0.000000, 0.000000, 0.000000, 0.000000, 0.000000]
  Q_MIX: [0.000000, 0.000000, 0.000000, 0.000000, 0.000000, 0.000000, 0.000000, 0.000000, 0.000000]
  MODEL_COUNTS(s,a,*):  [0.000, 0.000, 1.447, 0.000, 0.000, 0.000, 0.000, 0.000, 0.000, 0.000, 0.000, 0.000, 0.000, 0.000, 0.000, 0.000, 0.000, 0.000, 0.000, 0.000, 0.000, 0.000]
  MODEL_REWARDS(s,a,*): [0.000, 0.000, 0.000, 0.000, 0.000, 0.000, 0.000, 0.000, 0.000, 0.000, 0.000, 0.000, 0.000, 0.000, 0.000, 0.000, 0.000, 0.000, 0.000, 0.000, 0.000, 0.000]
----------------------------------------
[DEBUG] Beta=1.0 Phase=addiction Step=527
  State: 2 -> Action: as6 -> Next: 2 (Reward: 0.0)
  Q_MF:  [0.734013, 0.049008, 0.035017, 0.077705, 0.040501, 0.054714, 0.050064, 0.038824, 0.078865]
  Q_MB:  [0.000000, 0.000000, 0.000000, 0.000000, 0.000000, 0.000000, 0.000000, 0.000000, 0.000000]
  Q_MIX: [0.000000, 0.000000, 0.000000, 0.000000, 0.000000, 0.000000, 0.000000, 0.000000, 0.000000]
  MODEL_COUNTS(s,a,*):  [0.000, 0.000, 1.311, 0.000, 0.000, 0.000, 0.000, 0.000, 0.000, 0.000, 0.000, 0.000, 0.000, 0.000, 0.000, 0.000, 0.000, 0.000, 0.000, 0.000, 0.000, 0.000]
  MODEL_REWARDS(s,a,*): [0.000, 0.000, 0.000, 0.000, 0.000, 0.000, 0.000, 0.000, 0.000, 0.000, 0.000, 0.000, 0.000, 0.000, 0.000, 0.000, 0.000, 0.000, 0.000, 0.000, 0.000, 0.000]
----------------------------------------
[DEBUG] Beta=1.0 Phase=addiction Step=528
  State: 2 -> Action: as2 -> Next: 1 (Reward: 0.0)
  Q_MF:  [0.734013, 0.049008, 0.035017, 0.077705, 0.071506, 0.054714, 0.050064, 0.038824, 0.078865]
  Q_MB:  [0.808841, 0.721612, 0.004090, 0.721612, 0.721612, 0.721612, 0.721612, 0.721612, 0.721612]
  Q_MIX: [0.808841, 0.721612, 0.004090, 0.721612, 0.721612, 0.721612, 0.721612, 0.721612, 0.721612]
  MODEL_COUNTS(s,a,*):  [0.000, 18.892, 0.177, 0.000, 0.000, 0.000, 0.000, 0.000, 0.000, 0.000, 0.000, 0.000, 0.000, 0.000, 0.000, 0.000, 0.000, 0.000, 0.000, 0.000, 0.000, 0.000]
  MODEL_REWARDS(s,a,*): [0.000, 0.000, 0.000, 0.000, 0.000, 0.000, 0.000, 0.000, 0.000, 0.000, 0.000, 0.000, 0.000, 0.000, 0.000, 0.000, 0.000, 0.000, 0.000, 0.000, 0.000, 0.000]
----------------------------------------
[DEBUG] Beta=1.0 Phase=addiction Step=529
  State: 1 -> Action: ag -> Next: 0 (Reward: 0.0)
  Q_MF:  [0.022326, 0.028391, 0.051732, 0.034734, 0.056481, 0.043734, 1.004794, 0.033592, 0.007193]
  Q_MB:  [0.809946, 0.729878, 0.809946, 0.809946, 0.809946, 0.809946, 1.489476, 0.809946, 0.809946]
  Q_MIX: [0.809946, 0.729878, 0.809946, 0.809946, 0.809946, 0.809946, 1.489476, 0.809946, 0.809946]
  MODEL_COUNTS(s,a,*):  [18.711, 0.006, 0.000, 0.000, 0.000, 0.000, 0.000, 0.000, 0.000, 0.000, 0.000, 0.000, 0.000, 0.000, 0.000, 0.000, 0.000, 0.000, 0.000, 0.000, 0.000, 0.000]
  MODEL_REWARDS(s,a,*): [0.000, 0.000, 0.000, 0.000, 0.000, 0.000, 0.000, 0.000, 0.000, 0.000, 0.000, 0.000, 0.000, 0.000, 0.000, 0.000, 0.000, 0.000, 0.000, 0.000, 0.000, 0.000]
----------------------------------------
[DEBUG] Beta=1.0 Phase=addiction Step=530
  State: 0 -> Action: ag -> Next: 3 (Reward: 1.0)
  Q_MF:  [0.038522, 0.052804, 0.058918, 0.039484, 0.045137, 0.090006, 1.296575, 0.000000, 0.000000]
  Q_MB:  [0.899970, 0.899970, 0.899970, 0.899970, 0.899970, 0.899970, 1.655085, 0.899970, 0.899970]
  Q_MIX: [0.899970, 0.899970, 0.899970, 0.899970, 0.899970, 0.899970, 1.655085, 0.899970, 0.899970]
  MODEL_COUNTS(s,a,*):  [0.006, 0.000, 0.000, 18.723, 0.000, 0.000, 0.000, 0.000, 0.000, 0.000, 0.000, 0.000, 0.000, 0.000, 0.000, 0.000, 0.000, 0.000, 0.000, 0.000, 0.000, 0.000]
  MODEL_REWARDS(s,a,*): [0.000, 0.000, 0.000, 18.723, 0.000, 0.000, 0.000, 0.000, 0.000, 0.000, 0.000, 0.000, 0.000, 0.000, 0.000, 0.000, 0.000, 0.000, 0.000, 0.000, 0.000, 0.000]
----------------------------------------
[DEBUG] Beta=1.0 Phase=addiction Step=531
  State: 3 -> Action: as3 -> Next: 2 (Reward: 0.0)
  Q_MF:  [0.040705, 0.506216, 0.076062, 0.010604, 0.049597, 0.033719, 0.034520, 0.070882, 0.057821]
  Q_MB:  [0.000000, 0.721023, 0.000000, 0.000000, 0.000000, 0.000000, 0.000000, 0.000000, 0.000000]
  Q_MIX: [0.000000, 0.721023, 0.000000, 0.000000, 0.000000, 0.000000, 0.000000, 0.000000, 0.000000]
  MODEL_COUNTS(s,a,*):  [0.000, 0.000, 19.647, 0.031, 0.000, 0.000, 0.000, 0.000, 0.000, 0.000, 0.000, 0.000, 0.000, 0.000, 0.000, 0.000, 0.000, 0.000, 0.000, 0.000, 0.000, 0.000]
  MODEL_REWARDS(s,a,*): [0.000, 0.000, 0.000, 0.000, 0.000, 0.000, 0.000, 0.000, 0.000, 0.000, 0.000, 0.000, 0.000, 0.000, 0.000, 0.000, 0.000, 0.000, 0.000, 0.000, 0.000, 0.000]
----------------------------------------
[DEBUG] Beta=1.0 Phase=addiction Step=532
  State: 2 -> Action: as2 -> Next: 1 (Reward: 0.0)
  Q_MF:  [0.742528, 0.049008, 0.035017, 0.077705, 0.071506, 0.054714, 0.050064, 0.038824, 0.078865]
  Q_MB:  [1.339265, 1.201397, 0.658389, 1.201397, 1.201397, 1.201397, 1.201397, 1.201397, 1.201397]
  Q_MIX: [1.339265, 1.201397, 0.658389, 1.201397, 1.201397, 1.201397, 1.201397, 1.201397, 1.201397]
  MODEL_COUNTS(s,a,*):  [0.000, 19.147, 0.170, 0.000, 0.000, 0.000, 0.000, 0.000, 0.000, 0.000, 0.000, 0.000, 0.000, 0.000, 0.000, 0.000, 0.000, 0.000, 0.000, 0.000, 0.000, 0.000]
  MODEL_REWARDS(s,a,*): [0.000, 0.000, 0.000, 0.000, 0.000, 0.000, 0.000, 0.000, 0.000, 0.000, 0.000, 0.000, 0.000, 0.000, 0.000, 0.000, 0.000, 0.000, 0.000, 0.000, 0.000, 0.000]
----------------------------------------
[DEBUG] Beta=1.0 Phase=addiction Step=533
  State: 1 -> Action: ag -> Next: 0 (Reward: 0.0)
  Q_MF:  [0.022326, 0.028391, 0.051732, 0.034734, 0.056481, 0.043734, 1.012901, 0.033592, 0.007193]
  Q_MB:  [0.809720, 0.729714, 0.809720, 0.809720, 0.809720, 0.809720, 0.899943, 0.809720, 0.809720]
  Q_MIX: [0.809720, 0.729714, 0.809720, 0.809720, 0.809720, 0.809720, 0.899943, 0.809720, 0.809720]
  MODEL_COUNTS(s,a,*):  [18.973, 0.006, 0.000, 0.000, 0.000, 0.000, 0.000, 0.000, 0.000, 0.000, 0.000, 0.000, 0.000, 0.000, 0.000, 0.000, 0.000, 0.000, 0.000, 0.000, 0.000, 0.000]
  MODEL_REWARDS(s,a,*): [0.000, 0.000, 0.000, 0.000, 0.000, 0.000, 0.000, 0.000, 0.000, 0.000, 0.000, 0.000, 0.000, 0.000, 0.000, 0.000, 0.000, 0.000, 0.000, 0.000, 0.000, 0.000]
----------------------------------------
[DEBUG] Beta=1.0 Phase=addiction Step=534
  State: 0 -> Action: ag -> Next: 3 (Reward: 1.0)
  Q_MF:  [0.038522, 0.052804, 0.058918, 0.039484, 0.045137, 0.090006, 1.304526, 0.000000, 0.000000]
  Q_MB:  [0.899972, 0.899972, 0.899972, 0.899972, 0.899972, 0.899972, 1.649604, 0.899972, 0.899972]
  Q_MIX: [0.899972, 0.899972, 0.899972, 0.899972, 0.899972, 0.899972, 1.649604, 0.899972, 0.899972]
  MODEL_COUNTS(s,a,*):  [0.006, 0.000, 0.000, 18.985, 0.000, 0.000, 0.000, 0.000, 0.000, 0.000, 0.000, 0.000, 0.000, 0.000, 0.000, 0.000, 0.000, 0.000, 0.000, 0.000, 0.000, 0.000]
  MODEL_REWARDS(s,a,*): [0.000, 0.000, 0.000, 18.985, 0.000, 0.000, 0.000, 0.000, 0.000, 0.000, 0.000, 0.000, 0.000, 0.000, 0.000, 0.000, 0.000, 0.000, 0.000, 0.000, 0.000, 0.000]
----------------------------------------
[DEBUG] Beta=1.0 Phase=addiction Step=535
  State: 3 -> Action: as3 -> Next: 2 (Reward: 0.0)
  Q_MF:  [0.040705, 0.514319, 0.076062, 0.010604, 0.049597, 0.033719, 0.034520, 0.070882, 0.057821]
  Q_MB:  [0.649838, 0.722044, 0.649838, 0.583596, 0.649838, 0.649838, 0.649838, 0.649838, 0.649838]
  Q_MIX: [0.649838, 0.722044, 0.649838, 0.583596, 0.649838, 0.649838, 0.649838, 0.649838, 0.649838]
  MODEL_COUNTS(s,a,*):  [0.000, 0.000, 19.872, 0.029, 0.000, 0.000, 0.000, 0.000, 0.000, 0.000, 0.000, 0.000, 0.000, 0.000, 0.000, 0.000, 0.000, 0.000, 0.000, 0.000, 0.000, 0.000]
  MODEL_REWARDS(s,a,*): [0.000, 0.000, 0.000, 0.000, 0.000, 0.000, 0.000, 0.000, 0.000, 0.000, 0.000, 0.000, 0.000, 0.000, 0.000, 0.000, 0.000, 0.000, 0.000, 0.000, 0.000, 0.000]
----------------------------------------
[DEBUG] Beta=1.0 Phase=addiction Step=536
  State: 2 -> Action: as3 -> Next: 2 (Reward: 0.0)
  Q_MF:  [0.750982, 0.049008, 0.035017, 0.077705, 0.071506, 0.054714, 0.050064, 0.038824, 0.078865]
  Q_MB:  [0.809018, 0.728071, 0.655572, 0.728071, 0.728071, 0.728071, 0.728071, 0.728071, 0.728071]
  Q_MIX: [0.809018, 0.728071, 0.655572, 0.728071, 0.728071, 0.728071, 0.728071, 0.728071, 0.728071]
  MODEL_COUNTS(s,a,*):  [0.000, 0.000, 1.810, 0.000, 0.000, 0.000, 0.000, 0.000, 0.000, 0.000, 0.000, 0.000, 0.000, 0.000, 0.000, 0.000, 0.000, 0.000, 0.000, 0.000, 0.000, 0.000]
  MODEL_REWARDS(s,a,*): [0.000, 0.000, 0.000, 0.000, 0.000, 0.000, 0.000, 0.000, 0.000, 0.000, 0.000, 0.000, 0.000, 0.000, 0.000, 0.000, 0.000, 0.000, 0.000, 0.000, 0.000, 0.000]
----------------------------------------
[DEBUG] Beta=1.0 Phase=addiction Step=537
  State: 2 -> Action: as5 -> Next: 2 (Reward: 0.0)
  Q_MF:  [0.750982, 0.080352, 0.035017, 0.077705, 0.071506, 0.054714, 0.050064, 0.038824, 0.078865]
  Q_MB:  [0.000000, 0.000000, 0.000000, 0.000000, 0.000000, 0.000000, 0.000000, 0.000000, 0.000000]
  Q_MIX: [0.000000, 0.000000, 0.000000, 0.000000, 0.000000, 0.000000, 0.000000, 0.000000, 0.000000]
  MODEL_COUNTS(s,a,*):  [0.000, 0.000, 1.873, 0.000, 0.000, 0.000, 0.000, 0.000, 0.000, 0.000, 0.000, 0.000, 0.000, 0.000, 0.000, 0.000, 0.000, 0.000, 0.000, 0.000, 0.000, 0.000]
  MODEL_REWARDS(s,a,*): [0.000, 0.000, 0.000, 0.000, 0.000, 0.000, 0.000, 0.000, 0.000, 0.000, 0.000, 0.000, 0.000, 0.000, 0.000, 0.000, 0.000, 0.000, 0.000, 0.000, 0.000, 0.000]
----------------------------------------
[DEBUG] Beta=1.0 Phase=addiction Step=538
  State: 2 -> Action: as7 -> Next: 2 (Reward: 0.0)
  Q_MF:  [0.750982, 0.080352, 0.035017, 0.107614, 0.071506, 0.054714, 0.050064, 0.038824, 0.078865]
  Q_MB:  [0.000000, 0.000000, 0.000000, 0.000000, 0.000000, 0.000000, 0.000000, 0.000000, 0.000000]
  Q_MIX: [0.000000, 0.000000, 0.000000, 0.000000, 0.000000, 0.000000, 0.000000, 0.000000, 0.000000]
  MODEL_COUNTS(s,a,*):  [0.000, 0.000, 1.578, 0.000, 0.000, 0.000, 0.000, 0.000, 0.000, 0.000, 0.000, 0.000, 0.000, 0.000, 0.000, 0.000, 0.000, 0.000, 0.000, 0.000, 0.000, 0.000]
  MODEL_REWARDS(s,a,*): [0.000, 0.000, 0.000, 0.000, 0.000, 0.000, 0.000, 0.000, 0.000, 0.000, 0.000, 0.000, 0.000, 0.000, 0.000, 0.000, 0.000, 0.000, 0.000, 0.000, 0.000, 0.000]
----------------------------------------
[DEBUG] Beta=1.0 Phase=addiction Step=539
  State: 2 -> Action: as4 -> Next: 3 (Reward: 0.0)
  Q_MF:  [0.750982, 0.080352, 0.035017, 0.107614, 0.071506, 0.085772, 0.050064, 0.038824, 0.078865]
  Q_MB:  [0.000000, 0.000000, 0.000000, 0.000000, 0.000000, 0.000000, 0.000000, 0.000000, 0.000000]
  Q_MIX: [0.000000, 0.000000, 0.000000, 0.000000, 0.000000, 0.000000, 0.000000, 0.000000, 0.000000]
  MODEL_COUNTS(s,a,*):  [0.000, 0.000, 0.005, 1.943, 0.000, 0.000, 0.000, 0.000, 0.000, 0.000, 0.000, 0.000, 0.000, 0.000, 0.000, 0.000, 0.000, 0.000, 0.000, 0.000, 0.000, 0.000]
  MODEL_REWARDS(s,a,*): [0.000, 0.000, 0.000, 0.000, 0.000, 0.000, 0.000, 0.000, 0.000, 0.000, 0.000, 0.000, 0.000, 0.000, 0.000, 0.000, 0.000, 0.000, 0.000, 0.000, 0.000, 0.000]
----------------------------------------
[DEBUG] Beta=1.0 Phase=addiction Step=540
  State: 3 -> Action: as3 -> Next: 2 (Reward: 0.0)
  Q_MF:  [0.040705, 0.522398, 0.076062, 0.010604, 0.049597, 0.033719, 0.034520, 0.070882, 0.057821]
  Q_MB:  [0.648992, 0.727758, 0.648992, 0.001603, 0.648992, 0.648992, 0.648992, 0.648992, 0.648992]
  Q_MIX: [0.648992, 0.727758, 0.648992, 0.001603, 0.648992, 0.648992, 0.648992, 0.648992, 0.648992]
  MODEL_COUNTS(s,a,*):  [0.000, 0.000, 19.898, 0.028, 0.000, 0.000, 0.000, 0.000, 0.000, 0.000, 0.000, 0.000, 0.000, 0.000, 0.000, 0.000, 0.000, 0.000, 0.000, 0.000, 0.000, 0.000]
  MODEL_REWARDS(s,a,*): [0.000, 0.000, 0.000, 0.000, 0.000, 0.000, 0.000, 0.000, 0.000, 0.000, 0.000, 0.000, 0.000, 0.000, 0.000, 0.000, 0.000, 0.000, 0.000, 0.000, 0.000, 0.000]
----------------------------------------
[DEBUG] Beta=1.0 Phase=addiction Step=541
  State: 2 -> Action: as2 -> Next: 1 (Reward: 0.0)
  Q_MF:  [0.750982, 0.080352, 0.056774, 0.107614, 0.071506, 0.085772, 0.050064, 0.038824, 0.078865]
  Q_MB:  [0.802626, 0.000000, 0.000000, 0.000000, 0.000000, 0.000000, 0.000000, 0.000000, 0.000000]
  Q_MIX: [0.802626, 0.000000, 0.000000, 0.000000, 0.000000, 0.000000, 0.000000, 0.000000, 0.000000]
  MODEL_COUNTS(s,a,*):  [0.000, 18.491, 0.155, 0.000, 0.000, 0.000, 0.000, 0.000, 0.000, 0.000, 0.000, 0.000, 0.000, 0.000, 0.000, 0.000, 0.000, 0.000, 0.000, 0.000, 0.000, 0.000]
  MODEL_REWARDS(s,a,*): [0.000, 0.000, 0.000, 0.000, 0.000, 0.000, 0.000, 0.000, 0.000, 0.000, 0.000, 0.000, 0.000, 0.000, 0.000, 0.000, 0.000, 0.000, 0.000, 0.000, 0.000, 0.000]
----------------------------------------
[DEBUG] Beta=1.0 Phase=addiction Step=542
  State: 1 -> Action: ag -> Next: 0 (Reward: 0.0)
  Q_MF:  [0.022326, 0.028391, 0.051732, 0.034734, 0.056481, 0.043734, 1.020959, 0.033592, 0.007193]
  Q_MB:  [1.335609, 1.200266, 1.335609, 1.335609, 1.335609, 1.335609, 1.485063, 1.335609, 1.335609]
  Q_MIX: [1.335609, 1.200266, 1.335609, 1.335609, 1.335609, 1.335609, 1.485063, 1.335609, 1.335609]
  MODEL_COUNTS(s,a,*):  [18.332, 0.005, 0.000, 0.000, 0.000, 0.000, 0.000, 0.000, 0.000, 0.000, 0.000, 0.000, 0.000, 0.000, 0.000, 0.000, 0.000, 0.000, 0.000, 0.000, 0.000, 0.000]
  MODEL_REWARDS(s,a,*): [0.000, 0.000, 0.000, 0.000, 0.000, 0.000, 0.000, 0.000, 0.000, 0.000, 0.000, 0.000, 0.000, 0.000, 0.000, 0.000, 0.000, 0.000, 0.000, 0.000, 0.000, 0.000]
----------------------------------------
[DEBUG] Beta=1.0 Phase=addiction Step=543
  State: 0 -> Action: ag -> Next: 3 (Reward: 1.0)
  Q_MF:  [0.038522, 0.052804, 0.058918, 0.039484, 0.045137, 0.090006, 1.312444, 0.000000, 0.000000]
  Q_MB:  [0.899973, 0.899973, 0.899973, 0.899973, 0.899973, 0.899973, 1.654331, 0.899973, 0.899973]
  Q_MIX: [0.899973, 0.899973, 0.899973, 0.899973, 0.899973, 0.899973, 1.654331, 0.899973, 0.899973]
  MODEL_COUNTS(s,a,*):  [0.005, 0.000, 0.000, 18.343, 0.000, 0.000, 0.000, 0.000, 0.000, 0.000, 0.000, 0.000, 0.000, 0.000, 0.000, 0.000, 0.000, 0.000, 0.000, 0.000, 0.000, 0.000]
  MODEL_REWARDS(s,a,*): [0.000, 0.000, 0.000, 18.343, 0.000, 0.000, 0.000, 0.000, 0.000, 0.000, 0.000, 0.000, 0.000, 0.000, 0.000, 0.000, 0.000, 0.000, 0.000, 0.000, 0.000, 0.000]
----------------------------------------
[DEBUG] Beta=1.0 Phase=addiction Step=544
  State: 3 -> Action: aw -> Next: 3 (Reward: 0.0)
  Q_MF:  [0.040705, 0.530072, 0.076062, 0.010604, 0.049597, 0.033719, 0.034520, 0.070882, 0.057821]
  Q_MB:  [0.000000, 0.000000, 0.000000, 0.000000, 0.000000, 0.000000, 0.000000, 0.000000, 0.000000]
  Q_MIX: [0.000000, 0.000000, 0.000000, 0.000000, 0.000000, 0.000000, 0.000000, 0.000000, 0.000000]
  MODEL_COUNTS(s,a,*):  [0.000, 0.000, 0.000, 2.189, 0.000, 0.000, 0.000, 0.000, 0.000, 0.000, 0.000, 0.000, 0.000, 0.000, 0.000, 0.000, 0.000, 0.000, 0.000, 0.000, 0.000, 0.000]
  MODEL_REWARDS(s,a,*): [0.000, 0.000, 0.000, 0.000, 0.000, 0.000, 0.000, 0.000, 0.000, 0.000, 0.000, 0.000, 0.000, 0.000, 0.000, 0.000, 0.000, 0.000, 0.000, 0.000, 0.000, 0.000]
----------------------------------------
[DEBUG] Beta=1.0 Phase=addiction Step=545
  State: 3 -> Action: as3 -> Next: 2 (Reward: 0.0)
  Q_MF:  [0.040705, 0.530072, 0.076062, 0.010604, 0.049597, 0.033719, 0.034520, 0.070882, 0.078783]
  Q_MB:  [0.654392, 0.728243, 0.654392, 0.001617, 0.654392, 0.654392, 0.654392, 0.654392, 0.654392]
  Q_MIX: [0.654392, 0.728243, 0.654392, 0.001617, 0.654392, 0.654392, 0.654392, 0.654392, 0.654392]
  MODEL_COUNTS(s,a,*):  [0.000, 0.000, 19.923, 0.027, 0.000, 0.000, 0.000, 0.000, 0.000, 0.000, 0.000, 0.000, 0.000, 0.000, 0.000, 0.000, 0.000, 0.000, 0.000, 0.000, 0.000, 0.000]
  MODEL_REWARDS(s,a,*): [0.000, 0.000, 0.000, 0.000, 0.000, 0.000, 0.000, 0.000, 0.000, 0.000, 0.000, 0.000, 0.000, 0.000, 0.000, 0.000, 0.000, 0.000, 0.000, 0.000, 0.000, 0.000]
----------------------------------------
[DEBUG] Beta=1.0 Phase=addiction Step=546
  State: 2 -> Action: as2 -> Next: 1 (Reward: 0.0)
  Q_MF:  [0.759376, 0.080352, 0.056774, 0.107614, 0.071506, 0.085772, 0.050064, 0.038824, 0.078865]
  Q_MB:  [0.809276, 0.728347, 0.655620, 0.728347, 0.728347, 0.728347, 0.728347, 0.728347, 0.728347]
  Q_MIX: [0.809276, 0.728347, 0.655620, 0.728347, 0.728347, 0.728347, 0.728347, 0.728347, 0.728347]
  MODEL_COUNTS(s,a,*):  [0.000, 18.585, 0.147, 0.000, 0.000, 0.000, 0.000, 0.000, 0.000, 0.000, 0.000, 0.000, 0.000, 0.000, 0.000, 0.000, 0.000, 0.000, 0.000, 0.000, 0.000, 0.000]
  MODEL_REWARDS(s,a,*): [0.000, 0.000, 0.000, 0.000, 0.000, 0.000, 0.000, 0.000, 0.000, 0.000, 0.000, 0.000, 0.000, 0.000, 0.000, 0.000, 0.000, 0.000, 0.000, 0.000, 0.000, 0.000]
----------------------------------------
[DEBUG] Beta=1.0 Phase=addiction Step=547
  State: 1 -> Action: ag -> Next: 0 (Reward: 0.0)
  Q_MF:  [0.022326, 0.028391, 0.051732, 0.034734, 0.056481, 0.043734, 1.028971, 0.033592, 0.007193]
  Q_MB:  [0.809747, 0.729849, 0.809747, 0.809747, 0.809747, 0.809747, 0.899949, 0.809747, 0.809747]
  Q_MIX: [0.809747, 0.729849, 0.809747, 0.809747, 0.809747, 0.809747, 0.899949, 0.809747, 0.809747]
  MODEL_COUNTS(s,a,*):  [18.434, 0.005, 0.000, 0.000, 0.000, 0.000, 0.000, 0.000, 0.000, 0.000, 0.000, 0.000, 0.000, 0.000, 0.000, 0.000, 0.000, 0.000, 0.000, 0.000, 0.000, 0.000]
  MODEL_REWARDS(s,a,*): [0.000, 0.000, 0.000, 0.000, 0.000, 0.000, 0.000, 0.000, 0.000, 0.000, 0.000, 0.000, 0.000, 0.000, 0.000, 0.000, 0.000, 0.000, 0.000, 0.000, 0.000, 0.000]
----------------------------------------
[DEBUG] Beta=1.0 Phase=addiction Step=548
  State: 0 -> Action: ag -> Next: 3 (Reward: 1.0)
  Q_MF:  [0.038522, 0.052804, 0.058918, 0.039484, 0.045137, 0.090006, 1.320675, 0.000000, 0.000000]
  Q_MB:  [0.899975, 0.899975, 0.899975, 0.899975, 0.899975, 0.899975, 0.999972, 0.899975, 0.899975]
  Q_MIX: [0.899975, 0.899975, 0.899975, 0.899975, 0.899975, 0.899975, 0.999972, 0.899975, 0.899975]
  MODEL_COUNTS(s,a,*):  [0.005, 0.000, 0.000, 18.444, 0.000, 0.000, 0.000, 0.000, 0.000, 0.000, 0.000, 0.000, 0.000, 0.000, 0.000, 0.000, 0.000, 0.000, 0.000, 0.000, 0.000, 0.000]
  MODEL_REWARDS(s,a,*): [0.000, 0.000, 0.000, 18.444, 0.000, 0.000, 0.000, 0.000, 0.000, 0.000, 0.000, 0.000, 0.000, 0.000, 0.000, 0.000, 0.000, 0.000, 0.000, 0.000, 0.000, 0.000]
----------------------------------------
[DEBUG] Beta=1.0 Phase=addiction Step=549
  State: 3 -> Action: as3 -> Next: 2 (Reward: 0.0)
  Q_MF:  [0.040705, 0.537740, 0.076062, 0.010604, 0.049597, 0.033719, 0.034520, 0.070882, 0.078783]
  Q_MB:  [0.000000, 0.722092, 0.000000, 0.000000, 0.000000, 0.000000, 0.000000, 0.000000, 0.000000]
  Q_MIX: [0.000000, 0.722092, 0.000000, 0.000000, 0.000000, 0.000000, 0.000000, 0.000000, 0.000000]
  MODEL_COUNTS(s,a,*):  [0.000, 0.000, 20.138, 0.026, 0.000, 0.000, 0.000, 0.000, 0.000, 0.000, 0.000, 0.000, 0.000, 0.000, 0.000, 0.000, 0.000, 0.000, 0.000, 0.000, 0.000, 0.000]
  MODEL_REWARDS(s,a,*): [0.000, 0.000, 0.000, 0.000, 0.000, 0.000, 0.000, 0.000, 0.000, 0.000, 0.000, 0.000, 0.000, 0.000, 0.000, 0.000, 0.000, 0.000, 0.000, 0.000, 0.000, 0.000]
----------------------------------------
[DEBUG] Beta=1.0 Phase=addiction Step=550
  State: 2 -> Action: as2 -> Next: 1 (Reward: 0.0)
  Q_MF:  [0.767711, 0.080352, 0.056774, 0.107614, 0.071506, 0.085772, 0.050064, 0.038824, 0.078865]
  Q_MB:  [0.809081, 0.723055, 0.001994, 0.723055, 0.723055, 0.723055, 0.723055, 0.723055, 0.723055]
  Q_MIX: [0.809081, 0.723055, 0.001994, 0.723055, 0.723055, 0.723055, 0.723055, 0.723055, 0.723055]
  MODEL_COUNTS(s,a,*):  [0.000, 18.853, 0.142, 0.000, 0.000, 0.000, 0.000, 0.000, 0.000, 0.000, 0.000, 0.000, 0.000, 0.000, 0.000, 0.000, 0.000, 0.000, 0.000, 0.000, 0.000, 0.000]
  MODEL_REWARDS(s,a,*): [0.000, 0.000, 0.000, 0.000, 0.000, 0.000, 0.000, 0.000, 0.000, 0.000, 0.000, 0.000, 0.000, 0.000, 0.000, 0.000, 0.000, 0.000, 0.000, 0.000, 0.000, 0.000]
----------------------------------------
[DEBUG] Beta=1.0 Phase=addiction Step=551
  State: 1 -> Action: ag -> Next: 0 (Reward: 0.0)
  Q_MF:  [0.022326, 0.028391, 0.051732, 0.034734, 0.056481, 0.043734, 1.036953, 0.033592, 0.007193]
  Q_MB:  [0.809567, 0.729685, 0.809567, 0.809567, 0.809567, 0.809567, 1.489401, 0.809567, 0.809567]
  Q_MIX: [0.809567, 0.729685, 0.809567, 0.809567, 0.809567, 0.809567, 1.489401, 0.809567, 0.809567]
  MODEL_COUNTS(s,a,*):  [18.708, 0.005, 0.000, 0.000, 0.000, 0.000, 0.000, 0.000, 0.000, 0.000, 0.000, 0.000, 0.000, 0.000, 0.000, 0.000, 0.000, 0.000, 0.000, 0.000, 0.000, 0.000]
  MODEL_REWARDS(s,a,*): [0.000, 0.000, 0.000, 0.000, 0.000, 0.000, 0.000, 0.000, 0.000, 0.000, 0.000, 0.000, 0.000, 0.000, 0.000, 0.000, 0.000, 0.000, 0.000, 0.000, 0.000, 0.000]
----------------------------------------
[DEBUG] Beta=1.0 Phase=addiction Step=552
  State: 0 -> Action: aw -> Next: 0 (Reward: 0.0)
  Q_MF:  [0.038522, 0.052804, 0.058918, 0.039484, 0.045137, 0.090006, 1.328840, 0.000000, 0.000000]
  Q_MB:  [0.899976, 0.899976, 0.899976, 0.899976, 0.899976, 0.899976, 0.999973, 0.899976, 0.899976]
  Q_MIX: [0.899976, 0.899976, 0.899976, 0.899976, 0.899976, 0.899976, 0.999973, 0.899976, 0.899976]
  MODEL_COUNTS(s,a,*):  [1.005, 0.000, 0.000, 0.000, 0.000, 0.000, 0.000, 0.000, 0.000, 0.000, 0.000, 0.000, 0.000, 0.000, 0.000, 0.000, 0.000, 0.000, 0.000, 0.000, 0.000, 0.000]
  MODEL_REWARDS(s,a,*): [0.000, 0.000, 0.000, 0.000, 0.000, 0.000, 0.000, 0.000, 0.000, 0.000, 0.000, 0.000, 0.000, 0.000, 0.000, 0.000, 0.000, 0.000, 0.000, 0.000, 0.000, 0.000]
----------------------------------------
[DEBUG] Beta=1.0 Phase=addiction Step=553
  State: 0 -> Action: ag -> Next: 3 (Reward: 1.0)
  Q_MF:  [0.038522, 0.052804, 0.058918, 0.039484, 0.045137, 0.090006, 1.328840, 0.000000, 0.059798]
  Q_MB:  [1.485005, 1.485005, 1.485005, 1.485005, 1.485005, 1.485005, 1.650902, 1.485005, 1.485005]
  Q_MIX: [1.485005, 1.485005, 1.485005, 1.485005, 1.485005, 1.485005, 1.650902, 1.485005, 1.485005]
  MODEL_COUNTS(s,a,*):  [0.005, 0.000, 0.000, 18.540, 0.000, 0.000, 0.000, 0.000, 0.000, 0.000, 0.000, 0.000, 0.000, 0.000, 0.000, 0.000, 0.000, 0.000, 0.000, 0.000, 0.000, 0.000]
  MODEL_REWARDS(s,a,*): [0.000, 0.000, 0.000, 18.540, 0.000, 0.000, 0.000, 0.000, 0.000, 0.000, 0.000, 0.000, 0.000, 0.000, 0.000, 0.000, 0.000, 0.000, 0.000, 0.000, 0.000, 0.000]
----------------------------------------
[DEBUG] Beta=1.0 Phase=addiction Step=554
  State: 3 -> Action: as3 -> Next: 3 (Reward: 0.0)
  Q_MF:  [0.040705, 0.545400, 0.076062, 0.010604, 0.049597, 0.033719, 0.034520, 0.070882, 0.078783]
  Q_MB:  [0.651096, 0.723440, 0.651096, 0.001609, 0.651096, 0.651096, 0.651096, 0.651096, 0.651096]
  Q_MIX: [0.651096, 0.723440, 0.651096, 0.001609, 0.651096, 0.651096, 0.651096, 0.651096, 0.651096]
  MODEL_COUNTS(s,a,*):  [0.000, 0.000, 19.151, 1.024, 0.000, 0.000, 0.000, 0.000, 0.000, 0.000, 0.000, 0.000, 0.000, 0.000, 0.000, 0.000, 0.000, 0.000, 0.000, 0.000, 0.000, 0.000]
  MODEL_REWARDS(s,a,*): [0.000, 0.000, 0.000, 0.000, 0.000, 0.000, 0.000, 0.000, 0.000, 0.000, 0.000, 0.000, 0.000, 0.000, 0.000, 0.000, 0.000, 0.000, 0.000, 0.000, 0.000, 0.000]
----------------------------------------
[DEBUG] Beta=1.0 Phase=addiction Step=555
  State: 3 -> Action: as3 -> Next: 2 (Reward: 0.0)
  Q_MF:  [0.040705, 0.542673, 0.076062, 0.010604, 0.049597, 0.033719, 0.034520, 0.070882, 0.078783]
  Q_MB:  [0.000000, 0.000000, 0.000000, 0.000000, 0.000000, 0.000000, 0.000000, 0.000000, 0.000000]
  Q_MIX: [0.000000, 0.000000, 0.000000, 0.000000, 0.000000, 0.000000, 0.000000, 0.000000, 0.000000]
  MODEL_COUNTS(s,a,*):  [0.000, 0.000, 19.960, 1.014, 0.000, 0.000, 0.000, 0.000, 0.000, 0.000, 0.000, 0.000, 0.000, 0.000, 0.000, 0.000, 0.000, 0.000, 0.000, 0.000, 0.000, 0.000]
  MODEL_REWARDS(s,a,*): [0.000, 0.000, 0.000, 0.000, 0.000, 0.000, 0.000, 0.000, 0.000, 0.000, 0.000, 0.000, 0.000, 0.000, 0.000, 0.000, 0.000, 0.000, 0.000, 0.000, 0.000, 0.000]
----------------------------------------
[DEBUG] Beta=1.0 Phase=addiction Step=556
  State: 2 -> Action: aw -> Next: 2 (Reward: 0.0)
  Q_MF:  [0.775989, 0.080352, 0.056774, 0.107614, 0.071506, 0.085772, 0.050064, 0.038824, 0.078865]
  Q_MB:  [0.000000, 0.000000, 0.000000, 0.000000, 0.000000, 0.000000, 0.000000, 0.000000, 0.000000]
  Q_MIX: [0.000000, 0.000000, 0.000000, 0.000000, 0.000000, 0.000000, 0.000000, 0.000000, 0.000000]
  MODEL_COUNTS(s,a,*):  [0.000, 0.000, 2.070, 0.000, 0.000, 0.000, 0.000, 0.000, 0.000, 0.000, 0.000, 0.000, 0.000, 0.000, 0.000, 0.000, 0.000, 0.000, 0.000, 0.000, 0.000, 0.000]
  MODEL_REWARDS(s,a,*): [0.000, 0.000, 0.000, 0.000, 0.000, 0.000, 0.000, 0.000, 0.000, 0.000, 0.000, 0.000, 0.000, 0.000, 0.000, 0.000, 0.000, 0.000, 0.000, 0.000, 0.000, 0.000]
----------------------------------------
[DEBUG] Beta=1.0 Phase=addiction Step=557
  State: 2 -> Action: as2 -> Next: 1 (Reward: 0.0)
  Q_MF:  [0.775989, 0.080352, 0.056774, 0.107614, 0.071506, 0.085772, 0.050064, 0.038824, 0.109841]
  Q_MB:  [0.809168, 0.728251, 0.651091, 0.728251, 0.728251, 0.728251, 0.728251, 0.728251, 0.728251]
  Q_MIX: [0.809168, 0.728251, 0.651091, 0.728251, 0.728251, 0.728251, 0.728251, 0.728251, 0.728251]
  MODEL_COUNTS(s,a,*):  [0.000, 18.572, 0.132, 0.000, 0.000, 0.000, 0.000, 0.000, 0.000, 0.000, 0.000, 0.000, 0.000, 0.000, 0.000, 0.000, 0.000, 0.000, 0.000, 0.000, 0.000, 0.000]
  MODEL_REWARDS(s,a,*): [0.000, 0.000, 0.000, 0.000, 0.000, 0.000, 0.000, 0.000, 0.000, 0.000, 0.000, 0.000, 0.000, 0.000, 0.000, 0.000, 0.000, 0.000, 0.000, 0.000, 0.000, 0.000]
----------------------------------------
[DEBUG] Beta=1.0 Phase=addiction Step=558
  State: 1 -> Action: ag -> Next: 0 (Reward: 0.0)
  Q_MF:  [0.022326, 0.028391, 0.051732, 0.034734, 0.056481, 0.043734, 1.044903, 0.033592, 0.007193]
  Q_MB:  [0.809959, 0.725247, 0.809959, 0.809959, 0.809959, 0.809959, 0.899954, 0.809959, 0.809959]
  Q_MIX: [0.809959, 0.725247, 0.809959, 0.809959, 0.809959, 0.809959, 0.899954, 0.809959, 0.809959]
  MODEL_COUNTS(s,a,*):  [18.437, 0.004, 0.000, 0.000, 0.000, 0.000, 0.000, 0.000, 0.000, 0.000, 0.000, 0.000, 0.000, 0.000, 0.000, 0.000, 0.000, 0.000, 0.000, 0.000, 0.000, 0.000]
  MODEL_REWARDS(s,a,*): [0.000, 0.000, 0.000, 0.000, 0.000, 0.000, 0.000, 0.000, 0.000, 0.000, 0.000, 0.000, 0.000, 0.000, 0.000, 0.000, 0.000, 0.000, 0.000, 0.000, 0.000, 0.000]
----------------------------------------
[DEBUG] Beta=1.0 Phase=addiction Step=559
  State: 0 -> Action: ag -> Next: 3 (Reward: 1.0)
  Q_MF:  [0.038522, 0.052804, 0.058918, 0.039484, 0.045137, 0.090006, 1.336941, 0.000000, 0.059798]
  Q_MB:  [0.899773, 0.899773, 0.899773, 0.899773, 0.899773, 0.899773, 0.999975, 0.899773, 0.899773]
  Q_MIX: [0.899773, 0.899773, 0.899773, 0.899773, 0.899773, 0.899773, 0.999975, 0.899773, 0.899773]
  MODEL_COUNTS(s,a,*):  [0.004, 0.000, 0.000, 18.455, 0.000, 0.000, 0.000, 0.000, 0.000, 0.000, 0.000, 0.000, 0.000, 0.000, 0.000, 0.000, 0.000, 0.000, 0.000, 0.000, 0.000, 0.000]
  MODEL_REWARDS(s,a,*): [0.000, 0.000, 0.000, 18.455, 0.000, 0.000, 0.000, 0.000, 0.000, 0.000, 0.000, 0.000, 0.000, 0.000, 0.000, 0.000, 0.000, 0.000, 0.000, 0.000, 0.000, 0.000]
----------------------------------------
[DEBUG] Beta=1.0 Phase=addiction Step=560
  State: 3 -> Action: as2 -> Next: 3 (Reward: 0.0)
  Q_MF:  [0.040705, 0.550459, 0.076062, 0.010604, 0.049597, 0.033719, 0.034520, 0.070882, 0.078783]
  Q_MB:  [0.000000, 0.000000, 0.000000, 0.000000, 0.000000, 0.000000, 0.000000, 0.000000, 0.000000]
  Q_MIX: [0.000000, 0.000000, 0.000000, 0.000000, 0.000000, 0.000000, 0.000000, 0.000000, 0.000000]
  MODEL_COUNTS(s,a,*):  [0.000, 0.000, 0.000, 1.734, 0.000, 0.000, 0.000, 0.000, 0.000, 0.000, 0.000, 0.000, 0.000, 0.000, 0.000, 0.000, 0.000, 0.000, 0.000, 0.000, 0.000, 0.000]
  MODEL_REWARDS(s,a,*): [0.000, 0.000, 0.000, 0.000, 0.000, 0.000, 0.000, 0.000, 0.000, 0.000, 0.000, 0.000, 0.000, 0.000, 0.000, 0.000, 0.000, 0.000, 0.000, 0.000, 0.000, 0.000]
----------------------------------------
[DEBUG] Beta=1.0 Phase=addiction Step=561
  State: 3 -> Action: as3 -> Next: 2 (Reward: 0.0)
  Q_MF:  [0.063440, 0.550459, 0.076062, 0.010604, 0.049597, 0.033719, 0.034520, 0.070882, 0.078783]
  Q_MB:  [0.623612, 0.723377, 0.623612, 0.560043, 0.623612, 0.623612, 0.623612, 0.623612, 0.623612]
  Q_MIX: [0.623612, 0.723377, 0.623612, 0.560043, 0.623612, 0.623612, 0.623612, 0.623612, 0.623612]
  MODEL_COUNTS(s,a,*):  [0.000, 0.000, 19.792, 0.955, 0.000, 0.000, 0.000, 0.000, 0.000, 0.000, 0.000, 0.000, 0.000, 0.000, 0.000, 0.000, 0.000, 0.000, 0.000, 0.000, 0.000, 0.000]
  MODEL_REWARDS(s,a,*): [0.000, 0.000, 0.000, 0.000, 0.000, 0.000, 0.000, 0.000, 0.000, 0.000, 0.000, 0.000, 0.000, 0.000, 0.000, 0.000, 0.000, 0.000, 0.000, 0.000, 0.000, 0.000]
----------------------------------------
[DEBUG] Beta=1.0 Phase=addiction Step=562
  State: 2 -> Action: as3 -> Next: 2 (Reward: 0.0)
  Q_MF:  [0.784210, 0.080352, 0.056774, 0.107614, 0.071506, 0.085772, 0.050064, 0.038824, 0.109841]
  Q_MB:  [0.809354, 0.723825, 0.621747, 0.723825, 0.723825, 0.723825, 0.723825, 0.723825, 0.723825]
  Q_MIX: [0.809354, 0.723825, 0.621747, 0.723825, 0.723825, 0.723825, 0.723825, 0.723825, 0.723825]
  MODEL_COUNTS(s,a,*):  [0.000, 0.000, 2.394, 0.000, 0.000, 0.000, 0.000, 0.000, 0.000, 0.000, 0.000, 0.000, 0.000, 0.000, 0.000, 0.000, 0.000, 0.000, 0.000, 0.000, 0.000, 0.000]
  MODEL_REWARDS(s,a,*): [0.000, 0.000, 0.000, 0.000, 0.000, 0.000, 0.000, 0.000, 0.000, 0.000, 0.000, 0.000, 0.000, 0.000, 0.000, 0.000, 0.000, 0.000, 0.000, 0.000, 0.000, 0.000]
----------------------------------------
[DEBUG] Beta=1.0 Phase=addiction Step=563
  State: 2 -> Action: as2 -> Next: 1 (Reward: 0.0)
  Q_MF:  [0.784210, 0.111624, 0.056774, 0.107614, 0.071506, 0.085772, 0.050064, 0.038824, 0.109841]
  Q_MB:  [0.809178, 0.723668, 0.621612, 0.723668, 0.723668, 0.723668, 0.723668, 0.723668, 0.723668]
  Q_MIX: [0.809178, 0.723668, 0.621612, 0.723668, 0.723668, 0.723668, 0.723668, 0.723668, 0.723668]
  MODEL_COUNTS(s,a,*):  [0.000, 18.485, 0.124, 0.000, 0.000, 0.000, 0.000, 0.000, 0.000, 0.000, 0.000, 0.000, 0.000, 0.000, 0.000, 0.000, 0.000, 0.000, 0.000, 0.000, 0.000, 0.000]
  MODEL_REWARDS(s,a,*): [0.000, 0.000, 0.000, 0.000, 0.000, 0.000, 0.000, 0.000, 0.000, 0.000, 0.000, 0.000, 0.000, 0.000, 0.000, 0.000, 0.000, 0.000, 0.000, 0.000, 0.000, 0.000]
----------------------------------------
[DEBUG] Beta=1.0 Phase=addiction Step=564
  State: 1 -> Action: ag -> Next: 0 (Reward: 0.0)
  Q_MF:  [0.022326, 0.028391, 0.051732, 0.034734, 0.056481, 0.043734, 1.052820, 0.033592, 0.007193]
  Q_MB:  [0.000000, 0.000000, 0.000000, 0.000000, 0.000000, 0.000000, 0.899762, 0.000000, 0.000000]
  Q_MIX: [0.000000, 0.000000, 0.000000, 0.000000, 0.000000, 0.000000, 0.899762, 0.000000, 0.000000]
  MODEL_COUNTS(s,a,*):  [18.358, 0.004, 0.000, 0.000, 0.000, 0.000, 0.000, 0.000, 0.000, 0.000, 0.000, 0.000, 0.000, 0.000, 0.000, 0.000, 0.000, 0.000, 0.000, 0.000, 0.000, 0.000]
  MODEL_REWARDS(s,a,*): [0.000, 0.000, 0.000, 0.000, 0.000, 0.000, 0.000, 0.000, 0.000, 0.000, 0.000, 0.000, 0.000, 0.000, 0.000, 0.000, 0.000, 0.000, 0.000, 0.000, 0.000, 0.000]
----------------------------------------
[DEBUG] Beta=1.0 Phase=addiction Step=565
  State: 0 -> Action: ag -> Next: 3 (Reward: 1.0)
  Q_MF:  [0.038522, 0.052804, 0.058918, 0.039484, 0.045137, 0.090006, 1.344864, 0.000000, 0.059798]
  Q_MB:  [0.899979, 0.899979, 0.899979, 0.899979, 0.899979, 0.899979, 1.625130, 0.899979, 0.899979]
  Q_MIX: [0.899979, 0.899979, 0.899979, 0.899979, 0.899979, 0.899979, 1.625130, 0.899979, 0.899979]
  MODEL_COUNTS(s,a,*):  [0.004, 0.000, 0.000, 18.375, 0.000, 0.000, 0.000, 0.000, 0.000, 0.000, 0.000, 0.000, 0.000, 0.000, 0.000, 0.000, 0.000, 0.000, 0.000, 0.000, 0.000, 0.000]
  MODEL_REWARDS(s,a,*): [0.000, 0.000, 0.000, 18.375, 0.000, 0.000, 0.000, 0.000, 0.000, 0.000, 0.000, 0.000, 0.000, 0.000, 0.000, 0.000, 0.000, 0.000, 0.000, 0.000, 0.000, 0.000]
----------------------------------------
[DEBUG] Beta=1.0 Phase=addiction Step=566
  State: 3 -> Action: as2 -> Next: 3 (Reward: 0.0)
  Q_MF:  [0.063440, 0.558226, 0.076062, 0.010604, 0.049597, 0.033719, 0.034520, 0.070882, 0.078783]
  Q_MB:  [0.625309, 0.723563, 0.625309, 0.001545, 0.625309, 0.625309, 0.625309, 0.625309, 0.625309]
  Q_MIX: [0.625309, 0.723563, 0.625309, 0.001545, 0.625309, 0.625309, 0.625309, 0.625309, 0.625309]
  MODEL_COUNTS(s,a,*):  [0.000, 0.000, 0.000, 2.633, 0.000, 0.000, 0.000, 0.000, 0.000, 0.000, 0.000, 0.000, 0.000, 0.000, 0.000, 0.000, 0.000, 0.000, 0.000, 0.000, 0.000, 0.000]
  MODEL_REWARDS(s,a,*): [0.000, 0.000, 0.000, 0.000, 0.000, 0.000, 0.000, 0.000, 0.000, 0.000, 0.000, 0.000, 0.000, 0.000, 0.000, 0.000, 0.000, 0.000, 0.000, 0.000, 0.000, 0.000]
----------------------------------------
[DEBUG] Beta=1.0 Phase=addiction Step=567
  State: 3 -> Action: as3 -> Next: 2 (Reward: 0.0)
  Q_MF:  [0.085389, 0.558226, 0.076062, 0.010604, 0.049597, 0.033719, 0.034520, 0.070882, 0.078783]
  Q_MB:  [0.000000, 0.694672, 0.000000, 0.000000, 0.000000, 0.000000, 0.000000, 0.000000, 0.000000]
  Q_MIX: [0.000000, 0.694672, 0.000000, 0.000000, 0.000000, 0.000000, 0.000000, 0.000000, 0.000000]
  MODEL_COUNTS(s,a,*):  [0.000, 0.000, 19.633, 0.899, 0.000, 0.000, 0.000, 0.000, 0.000, 0.000, 0.000, 0.000, 0.000, 0.000, 0.000, 0.000, 0.000, 0.000, 0.000, 0.000, 0.000, 0.000]
  MODEL_REWARDS(s,a,*): [0.000, 0.000, 0.000, 0.000, 0.000, 0.000, 0.000, 0.000, 0.000, 0.000, 0.000, 0.000, 0.000, 0.000, 0.000, 0.000, 0.000, 0.000, 0.000, 0.000, 0.000, 0.000]
----------------------------------------
[DEBUG] Beta=1.0 Phase=addiction Step=568
  State: 2 -> Action: as4 -> Next: 3 (Reward: 0.0)
  Q_MF:  [0.792376, 0.111624, 0.056774, 0.107614, 0.071506, 0.085772, 0.050064, 0.038824, 0.109841]
  Q_MB:  [0.809389, 0.723954, 0.623315, 0.723954, 0.723954, 0.723954, 0.723954, 0.723954, 0.723954]
  Q_MIX: [0.809389, 0.723954, 0.623315, 0.723954, 0.723954, 0.723954, 0.723954, 0.723954, 0.723954]
  MODEL_COUNTS(s,a,*):  [0.000, 0.000, 0.004, 2.451, 0.000, 0.000, 0.000, 0.000, 0.000, 0.000, 0.000, 0.000, 0.000, 0.000, 0.000, 0.000, 0.000, 0.000, 0.000, 0.000, 0.000, 0.000]
  MODEL_REWARDS(s,a,*): [0.000, 0.000, 0.000, 0.000, 0.000, 0.000, 0.000, 0.000, 0.000, 0.000, 0.000, 0.000, 0.000, 0.000, 0.000, 0.000, 0.000, 0.000, 0.000, 0.000, 0.000, 0.000]
----------------------------------------
[DEBUG] Beta=1.0 Phase=addiction Step=569
  State: 3 -> Action: as3 -> Next: 2 (Reward: 0.0)
  Q_MF:  [0.085389, 0.565971, 0.076062, 0.010604, 0.049597, 0.033719, 0.034520, 0.070882, 0.078783]
  Q_MB:  [0.000000, 0.000000, 0.000000, 0.000000, 0.000000, 0.000000, 0.000000, 0.000000, 0.000000]
  Q_MIX: [0.000000, 0.000000, 0.000000, 0.000000, 0.000000, 0.000000, 0.000000, 0.000000, 0.000000]
  MODEL_COUNTS(s,a,*):  [0.000, 0.000, 20.243, 0.881, 0.000, 0.000, 0.000, 0.000, 0.000, 0.000, 0.000, 0.000, 0.000, 0.000, 0.000, 0.000, 0.000, 0.000, 0.000, 0.000, 0.000, 0.000]
  MODEL_REWARDS(s,a,*): [0.000, 0.000, 0.000, 0.000, 0.000, 0.000, 0.000, 0.000, 0.000, 0.000, 0.000, 0.000, 0.000, 0.000, 0.000, 0.000, 0.000, 0.000, 0.000, 0.000, 0.000, 0.000]
----------------------------------------
[DEBUG] Beta=1.0 Phase=addiction Step=570
  State: 2 -> Action: as2 -> Next: 1 (Reward: 0.0)
  Q_MF:  [0.792376, 0.111624, 0.079404, 0.107614, 0.071506, 0.085772, 0.050064, 0.038824, 0.109841]
  Q_MB:  [0.809225, 0.723954, 0.001183, 0.723954, 0.723954, 0.723954, 0.723954, 0.723954, 0.723954]
  Q_MIX: [0.809225, 0.723954, 0.001183, 0.723954, 0.723954, 0.723954, 0.723954, 0.723954, 0.723954]
  MODEL_COUNTS(s,a,*):  [0.000, 18.229, 0.116, 0.000, 0.000, 0.000, 0.000, 0.000, 0.000, 0.000, 0.000, 0.000, 0.000, 0.000, 0.000, 0.000, 0.000, 0.000, 0.000, 0.000, 0.000, 0.000]
  MODEL_REWARDS(s,a,*): [0.000, 0.000, 0.000, 0.000, 0.000, 0.000, 0.000, 0.000, 0.000, 0.000, 0.000, 0.000, 0.000, 0.000, 0.000, 0.000, 0.000, 0.000, 0.000, 0.000, 0.000, 0.000]
----------------------------------------
[DEBUG] Beta=1.0 Phase=addiction Step=571
  State: 1 -> Action: ag -> Next: 0 (Reward: 0.0)
  Q_MF:  [0.022326, 0.028391, 0.051732, 0.034734, 0.056481, 0.043734, 1.060698, 0.033592, 0.007193]
  Q_MB:  [0.809799, 0.729986, 0.809799, 0.809799, 0.809799, 0.809799, 0.899777, 0.809799, 0.809799]
  Q_MIX: [0.809799, 0.729986, 0.809799, 0.809799, 0.809799, 0.809799, 0.899777, 0.809799, 0.809799]
  MODEL_COUNTS(s,a,*):  [18.111, 0.004, 0.000, 0.000, 0.000, 0.000, 0.000, 0.000, 0.000, 0.000, 0.000, 0.000, 0.000, 0.000, 0.000, 0.000, 0.000, 0.000, 0.000, 0.000, 0.000, 0.000]
  MODEL_REWARDS(s,a,*): [0.000, 0.000, 0.000, 0.000, 0.000, 0.000, 0.000, 0.000, 0.000, 0.000, 0.000, 0.000, 0.000, 0.000, 0.000, 0.000, 0.000, 0.000, 0.000, 0.000, 0.000, 0.000]
----------------------------------------
[DEBUG] Beta=1.0 Phase=addiction Step=572
  State: 0 -> Action: aw -> Next: 0 (Reward: 0.0)
  Q_MF:  [0.038522, 0.052804, 0.058918, 0.039484, 0.045137, 0.090006, 1.352741, 0.000000, 0.059798]
  Q_MB:  [0.899797, 0.899797, 0.899797, 0.899797, 0.899797, 0.899797, 1.651438, 0.899797, 0.899797]
  Q_MIX: [0.899797, 0.899797, 0.899797, 0.899797, 0.899797, 0.899797, 1.651438, 0.899797, 0.899797]
  MODEL_COUNTS(s,a,*):  [1.822, 0.000, 0.000, 0.000, 0.000, 0.000, 0.000, 0.000, 0.000, 0.000, 0.000, 0.000, 0.000, 0.000, 0.000, 0.000, 0.000, 0.000, 0.000, 0.000, 0.000, 0.000]
  MODEL_REWARDS(s,a,*): [0.000, 0.000, 0.000, 0.000, 0.000, 0.000, 0.000, 0.000, 0.000, 0.000, 0.000, 0.000, 0.000, 0.000, 0.000, 0.000, 0.000, 0.000, 0.000, 0.000, 0.000, 0.000]
----------------------------------------
[DEBUG] Beta=1.0 Phase=addiction Step=573
  State: 0 -> Action: ag -> Next: 3 (Reward: 1.0)
  Q_MF:  [0.038522, 0.052804, 0.058918, 0.039484, 0.045137, 0.090006, 1.352741, 0.000000, 0.117681]
  Q_MB:  [0.899980, 0.899980, 0.899980, 0.899980, 0.899980, 0.899980, 1.628020, 0.899980, 0.899980]
  Q_MIX: [0.899980, 0.899980, 0.899980, 0.899980, 0.899980, 0.899980, 1.628020, 0.899980, 0.899980]
  MODEL_COUNTS(s,a,*):  [0.004, 0.000, 0.000, 17.956, 0.000, 0.000, 0.000, 0.000, 0.000, 0.000, 0.000, 0.000, 0.000, 0.000, 0.000, 0.000, 0.000, 0.000, 0.000, 0.000, 0.000, 0.000]
  MODEL_REWARDS(s,a,*): [0.000, 0.000, 0.000, 17.956, 0.000, 0.000, 0.000, 0.000, 0.000, 0.000, 0.000, 0.000, 0.000, 0.000, 0.000, 0.000, 0.000, 0.000, 0.000, 0.000, 0.000, 0.000]
----------------------------------------
[DEBUG] Beta=1.0 Phase=addiction Step=574
  State: 3 -> Action: aw -> Next: 3 (Reward: 0.0)
  Q_MF:  [0.085389, 0.573330, 0.076062, 0.010604, 0.049597, 0.033719, 0.034520, 0.070882, 0.078783]
  Q_MB:  [0.000000, 0.000000, 0.000000, 0.000000, 0.000000, 0.000000, 0.000000, 0.000000, 0.000000]
  Q_MIX: [0.000000, 0.000000, 0.000000, 0.000000, 0.000000, 0.000000, 0.000000, 0.000000, 0.000000]
  MODEL_COUNTS(s,a,*):  [0.000, 0.000, 0.000, 2.619, 0.000, 0.000, 0.000, 0.000, 0.000, 0.000, 0.000, 0.000, 0.000, 0.000, 0.000, 0.000, 0.000, 0.000, 0.000, 0.000, 0.000, 0.000]
  MODEL_REWARDS(s,a,*): [0.000, 0.000, 0.000, 0.000, 0.000, 0.000, 0.000, 0.000, 0.000, 0.000, 0.000, 0.000, 0.000, 0.000, 0.000, 0.000, 0.000, 0.000, 0.000, 0.000, 0.000, 0.000]
----------------------------------------
[DEBUG] Beta=1.0 Phase=addiction Step=575
  State: 3 -> Action: as3 -> Next: 2 (Reward: 0.0)
  Q_MF:  [0.085389, 0.573330, 0.076062, 0.010604, 0.049597, 0.033719, 0.034520, 0.070882, 0.100644]
  Q_MB:  [0.652774, 0.725348, 0.652774, 0.001613, 0.652774, 0.652774, 0.652774, 0.652774, 0.652774]
  Q_MIX: [0.652774, 0.725348, 0.652774, 0.001613, 0.652774, 0.652774, 0.652774, 0.652774, 0.652774]
  MODEL_COUNTS(s,a,*):  [0.000, 0.000, 20.058, 0.829, 0.000, 0.000, 0.000, 0.000, 0.000, 0.000, 0.000, 0.000, 0.000, 0.000, 0.000, 0.000, 0.000, 0.000, 0.000, 0.000, 0.000, 0.000]
  MODEL_REWARDS(s,a,*): [0.000, 0.000, 0.000, 0.000, 0.000, 0.000, 0.000, 0.000, 0.000, 0.000, 0.000, 0.000, 0.000, 0.000, 0.000, 0.000, 0.000, 0.000, 0.000, 0.000, 0.000, 0.000]
----------------------------------------
[DEBUG] Beta=1.0 Phase=addiction Step=576
  State: 2 -> Action: as2 -> Next: 1 (Reward: 0.0)
  Q_MF:  [0.800489, 0.111624, 0.079404, 0.107614, 0.071506, 0.085772, 0.050064, 0.038824, 0.109841]
  Q_MB:  [1.315911, 0.728226, 0.651996, 0.728226, 0.728226, 0.728226, 0.728226, 0.728226, 0.728226]
  Q_MIX: [1.315911, 0.728226, 0.651996, 0.728226, 0.728226, 0.728226, 0.728226, 0.728226, 0.728226]
  MODEL_COUNTS(s,a,*):  [0.000, 18.163, 0.109, 0.000, 0.000, 0.000, 0.000, 0.000, 0.000, 0.000, 0.000, 0.000, 0.000, 0.000, 0.000, 0.000, 0.000, 0.000, 0.000, 0.000, 0.000, 0.000]
  MODEL_REWARDS(s,a,*): [0.000, 0.000, 0.000, 0.000, 0.000, 0.000, 0.000, 0.000, 0.000, 0.000, 0.000, 0.000, 0.000, 0.000, 0.000, 0.000, 0.000, 0.000, 0.000, 0.000, 0.000, 0.000]
----------------------------------------
[DEBUG] Beta=1.0 Phase=addiction Step=577
  State: 1 -> Action: ag -> Next: 0 (Reward: 0.0)
  Q_MF:  [0.022326, 0.028391, 0.051732, 0.034734, 0.056481, 0.043734, 1.068537, 0.033592, 0.007193]
  Q_MB:  [1.334941, 0.736726, 1.334941, 1.334941, 1.334941, 1.334941, 1.483380, 1.334941, 1.334941]
  Q_MIX: [1.334941, 0.736726, 1.334941, 1.334941, 1.334941, 1.334941, 1.483380, 1.334941, 1.334941]
  MODEL_COUNTS(s,a,*):  [18.051, 0.004, 0.000, 0.000, 0.000, 0.000, 0.000, 0.000, 0.000, 0.000, 0.000, 0.000, 0.000, 0.000, 0.000, 0.000, 0.000, 0.000, 0.000, 0.000, 0.000, 0.000]
  MODEL_REWARDS(s,a,*): [0.000, 0.000, 0.000, 0.000, 0.000, 0.000, 0.000, 0.000, 0.000, 0.000, 0.000, 0.000, 0.000, 0.000, 0.000, 0.000, 0.000, 0.000, 0.000, 0.000, 0.000, 0.000]
----------------------------------------
[DEBUG] Beta=1.0 Phase=addiction Step=578
  State: 0 -> Action: ag -> Next: 3 (Reward: 1.0)
  Q_MF:  [0.038522, 0.052804, 0.058918, 0.039484, 0.045137, 0.090006, 1.360904, 0.000000, 0.117681]
  Q_MB:  [0.899981, 0.899981, 0.899981, 0.899981, 0.899981, 0.899981, 1.626110, 0.899981, 0.899981]
  Q_MIX: [0.899981, 0.899981, 0.899981, 0.899981, 0.899981, 0.899981, 1.626110, 0.899981, 0.899981]
  MODEL_COUNTS(s,a,*):  [0.004, 0.000, 0.000, 18.076, 0.000, 0.000, 0.000, 0.000, 0.000, 0.000, 0.000, 0.000, 0.000, 0.000, 0.000, 0.000, 0.000, 0.000, 0.000, 0.000, 0.000, 0.000]
  MODEL_REWARDS(s,a,*): [0.000, 0.000, 0.000, 18.076, 0.000, 0.000, 0.000, 0.000, 0.000, 0.000, 0.000, 0.000, 0.000, 0.000, 0.000, 0.000, 0.000, 0.000, 0.000, 0.000, 0.000, 0.000]
----------------------------------------
[DEBUG] Beta=1.0 Phase=addiction Step=579
  State: 3 -> Action: as3 -> Next: 2 (Reward: 0.0)
  Q_MF:  [0.085389, 0.580685, 0.076062, 0.010604, 0.049597, 0.033719, 0.034520, 0.070882, 0.100644]
  Q_MB:  [0.000000, 0.695850, 0.000000, 0.000000, 0.000000, 0.000000, 0.000000, 0.000000, 0.000000]
  Q_MIX: [0.000000, 0.695850, 0.000000, 0.000000, 0.000000, 0.000000, 0.000000, 0.000000, 0.000000]
  MODEL_COUNTS(s,a,*):  [0.000, 0.000, 20.268, 0.797, 0.000, 0.000, 0.000, 0.000, 0.000, 0.000, 0.000, 0.000, 0.000, 0.000, 0.000, 0.000, 0.000, 0.000, 0.000, 0.000, 0.000, 0.000]
  MODEL_REWARDS(s,a,*): [0.000, 0.000, 0.000, 0.000, 0.000, 0.000, 0.000, 0.000, 0.000, 0.000, 0.000, 0.000, 0.000, 0.000, 0.000, 0.000, 0.000, 0.000, 0.000, 0.000, 0.000, 0.000]
----------------------------------------
[DEBUG] Beta=1.0 Phase=addiction Step=580
  State: 2 -> Action: as6 -> Next: 2 (Reward: 0.0)
  Q_MF:  [0.808549, 0.111624, 0.079404, 0.107614, 0.071506, 0.085772, 0.050064, 0.038824, 0.109841]
  Q_MB:  [0.804991, 0.000000, 0.000000, 0.000000, 0.000000, 0.000000, 0.000000, 0.000000, 0.000000]
  Q_MIX: [0.804991, 0.000000, 0.000000, 0.000000, 0.000000, 0.000000, 0.000000, 0.000000, 0.000000]
  MODEL_COUNTS(s,a,*):  [0.000, 0.000, 1.770, 0.000, 0.000, 0.000, 0.000, 0.000, 0.000, 0.000, 0.000, 0.000, 0.000, 0.000, 0.000, 0.000, 0.000, 0.000, 0.000, 0.000, 0.000, 0.000]
  MODEL_REWARDS(s,a,*): [0.000, 0.000, 0.000, 0.000, 0.000, 0.000, 0.000, 0.000, 0.000, 0.000, 0.000, 0.000, 0.000, 0.000, 0.000, 0.000, 0.000, 0.000, 0.000, 0.000, 0.000, 0.000]
----------------------------------------
[DEBUG] Beta=1.0 Phase=addiction Step=581
  State: 2 -> Action: ag -> Next: 2 (Reward: 0.0)
  Q_MF:  [0.808549, 0.111624, 0.079404, 0.107614, 0.104316, 0.085772, 0.050064, 0.038824, 0.109841]
  Q_MB:  [0.000000, 0.000000, 0.000000, 0.000000, 0.000000, 0.000000, 0.000000, 0.000000, 0.000000]
  Q_MIX: [0.000000, 0.000000, 0.000000, 0.000000, 0.000000, 0.000000, 0.000000, 0.000000, 0.000000]
  MODEL_COUNTS(s,a,*):  [0.000, 0.000, 1.301, 0.000, 0.000, 0.000, 0.000, 0.000, 0.000, 0.000, 0.000, 0.000, 0.000, 0.000, 0.000, 0.000, 0.000, 0.000, 0.000, 0.000, 0.000, 0.000]
  MODEL_REWARDS(s,a,*): [0.000, 0.000, 0.000, 0.000, 0.000, 0.000, 0.000, 0.000, 0.000, 0.000, 0.000, 0.000, 0.000, 0.000, 0.000, 0.000, 0.000, 0.000, 0.000, 0.000, 0.000, 0.000]
----------------------------------------
[DEBUG] Beta=1.0 Phase=addiction Step=582
  State: 2 -> Action: as2 -> Next: 1 (Reward: 0.0)
  Q_MF:  [0.808549, 0.111624, 0.079404, 0.107614, 0.104316, 0.085772, 0.083945, 0.038824, 0.109841]
  Q_MB:  [0.809482, 0.728533, 0.652461, 0.728533, 0.728533, 0.728533, 0.728533, 0.728533, 0.728533]
  Q_MIX: [0.809482, 0.728533, 0.652461, 0.728533, 0.728533, 0.728533, 0.728533, 0.728533, 0.728533]
  MODEL_COUNTS(s,a,*):  [0.000, 18.100, 0.103, 0.000, 0.000, 0.000, 0.000, 0.000, 0.000, 0.000, 0.000, 0.000, 0.000, 0.000, 0.000, 0.000, 0.000, 0.000, 0.000, 0.000, 0.000, 0.000]
  MODEL_REWARDS(s,a,*): [0.000, 0.000, 0.000, 0.000, 0.000, 0.000, 0.000, 0.000, 0.000, 0.000, 0.000, 0.000, 0.000, 0.000, 0.000, 0.000, 0.000, 0.000, 0.000, 0.000, 0.000, 0.000]
----------------------------------------
[DEBUG] Beta=1.0 Phase=addiction Step=583
  State: 1 -> Action: ag -> Next: 0 (Reward: 0.0)
  Q_MF:  [0.022326, 0.028391, 0.051732, 0.034734, 0.056481, 0.043734, 1.076351, 0.033592, 0.007193]
  Q_MB:  [0.809967, 0.730185, 0.809967, 0.809967, 0.809967, 0.809967, 1.486829, 0.809967, 0.809967]
  Q_MIX: [0.809967, 0.730185, 0.809967, 0.809967, 0.809967, 0.809967, 1.486829, 0.809967, 0.809967]
  MODEL_COUNTS(s,a,*):  [17.994, 0.003, 0.000, 0.000, 0.000, 0.000, 0.000, 0.000, 0.000, 0.000, 0.000, 0.000, 0.000, 0.000, 0.000, 0.000, 0.000, 0.000, 0.000, 0.000, 0.000, 0.000]
  MODEL_REWARDS(s,a,*): [0.000, 0.000, 0.000, 0.000, 0.000, 0.000, 0.000, 0.000, 0.000, 0.000, 0.000, 0.000, 0.000, 0.000, 0.000, 0.000, 0.000, 0.000, 0.000, 0.000, 0.000, 0.000]
----------------------------------------
[DEBUG] Beta=1.0 Phase=addiction Step=584
  State: 0 -> Action: ag -> Next: 3 (Reward: 1.0)
  Q_MF:  [0.038522, 0.052804, 0.058918, 0.039484, 0.045137, 0.090006, 1.368990, 0.000000, 0.117681]
  Q_MB:  [0.899982, 0.899982, 0.899982, 0.899982, 0.899982, 0.899982, 0.999980, 0.899982, 0.899982]
  Q_MIX: [0.899982, 0.899982, 0.899982, 0.899982, 0.899982, 0.899982, 0.999980, 0.899982, 0.899982]
  MODEL_COUNTS(s,a,*):  [0.003, 0.000, 0.000, 18.018, 0.000, 0.000, 0.000, 0.000, 0.000, 0.000, 0.000, 0.000, 0.000, 0.000, 0.000, 0.000, 0.000, 0.000, 0.000, 0.000, 0.000, 0.000]
  MODEL_REWARDS(s,a,*): [0.000, 0.000, 0.000, 18.018, 0.000, 0.000, 0.000, 0.000, 0.000, 0.000, 0.000, 0.000, 0.000, 0.000, 0.000, 0.000, 0.000, 0.000, 0.000, 0.000, 0.000, 0.000]
----------------------------------------
[DEBUG] Beta=1.0 Phase=addiction Step=585
  State: 3 -> Action: ag -> Next: 3 (Reward: 0.0)
  Q_MF:  [0.085389, 0.588036, 0.076062, 0.010604, 0.049597, 0.033719, 0.034520, 0.070882, 0.100644]
  Q_MB:  [0.000000, 0.000000, 0.000000, 0.000000, 0.000000, 0.000000, 0.000000, 0.000000, 0.000000]
  Q_MIX: [0.000000, 0.000000, 0.000000, 0.000000, 0.000000, 0.000000, 0.000000, 0.000000, 0.000000]
  MODEL_COUNTS(s,a,*):  [0.000, 0.000, 0.000, 1.407, 0.000, 0.000, 0.000, 0.000, 0.000, 0.000, 0.000, 0.000, 0.000, 0.000, 0.000, 0.000, 0.000, 0.000, 0.000, 0.000, 0.000, 0.000]
  MODEL_REWARDS(s,a,*): [0.000, 0.000, 0.000, 0.000, 0.000, 0.000, 0.000, 0.000, 0.000, 0.000, 0.000, 0.000, 0.000, 0.000, 0.000, 0.000, 0.000, 0.000, 0.000, 0.000, 0.000, 0.000]
----------------------------------------
[DEBUG] Beta=1.0 Phase=addiction Step=586
  State: 3 -> Action: as3 -> Next: 2 (Reward: 0.0)
  Q_MF:  [0.085389, 0.588036, 0.076062, 0.010604, 0.049597, 0.033719, 0.059256, 0.070882, 0.100644]
  Q_MB:  [0.627595, 1.162286, 0.627595, 0.563620, 0.627595, 0.627595, 0.627595, 0.627595, 0.627595]
  Q_MIX: [0.627595, 1.162286, 0.627595, 0.563620, 0.627595, 0.627595, 0.627595, 0.627595, 0.627595]
  MODEL_COUNTS(s,a,*):  [0.000, 0.000, 19.891, 0.743, 0.000, 0.000, 0.000, 0.000, 0.000, 0.000, 0.000, 0.000, 0.000, 0.000, 0.000, 0.000, 0.000, 0.000, 0.000, 0.000, 0.000, 0.000]
  MODEL_REWARDS(s,a,*): [0.000, 0.000, 0.000, 0.000, 0.000, 0.000, 0.000, 0.000, 0.000, 0.000, 0.000, 0.000, 0.000, 0.000, 0.000, 0.000, 0.000, 0.000, 0.000, 0.000, 0.000, 0.000]
----------------------------------------
[DEBUG] Beta=1.0 Phase=addiction Step=587
  State: 2 -> Action: aw -> Next: 2 (Reward: 0.0)
  Q_MF:  [0.816557, 0.111624, 0.079404, 0.107614, 0.104316, 0.085772, 0.083945, 0.038824, 0.109841]
  Q_MB:  [0.000000, 0.000000, 0.000000, 0.000000, 0.000000, 0.000000, 0.000000, 0.000000, 0.000000]
  Q_MIX: [0.000000, 0.000000, 0.000000, 0.000000, 0.000000, 0.000000, 0.000000, 0.000000, 0.000000]
  MODEL_COUNTS(s,a,*):  [0.000, 0.000, 2.516, 0.000, 0.000, 0.000, 0.000, 0.000, 0.000, 0.000, 0.000, 0.000, 0.000, 0.000, 0.000, 0.000, 0.000, 0.000, 0.000, 0.000, 0.000, 0.000]
  MODEL_REWARDS(s,a,*): [0.000, 0.000, 0.000, 0.000, 0.000, 0.000, 0.000, 0.000, 0.000, 0.000, 0.000, 0.000, 0.000, 0.000, 0.000, 0.000, 0.000, 0.000, 0.000, 0.000, 0.000, 0.000]
----------------------------------------
[DEBUG] Beta=1.0 Phase=addiction Step=588
  State: 2 -> Action: as2 -> Next: 1 (Reward: 0.0)
  Q_MF:  [0.816557, 0.111624, 0.079404, 0.107614, 0.104316, 0.085772, 0.083945, 0.038824, 0.141094]
  Q_MB:  [0.809489, 0.724864, 0.001185, 0.724864, 0.724864, 0.724864, 0.724864, 0.724864, 0.724864]
  Q_MIX: [0.809489, 0.724864, 0.001185, 0.724864, 0.724864, 0.724864, 0.724864, 0.724864, 0.724864]
  MODEL_COUNTS(s,a,*):  [0.000, 18.041, 0.097, 0.000, 0.000, 0.000, 0.000, 0.000, 0.000, 0.000, 0.000, 0.000, 0.000, 0.000, 0.000, 0.000, 0.000, 0.000, 0.000, 0.000, 0.000, 0.000]
  MODEL_REWARDS(s,a,*): [0.000, 0.000, 0.000, 0.000, 0.000, 0.000, 0.000, 0.000, 0.000, 0.000, 0.000, 0.000, 0.000, 0.000, 0.000, 0.000, 0.000, 0.000, 0.000, 0.000, 0.000, 0.000]
----------------------------------------
[DEBUG] Beta=1.0 Phase=addiction Step=589
  State: 1 -> Action: ag -> Next: 0 (Reward: 0.0)
  Q_MF:  [0.022326, 0.028391, 0.051732, 0.034734, 0.056481, 0.043734, 1.084138, 0.033592, 0.007193]
  Q_MB:  [1.319254, 0.736896, 1.319254, 1.319254, 1.319254, 1.319254, 1.465936, 1.319254, 1.319254]
  Q_MIX: [1.319254, 0.736896, 1.319254, 1.319254, 1.319254, 1.319254, 1.465936, 1.319254, 1.319254]
  MODEL_COUNTS(s,a,*):  [17.941, 0.003, 0.000, 0.000, 0.000, 0.000, 0.000, 0.000, 0.000, 0.000, 0.000, 0.000, 0.000, 0.000, 0.000, 0.000, 0.000, 0.000, 0.000, 0.000, 0.000, 0.000]
  MODEL_REWARDS(s,a,*): [0.000, 0.000, 0.000, 0.000, 0.000, 0.000, 0.000, 0.000, 0.000, 0.000, 0.000, 0.000, 0.000, 0.000, 0.000, 0.000, 0.000, 0.000, 0.000, 0.000, 0.000, 0.000]
----------------------------------------
[DEBUG] Beta=1.0 Phase=addiction Step=590
  State: 0 -> Action: ag -> Next: 3 (Reward: 1.0)
  Q_MF:  [0.038522, 0.052804, 0.058918, 0.039484, 0.045137, 0.090006, 1.377002, 0.000000, 0.117681]
  Q_MB:  [1.487016, 1.487016, 1.487016, 1.487016, 1.487016, 1.487016, 1.652351, 1.487016, 1.487016]
  Q_MIX: [1.487016, 1.487016, 1.487016, 1.487016, 1.487016, 1.487016, 1.652351, 1.487016, 1.487016]
  MODEL_COUNTS(s,a,*):  [0.003, 0.000, 0.000, 17.963, 0.000, 0.000, 0.000, 0.000, 0.000, 0.000, 0.000, 0.000, 0.000, 0.000, 0.000, 0.000, 0.000, 0.000, 0.000, 0.000, 0.000, 0.000]
  MODEL_REWARDS(s,a,*): [0.000, 0.000, 0.000, 17.963, 0.000, 0.000, 0.000, 0.000, 0.000, 0.000, 0.000, 0.000, 0.000, 0.000, 0.000, 0.000, 0.000, 0.000, 0.000, 0.000, 0.000, 0.000]
----------------------------------------
[DEBUG] Beta=1.0 Phase=addiction Step=591
  State: 3 -> Action: as3 -> Next: 2 (Reward: 0.0)
  Q_MF:  [0.085389, 0.595379, 0.076062, 0.010604, 0.049597, 0.033719, 0.059256, 0.070882, 0.100644]
  Q_MB:  [0.632009, 0.724977, 0.632009, 0.568823, 0.632009, 0.632009, 0.632009, 0.632009, 0.632009]
  Q_MIX: [0.632009, 0.724977, 0.632009, 0.568823, 0.632009, 0.632009, 0.632009, 0.632009, 0.632009]
  MODEL_COUNTS(s,a,*):  [0.000, 0.000, 19.916, 0.706, 0.000, 0.000, 0.000, 0.000, 0.000, 0.000, 0.000, 0.000, 0.000, 0.000, 0.000, 0.000, 0.000, 0.000, 0.000, 0.000, 0.000, 0.000]
  MODEL_REWARDS(s,a,*): [0.000, 0.000, 0.000, 0.000, 0.000, 0.000, 0.000, 0.000, 0.000, 0.000, 0.000, 0.000, 0.000, 0.000, 0.000, 0.000, 0.000, 0.000, 0.000, 0.000, 0.000, 0.000]
----------------------------------------
[DEBUG] Beta=1.0 Phase=addiction Step=592
  State: 2 -> Action: as2 -> Next: 1 (Reward: 0.0)
  Q_MF:  [0.824515, 0.111624, 0.079404, 0.107614, 0.104316, 0.085772, 0.083945, 0.038824, 0.141094]
  Q_MB:  [1.335771, 0.728583, 0.653508, 0.728583, 0.728583, 0.728583, 0.728583, 0.728583, 0.728583]
  Q_MIX: [1.335771, 0.728583, 0.653508, 0.728583, 0.728583, 0.728583, 0.728583, 0.728583, 0.728583]
  MODEL_COUNTS(s,a,*):  [0.000, 18.330, 0.093, 0.000, 0.000, 0.000, 0.000, 0.000, 0.000, 0.000, 0.000, 0.000, 0.000, 0.000, 0.000, 0.000, 0.000, 0.000, 0.000, 0.000, 0.000, 0.000]
  MODEL_REWARDS(s,a,*): [0.000, 0.000, 0.000, 0.000, 0.000, 0.000, 0.000, 0.000, 0.000, 0.000, 0.000, 0.000, 0.000, 0.000, 0.000, 0.000, 0.000, 0.000, 0.000, 0.000, 0.000, 0.000]
----------------------------------------
[DEBUG] Beta=1.0 Phase=addiction Step=593
  State: 1 -> Action: as5 -> Next: 1 (Reward: 0.0)
  Q_MF:  [0.022326, 0.028391, 0.051732, 0.034734, 0.056481, 0.043734, 1.091896, 0.033592, 0.007193]
  Q_MB:  [0.000000, 0.000000, 0.000000, 0.000000, 0.000000, 0.000000, 0.000000, 0.000000, 0.000000]
  Q_MIX: [0.000000, 0.000000, 0.000000, 0.000000, 0.000000, 0.000000, 0.000000, 0.000000, 0.000000]
  MODEL_COUNTS(s,a,*):  [0.000, 1.137, 0.000, 0.000, 0.000, 0.000, 0.000, 0.000, 0.000, 0.000, 0.000, 0.000, 0.000, 0.000, 0.000, 0.000, 0.000, 0.000, 0.000, 0.000, 0.000, 0.000]
  MODEL_REWARDS(s,a,*): [0.000, 0.000, 0.000, 0.000, 0.000, 0.000, 0.000, 0.000, 0.000, 0.000, 0.000, 0.000, 0.000, 0.000, 0.000, 0.000, 0.000, 0.000, 0.000, 0.000, 0.000, 0.000]
----------------------------------------
[DEBUG] Beta=1.0 Phase=addiction Step=594
  State: 1 -> Action: ag -> Next: 0 (Reward: 0.0)
  Q_MF:  [0.022326, 0.028391, 0.051732, 0.082133, 0.056481, 0.043734, 1.091896, 0.033592, 0.007193]
  Q_MB:  [0.000000, 0.000000, 0.000000, 0.000000, 0.000000, 0.000000, 0.899821, 0.000000, 0.000000]
  Q_MIX: [0.000000, 0.000000, 0.000000, 0.000000, 0.000000, 0.000000, 0.899821, 0.000000, 0.000000]
  MODEL_COUNTS(s,a,*):  [18.062, 0.003, 0.000, 0.000, 0.000, 0.000, 0.000, 0.000, 0.000, 0.000, 0.000, 0.000, 0.000, 0.000, 0.000, 0.000, 0.000, 0.000, 0.000, 0.000, 0.000, 0.000]
  MODEL_REWARDS(s,a,*): [0.000, 0.000, 0.000, 0.000, 0.000, 0.000, 0.000, 0.000, 0.000, 0.000, 0.000, 0.000, 0.000, 0.000, 0.000, 0.000, 0.000, 0.000, 0.000, 0.000, 0.000, 0.000]
----------------------------------------
[DEBUG] Beta=1.0 Phase=addiction Step=595
  State: 0 -> Action: as6 -> Next: 0 (Reward: 0.0)
  Q_MF:  [0.038522, 0.052804, 0.058918, 0.039484, 0.045137, 0.090006, 1.384944, 0.000000, 0.117681]
  Q_MB:  [0.899984, 0.899984, 0.899984, 0.899984, 0.899984, 0.899984, 0.999982, 0.899984, 0.899984]
  Q_MIX: [0.899984, 0.899984, 0.899984, 0.899984, 0.899984, 0.899984, 0.999982, 0.899984, 0.899984]
  MODEL_COUNTS(s,a,*):  [1.083, 0.000, 0.000, 0.000, 0.000, 0.000, 0.000, 0.000, 0.000, 0.000, 0.000, 0.000, 0.000, 0.000, 0.000, 0.000, 0.000, 0.000, 0.000, 0.000, 0.000, 0.000]
  MODEL_REWARDS(s,a,*): [0.000, 0.000, 0.000, 0.000, 0.000, 0.000, 0.000, 0.000, 0.000, 0.000, 0.000, 0.000, 0.000, 0.000, 0.000, 0.000, 0.000, 0.000, 0.000, 0.000, 0.000, 0.000]
----------------------------------------
[DEBUG] Beta=1.0 Phase=addiction Step=596
  State: 0 -> Action: ag -> Next: 3 (Reward: 1.0)
  Q_MF:  [0.038522, 0.052804, 0.058918, 0.039484, 0.105203, 0.090006, 1.384944, 0.000000, 0.117681]
  Q_MB:  [0.899984, 0.899984, 0.899984, 0.899984, 0.899984, 0.899984, 0.999982, 0.899984, 0.899984]
  Q_MIX: [0.899984, 0.899984, 0.899984, 0.899984, 0.899984, 0.899984, 0.999982, 0.899984, 0.899984]
  MODEL_COUNTS(s,a,*):  [0.003, 0.000, 0.000, 17.912, 0.000, 0.000, 0.000, 0.000, 0.000, 0.000, 0.000, 0.000, 0.000, 0.000, 0.000, 0.000, 0.000, 0.000, 0.000, 0.000, 0.000, 0.000]
  MODEL_REWARDS(s,a,*): [0.000, 0.000, 0.000, 17.912, 0.000, 0.000, 0.000, 0.000, 0.000, 0.000, 0.000, 0.000, 0.000, 0.000, 0.000, 0.000, 0.000, 0.000, 0.000, 0.000, 0.000, 0.000]
----------------------------------------
[DEBUG] Beta=1.0 Phase=addiction Step=597
  State: 3 -> Action: as4 -> Next: 3 (Reward: 0.0)
  Q_MF:  [0.085389, 0.602713, 0.076062, 0.010604, 0.049597, 0.033719, 0.059256, 0.070882, 0.100644]
  Q_MB:  [0.000000, 0.000000, 0.000000, 0.000000, 0.000000, 0.000000, 0.000000, 0.000000, 0.000000]
  Q_MIX: [0.000000, 0.000000, 0.000000, 0.000000, 0.000000, 0.000000, 0.000000, 0.000000, 0.000000]
  MODEL_COUNTS(s,a,*):  [0.000, 0.000, 0.000, 1.947, 0.000, 0.000, 0.000, 0.000, 0.000, 0.000, 0.000, 0.000, 0.000, 0.000, 0.000, 0.000, 0.000, 0.000, 0.000, 0.000, 0.000, 0.000]
  MODEL_REWARDS(s,a,*): [0.000, 0.000, 0.000, 0.000, 0.000, 0.000, 0.000, 0.000, 0.000, 0.000, 0.000, 0.000, 0.000, 0.000, 0.000, 0.000, 0.000, 0.000, 0.000, 0.000, 0.000, 0.000]
----------------------------------------
[DEBUG] Beta=1.0 Phase=addiction Step=598
  State: 3 -> Action: as4 -> Next: 3 (Reward: 0.0)
  Q_MF:  [0.085389, 0.602713, 0.099381, 0.010604, 0.049597, 0.033719, 0.059256, 0.070882, 0.100644]
  Q_MB:  [0.000000, 0.000000, 0.000000, 0.000000, 0.000000, 0.000000, 0.000000, 0.000000, 0.000000]
  Q_MIX: [0.000000, 0.000000, 0.000000, 0.000000, 0.000000, 0.000000, 0.000000, 0.000000, 0.000000]
  MODEL_COUNTS(s,a,*):  [0.000, 0.000, 0.000, 2.928, 0.000, 0.000, 0.000, 0.000, 0.000, 0.000, 0.000, 0.000, 0.000, 0.000, 0.000, 0.000, 0.000, 0.000, 0.000, 0.000, 0.000, 0.000]
  MODEL_REWARDS(s,a,*): [0.000, 0.000, 0.000, 0.000, 0.000, 0.000, 0.000, 0.000, 0.000, 0.000, 0.000, 0.000, 0.000, 0.000, 0.000, 0.000, 0.000, 0.000, 0.000, 0.000, 0.000, 0.000]
----------------------------------------
[DEBUG] Beta=1.0 Phase=addiction Step=599
  State: 3 -> Action: as3 -> Next: 2 (Reward: 0.0)
  Q_MF:  [0.085389, 0.602713, 0.121534, 0.010604, 0.049597, 0.033719, 0.059256, 0.070882, 0.100644]
  Q_MB:  [0.000000, 0.703641, 0.000000, 0.000000, 0.000000, 0.000000, 0.000000, 0.000000, 0.000000]
  Q_MIX: [0.000000, 0.703641, 0.000000, 0.000000, 0.000000, 0.000000, 0.000000, 0.000000, 0.000000]
  MODEL_COUNTS(s,a,*):  [0.000, 0.000, 19.377, 0.652, 0.000, 0.000, 0.000, 0.000, 0.000, 0.000, 0.000, 0.000, 0.000, 0.000, 0.000, 0.000, 0.000, 0.000, 0.000, 0.000, 0.000, 0.000]
  MODEL_REWARDS(s,a,*): [0.000, 0.000, 0.000, 0.000, 0.000, 0.000, 0.000, 0.000, 0.000, 0.000, 0.000, 0.000, 0.000, 0.000, 0.000, 0.000, 0.000, 0.000, 0.000, 0.000, 0.000, 0.000]
----------------------------------------
[DEBUG] Beta=1.0 Phase=addiction Step=600
  State: 2 -> Action: as7 -> Next: 2 (Reward: 0.0)
  Q_MF:  [0.832425, 0.111624, 0.079404, 0.107614, 0.104316, 0.085772, 0.083945, 0.038824, 0.141094]
  Q_MB:  [0.000000, 0.000000, 0.000000, 0.000000, 0.000000, 0.000000, 0.000000, 0.000000, 0.000000]
  Q_MIX: [0.000000, 0.000000, 0.000000, 0.000000, 0.000000, 0.000000, 0.000000, 0.000000, 0.000000]
  MODEL_COUNTS(s,a,*):  [0.000, 0.000, 1.846, 0.000, 0.000, 0.000, 0.000, 0.000, 0.000, 0.000, 0.000, 0.000, 0.000, 0.000, 0.000, 0.000, 0.000, 0.000, 0.000, 0.000, 0.000, 0.000]
  MODEL_REWARDS(s,a,*): [0.000, 0.000, 0.000, 0.000, 0.000, 0.000, 0.000, 0.000, 0.000, 0.000, 0.000, 0.000, 0.000, 0.000, 0.000, 0.000, 0.000, 0.000, 0.000, 0.000, 0.000, 0.000]
----------------------------------------
[DEBUG] Beta=1.0 Phase=addiction Step=601
  State: 2 -> Action: as2 -> Next: 1 (Reward: 0.0)
  Q_MF:  [0.832425, 0.111624, 0.079404, 0.107614, 0.104316, 0.118943, 0.083945, 0.038824, 0.141094]
  Q_MB:  [0.809563, 0.728590, 0.634552, 0.728590, 0.728590, 0.728590, 0.728590, 0.728590, 0.728590]
  Q_MIX: [0.809563, 0.728590, 0.634552, 0.728590, 0.728590, 0.728590, 0.728590, 0.728590, 0.728590]
  MODEL_COUNTS(s,a,*):  [0.000, 17.745, 0.085, 0.000, 0.000, 0.000, 0.000, 0.000, 0.000, 0.000, 0.000, 0.000, 0.000, 0.000, 0.000, 0.000, 0.000, 0.000, 0.000, 0.000, 0.000, 0.000]
  MODEL_REWARDS(s,a,*): [0.000, 0.000, 0.000, 0.000, 0.000, 0.000, 0.000, 0.000, 0.000, 0.000, 0.000, 0.000, 0.000, 0.000, 0.000, 0.000, 0.000, 0.000, 0.000, 0.000, 0.000, 0.000]
----------------------------------------
[DEBUG] Beta=1.0 Phase=addiction Step=602
  State: 1 -> Action: ag -> Next: 0 (Reward: 0.0)
  Q_MF:  [0.022326, 0.028391, 0.051732, 0.082133, 0.056481, 0.043734, 1.099623, 0.033592, 0.007193]
  Q_MB:  [0.809972, 0.727115, 0.809972, 0.809972, 0.809972, 0.809972, 0.899969, 0.809972, 0.809972]
  Q_MIX: [0.809972, 0.727115, 0.809972, 0.809972, 0.809972, 0.809972, 0.899969, 0.809972, 0.809972]
  MODEL_COUNTS(s,a,*):  [17.667, 0.003, 0.000, 0.000, 0.000, 0.000, 0.000, 0.000, 0.000, 0.000, 0.000, 0.000, 0.000, 0.000, 0.000, 0.000, 0.000, 0.000, 0.000, 0.000, 0.000, 0.000]
  MODEL_REWARDS(s,a,*): [0.000, 0.000, 0.000, 0.000, 0.000, 0.000, 0.000, 0.000, 0.000, 0.000, 0.000, 0.000, 0.000, 0.000, 0.000, 0.000, 0.000, 0.000, 0.000, 0.000, 0.000, 0.000]
----------------------------------------
[DEBUG] Beta=1.0 Phase=addiction Step=603
  State: 0 -> Action: ag -> Next: 3 (Reward: 1.0)
  Q_MF:  [0.038522, 0.052804, 0.058918, 0.039484, 0.105203, 0.090006, 1.392819, 0.000000, 0.117681]
  Q_MB:  [0.899848, 0.899848, 0.899848, 0.899848, 0.899848, 0.899848, 0.999983, 0.899848, 0.899848]
  Q_MIX: [0.899848, 0.899848, 0.899848, 0.899848, 0.899848, 0.899848, 0.999983, 0.899848, 0.899848]
  MODEL_COUNTS(s,a,*):  [0.003, 0.000, 0.000, 17.695, 0.000, 0.000, 0.000, 0.000, 0.000, 0.000, 0.000, 0.000, 0.000, 0.000, 0.000, 0.000, 0.000, 0.000, 0.000, 0.000, 0.000, 0.000]
  MODEL_REWARDS(s,a,*): [0.000, 0.000, 0.000, 17.695, 0.000, 0.000, 0.000, 0.000, 0.000, 0.000, 0.000, 0.000, 0.000, 0.000, 0.000, 0.000, 0.000, 0.000, 0.000, 0.000, 0.000, 0.000]
----------------------------------------
[DEBUG] Beta=1.0 Phase=addiction Step=604
  State: 3 -> Action: as3 -> Next: 2 (Reward: 0.0)
  Q_MF:  [0.085389, 0.610037, 0.121534, 0.010604, 0.049597, 0.033719, 0.059256, 0.070882, 0.100644]
  Q_MB:  [0.634327, 0.725445, 0.634327, 0.001567, 0.634327, 0.634327, 0.634327, 0.634327, 0.634327]
  Q_MIX: [0.634327, 0.725445, 0.634327, 0.001567, 0.634327, 0.634327, 0.634327, 0.634327, 0.634327]
  MODEL_COUNTS(s,a,*):  [0.000, 0.000, 19.428, 0.620, 0.000, 0.000, 0.000, 0.000, 0.000, 0.000, 0.000, 0.000, 0.000, 0.000, 0.000, 0.000, 0.000, 0.000, 0.000, 0.000, 0.000, 0.000]
  MODEL_REWARDS(s,a,*): [0.000, 0.000, 0.000, 0.000, 0.000, 0.000, 0.000, 0.000, 0.000, 0.000, 0.000, 0.000, 0.000, 0.000, 0.000, 0.000, 0.000, 0.000, 0.000, 0.000, 0.000, 0.000]
----------------------------------------
[DEBUG] Beta=1.0 Phase=addiction Step=605
  State: 2 -> Action: as2 -> Next: 1 (Reward: 0.0)
  Q_MF:  [0.840287, 0.111624, 0.079404, 0.107614, 0.104316, 0.118943, 0.083945, 0.038824, 0.141094]
  Q_MB:  [1.338313, 1.204404, 0.654075, 1.204404, 1.204404, 1.204404, 1.204404, 1.204404, 1.204404]
  Q_MIX: [1.338313, 1.204404, 0.654075, 1.204404, 1.204404, 1.204404, 1.204404, 1.204404, 1.204404]
  MODEL_COUNTS(s,a,*):  [0.000, 18.045, 0.081, 0.000, 0.000, 0.000, 0.000, 0.000, 0.000, 0.000, 0.000, 0.000, 0.000, 0.000, 0.000, 0.000, 0.000, 0.000, 0.000, 0.000, 0.000, 0.000]
  MODEL_REWARDS(s,a,*): [0.000, 0.000, 0.000, 0.000, 0.000, 0.000, 0.000, 0.000, 0.000, 0.000, 0.000, 0.000, 0.000, 0.000, 0.000, 0.000, 0.000, 0.000, 0.000, 0.000, 0.000, 0.000]
----------------------------------------
[DEBUG] Beta=1.0 Phase=addiction Step=606
  State: 1 -> Action: ag -> Next: 0 (Reward: 0.0)
  Q_MF:  [0.022326, 0.028391, 0.051732, 0.082133, 0.056481, 0.043734, 1.107319, 0.033592, 0.007193]
  Q_MB:  [0.809974, 0.730285, 0.809974, 0.809974, 0.809974, 0.809974, 0.899971, 0.809974, 0.809974]
  Q_MIX: [0.809974, 0.730285, 0.809974, 0.809974, 0.809974, 0.809974, 0.899971, 0.809974, 0.809974]
  MODEL_COUNTS(s,a,*):  [17.971, 0.003, 0.000, 0.000, 0.000, 0.000, 0.000, 0.000, 0.000, 0.000, 0.000, 0.000, 0.000, 0.000, 0.000, 0.000, 0.000, 0.000, 0.000, 0.000, 0.000, 0.000]
  MODEL_REWARDS(s,a,*): [0.000, 0.000, 0.000, 0.000, 0.000, 0.000, 0.000, 0.000, 0.000, 0.000, 0.000, 0.000, 0.000, 0.000, 0.000, 0.000, 0.000, 0.000, 0.000, 0.000, 0.000, 0.000]
----------------------------------------
[DEBUG] Beta=1.0 Phase=addiction Step=607
  State: 0 -> Action: ag -> Next: 3 (Reward: 1.0)
  Q_MF:  [0.038522, 0.052804, 0.058918, 0.039484, 0.105203, 0.090006, 1.400629, 0.000000, 0.117681]
  Q_MB:  [0.899986, 0.899986, 0.899986, 0.899986, 0.899986, 0.899986, 0.999984, 0.899986, 0.899986]
  Q_MIX: [0.899986, 0.899986, 0.899986, 0.899986, 0.899986, 0.899986, 0.999984, 0.899986, 0.899986]
  MODEL_COUNTS(s,a,*):  [0.003, 0.000, 0.000, 17.998, 0.000, 0.000, 0.000, 0.000, 0.000, 0.000, 0.000, 0.000, 0.000, 0.000, 0.000, 0.000, 0.000, 0.000, 0.000, 0.000, 0.000, 0.000]
  MODEL_REWARDS(s,a,*): [0.000, 0.000, 0.000, 17.998, 0.000, 0.000, 0.000, 0.000, 0.000, 0.000, 0.000, 0.000, 0.000, 0.000, 0.000, 0.000, 0.000, 0.000, 0.000, 0.000, 0.000, 0.000]
----------------------------------------
[DEBUG] Beta=1.0 Phase=addiction Step=608
  State: 3 -> Action: as2 -> Next: 3 (Reward: 0.0)
  Q_MF:  [0.085389, 0.617348, 0.121534, 0.010604, 0.049597, 0.033719, 0.059256, 0.070882, 0.100644]
  Q_MB:  [0.000000, 0.000000, 0.000000, 0.000000, 0.000000, 0.000000, 0.000000, 0.000000, 0.000000]
  Q_MIX: [0.000000, 0.000000, 0.000000, 0.000000, 0.000000, 0.000000, 0.000000, 0.000000, 0.000000]
  MODEL_COUNTS(s,a,*):  [0.000, 0.000, 0.000, 2.726, 0.000, 0.000, 0.000, 0.000, 0.000, 0.000, 0.000, 0.000, 0.000, 0.000, 0.000, 0.000, 0.000, 0.000, 0.000, 0.000, 0.000, 0.000]
  MODEL_REWARDS(s,a,*): [0.000, 0.000, 0.000, 0.000, 0.000, 0.000, 0.000, 0.000, 0.000, 0.000, 0.000, 0.000, 0.000, 0.000, 0.000, 0.000, 0.000, 0.000, 0.000, 0.000, 0.000, 0.000]
----------------------------------------
[DEBUG] Beta=1.0 Phase=addiction Step=609
  State: 3 -> Action: as3 -> Next: 2 (Reward: 0.0)
  Q_MF:  [0.108900, 0.617348, 0.121534, 0.010604, 0.049597, 0.033719, 0.059256, 0.070882, 0.100644]
  Q_MB:  [0.635502, 0.725770, 0.635502, 0.570721, 0.635502, 0.635502, 0.635502, 0.635502, 0.635502]
  Q_MIX: [0.635502, 0.725770, 0.635502, 0.570721, 0.635502, 0.635502, 0.635502, 0.635502, 0.635502]
  MODEL_COUNTS(s,a,*):  [0.000, 0.000, 19.476, 0.589, 0.000, 0.000, 0.000, 0.000, 0.000, 0.000, 0.000, 0.000, 0.000, 0.000, 0.000, 0.000, 0.000, 0.000, 0.000, 0.000, 0.000, 0.000]
  MODEL_REWARDS(s,a,*): [0.000, 0.000, 0.000, 0.000, 0.000, 0.000, 0.000, 0.000, 0.000, 0.000, 0.000, 0.000, 0.000, 0.000, 0.000, 0.000, 0.000, 0.000, 0.000, 0.000, 0.000, 0.000]
----------------------------------------
[DEBUG] Beta=1.0 Phase=addiction Step=610
  State: 2 -> Action: as2 -> Next: 1 (Reward: 0.0)
  Q_MF:  [0.848102, 0.111624, 0.079404, 0.107614, 0.104316, 0.118943, 0.083945, 0.038824, 0.141094]
  Q_MB:  [0.809500, 0.728550, 0.653839, 0.728550, 0.728550, 0.728550, 0.728550, 0.728550, 0.728550]
  Q_MIX: [0.809500, 0.728550, 0.653839, 0.728550, 0.728550, 0.728550, 0.728550, 0.728550, 0.728550]
  MODEL_COUNTS(s,a,*):  [0.000, 18.161, 0.077, 0.000, 0.000, 0.000, 0.000, 0.000, 0.000, 0.000, 0.000, 0.000, 0.000, 0.000, 0.000, 0.000, 0.000, 0.000, 0.000, 0.000, 0.000, 0.000]
  MODEL_REWARDS(s,a,*): [0.000, 0.000, 0.000, 0.000, 0.000, 0.000, 0.000, 0.000, 0.000, 0.000, 0.000, 0.000, 0.000, 0.000, 0.000, 0.000, 0.000, 0.000, 0.000, 0.000, 0.000, 0.000]
----------------------------------------
[DEBUG] Beta=1.0 Phase=addiction Step=611
  State: 1 -> Action: ag -> Next: 0 (Reward: 0.0)
  Q_MF:  [0.022326, 0.028391, 0.051732, 0.082133, 0.056481, 0.043734, 1.114981, 0.033592, 0.007193]
  Q_MB:  [0.000000, 0.000000, 0.000000, 0.000000, 0.000000, 0.000000, 0.899849, 0.000000, 0.000000]
  Q_MIX: [0.000000, 0.000000, 0.000000, 0.000000, 0.000000, 0.000000, 0.899849, 0.000000, 0.000000]
  MODEL_COUNTS(s,a,*):  [18.090, 0.003, 0.000, 0.000, 0.000, 0.000, 0.000, 0.000, 0.000, 0.000, 0.000, 0.000, 0.000, 0.000, 0.000, 0.000, 0.000, 0.000, 0.000, 0.000, 0.000, 0.000]
  MODEL_REWARDS(s,a,*): [0.000, 0.000, 0.000, 0.000, 0.000, 0.000, 0.000, 0.000, 0.000, 0.000, 0.000, 0.000, 0.000, 0.000, 0.000, 0.000, 0.000, 0.000, 0.000, 0.000, 0.000, 0.000]
----------------------------------------
[DEBUG] Beta=1.0 Phase=addiction Step=612
  State: 0 -> Action: ag -> Next: 3 (Reward: 1.0)
  Q_MF:  [0.038522, 0.052804, 0.058918, 0.039484, 0.105203, 0.090006, 1.408379, 0.000000, 0.117681]
  Q_MB:  [0.899864, 0.899864, 0.899864, 0.899864, 0.899864, 0.899864, 1.653069, 0.899864, 0.899864]
  Q_MIX: [0.899864, 0.899864, 0.899864, 0.899864, 0.899864, 0.899864, 1.653069, 0.899864, 0.899864]
  MODEL_COUNTS(s,a,*):  [0.003, 0.000, 0.000, 18.116, 0.000, 0.000, 0.000, 0.000, 0.000, 0.000, 0.000, 0.000, 0.000, 0.000, 0.000, 0.000, 0.000, 0.000, 0.000, 0.000, 0.000, 0.000]
  MODEL_REWARDS(s,a,*): [0.000, 0.000, 0.000, 18.116, 0.000, 0.000, 0.000, 0.000, 0.000, 0.000, 0.000, 0.000, 0.000, 0.000, 0.000, 0.000, 0.000, 0.000, 0.000, 0.000, 0.000, 0.000]
----------------------------------------
[DEBUG] Beta=1.0 Phase=addiction Step=613
  State: 3 -> Action: as5 -> Next: 4 (Reward: 0.0)
  Q_MF:  [0.108900, 0.624645, 0.121534, 0.010604, 0.049597, 0.033719, 0.059256, 0.070882, 0.100644]
  Q_MB:  [0.000000, 0.000000, 0.000000, 0.000000, 0.000000, 0.000000, 0.000000, 0.000000, 0.000000]
  Q_MIX: [0.000000, 0.000000, 0.000000, 0.000000, 0.000000, 0.000000, 0.000000, 0.000000, 0.000000]
  MODEL_COUNTS(s,a,*):  [0.000, 0.000, 0.000, 0.003, 2.031, 0.000, 0.000, 0.000, 0.000, 0.000, 0.000, 0.000, 0.000, 0.000, 0.000, 0.000, 0.000, 0.000, 0.000, 0.000, 0.000, 0.000]
  MODEL_REWARDS(s,a,*): [0.000, 0.000, 0.000, 0.000, 0.000, 0.000, 0.000, 0.000, 0.000, 0.000, 0.000, 0.000, 0.000, 0.000, 0.000, 0.000, 0.000, 0.000, 0.000, 0.000, 0.000, 0.000]
----------------------------------------
[DEBUG] Beta=1.0 Phase=addiction Step=614
  State: 4 -> Action: as4 -> Next: 3 (Reward: 0.0)
  Q_MF:  [0.001424, 0.000000, 0.086201, 0.000507, 0.000000, 0.000000, 0.000953, 0.000000, 0.000000]
  Q_MB:  [0.588209, 0.588209, 1.066851, 0.588209, 0.500542, 0.588209, 0.588209, 0.588209, 0.588209]
  Q_MIX: [0.588209, 0.588209, 1.066851, 0.588209, 0.500542, 0.588209, 0.588209, 0.588209, 0.588209]
  MODEL_COUNTS(s,a,*):  [0.000, 0.000, 0.000, 2.037, 0.003, 0.000, 0.000, 0.000, 0.000, 0.000, 0.000, 0.000, 0.000, 0.000, 0.000, 0.000, 0.000, 0.000, 0.000, 0.000, 0.000, 0.000]
  MODEL_REWARDS(s,a,*): [0.000, 0.000, 0.000, 0.000, 0.000, 0.000, 0.000, 0.000, 0.000, 0.000, 0.000, 0.000, 0.000, 0.000, 0.000, 0.000, 0.000, 0.000, 0.000, 0.000, 0.000, 0.000]
----------------------------------------
[DEBUG] Beta=1.0 Phase=addiction Step=615
  State: 3 -> Action: as7 -> Next: 3 (Reward: 0.0)
  Q_MF:  [0.108900, 0.624645, 0.121534, 0.013953, 0.049597, 0.033719, 0.059256, 0.070882, 0.100644]
  Q_MB:  [0.000000, 0.000000, 0.000000, 0.000000, 0.000000, 0.000000, 0.000000, 0.000000, 0.000000]
  Q_MIX: [0.000000, 0.000000, 0.000000, 0.000000, 0.000000, 0.000000, 0.000000, 0.000000, 0.000000]
  MODEL_COUNTS(s,a,*):  [0.000, 0.000, 0.000, 1.279, 0.000, 0.000, 0.000, 0.000, 0.000, 0.000, 0.000, 0.000, 0.000, 0.000, 0.000, 0.000, 0.000, 0.000, 0.000, 0.000, 0.000, 0.000]
  MODEL_REWARDS(s,a,*): [0.000, 0.000, 0.000, 0.000, 0.000, 0.000, 0.000, 0.000, 0.000, 0.000, 0.000, 0.000, 0.000, 0.000, 0.000, 0.000, 0.000, 0.000, 0.000, 0.000, 0.000, 0.000]
----------------------------------------
[DEBUG] Beta=1.0 Phase=addiction Step=616
  State: 3 -> Action: as4 -> Next: 3 (Reward: 0.0)
  Q_MF:  [0.108900, 0.624645, 0.121534, 0.013953, 0.049597, 0.060142, 0.059256, 0.070882, 0.100644]
  Q_MB:  [0.000000, 0.000000, 0.000000, 0.000000, 0.000000, 0.000000, 0.000000, 0.000000, 0.000000]
  Q_MIX: [0.000000, 0.000000, 0.000000, 0.000000, 0.000000, 0.000000, 0.000000, 0.000000, 0.000000]
  MODEL_COUNTS(s,a,*):  [0.000, 0.000, 0.000, 3.443, 0.000, 0.000, 0.000, 0.000, 0.000, 0.000, 0.000, 0.000, 0.000, 0.000, 0.000, 0.000, 0.000, 0.000, 0.000, 0.000, 0.000, 0.000]
  MODEL_REWARDS(s,a,*): [0.000, 0.000, 0.000, 0.000, 0.000, 0.000, 0.000, 0.000, 0.000, 0.000, 0.000, 0.000, 0.000, 0.000, 0.000, 0.000, 0.000, 0.000, 0.000, 0.000, 0.000, 0.000]
----------------------------------------
[DEBUG] Beta=1.0 Phase=addiction Step=617
  State: 3 -> Action: as3 -> Next: 2 (Reward: 0.0)
  Q_MF:  [0.108900, 0.624645, 0.143566, 0.013953, 0.049597, 0.060142, 0.059256, 0.070882, 0.100644]
  Q_MB:  [1.055238, 1.184857, 1.055238, 0.949727, 1.055238, 1.055238, 1.055238, 1.055238, 1.055238]
  Q_MIX: [1.055238, 1.184857, 1.055238, 0.949727, 1.055238, 1.055238, 1.055238, 1.055238, 1.055238]
  MODEL_COUNTS(s,a,*):  [0.000, 0.000, 18.971, 0.544, 0.000, 0.000, 0.000, 0.000, 0.000, 0.000, 0.000, 0.000, 0.000, 0.000, 0.000, 0.000, 0.000, 0.000, 0.000, 0.000, 0.000, 0.000]
  MODEL_REWARDS(s,a,*): [0.000, 0.000, 0.000, 0.000, 0.000, 0.000, 0.000, 0.000, 0.000, 0.000, 0.000, 0.000, 0.000, 0.000, 0.000, 0.000, 0.000, 0.000, 0.000, 0.000, 0.000, 0.000]
----------------------------------------
[DEBUG] Beta=1.0 Phase=addiction Step=618
  State: 2 -> Action: as4 -> Next: 3 (Reward: 0.0)
  Q_MF:  [0.855871, 0.111624, 0.079404, 0.107614, 0.104316, 0.118943, 0.083945, 0.038824, 0.141094]
  Q_MB:  [0.000000, 0.000000, 0.000000, 0.000000, 0.000000, 0.000000, 0.000000, 0.000000, 0.000000]
  Q_MIX: [0.000000, 0.000000, 0.000000, 0.000000, 0.000000, 0.000000, 0.000000, 0.000000, 0.000000]
  MODEL_COUNTS(s,a,*):  [0.000, 0.000, 0.002, 2.483, 0.000, 0.000, 0.000, 0.000, 0.000, 0.000, 0.000, 0.000, 0.000, 0.000, 0.000, 0.000, 0.000, 0.000, 0.000, 0.000, 0.000, 0.000]
  MODEL_REWARDS(s,a,*): [0.000, 0.000, 0.000, 0.000, 0.000, 0.000, 0.000, 0.000, 0.000, 0.000, 0.000, 0.000, 0.000, 0.000, 0.000, 0.000, 0.000, 0.000, 0.000, 0.000, 0.000, 0.000]
----------------------------------------
[DEBUG] Beta=1.0 Phase=addiction Step=619
  State: 3 -> Action: as3 -> Next: 2 (Reward: 0.0)
  Q_MF:  [0.108900, 0.631927, 0.143566, 0.013953, 0.049597, 0.060142, 0.059256, 0.070882, 0.100644]
  Q_MB:  [1.057099, 1.185861, 1.057099, 0.586728, 1.057099, 1.057099, 1.057099, 1.057099, 1.057099]
  Q_MIX: [1.057099, 1.185861, 1.057099, 0.586728, 1.057099, 1.057099, 1.057099, 1.057099, 1.057099]
  MODEL_COUNTS(s,a,*):  [0.000, 0.000, 19.593, 0.533, 0.000, 0.000, 0.000, 0.000, 0.000, 0.000, 0.000, 0.000, 0.000, 0.000, 0.000, 0.000, 0.000, 0.000, 0.000, 0.000, 0.000, 0.000]
  MODEL_REWARDS(s,a,*): [0.000, 0.000, 0.000, 0.000, 0.000, 0.000, 0.000, 0.000, 0.000, 0.000, 0.000, 0.000, 0.000, 0.000, 0.000, 0.000, 0.000, 0.000, 0.000, 0.000, 0.000, 0.000]
----------------------------------------
[DEBUG] Beta=1.0 Phase=addiction Step=620
  State: 2 -> Action: as2 -> Next: 1 (Reward: 0.0)
  Q_MF:  [0.855871, 0.111624, 0.103871, 0.107614, 0.104316, 0.118943, 0.083945, 0.038824, 0.141094]
  Q_MB:  [0.806538, 0.000000, 0.000000, 0.000000, 0.000000, 0.000000, 0.000000, 0.000000, 0.000000]
  Q_MIX: [0.806538, 0.000000, 0.000000, 0.000000, 0.000000, 0.000000, 0.000000, 0.000000, 0.000000]
  MODEL_COUNTS(s,a,*):  [0.000, 17.424, 0.070, 0.000, 0.000, 0.000, 0.000, 0.000, 0.000, 0.000, 0.000, 0.000, 0.000, 0.000, 0.000, 0.000, 0.000, 0.000, 0.000, 0.000, 0.000, 0.000]
  MODEL_REWARDS(s,a,*): [0.000, 0.000, 0.000, 0.000, 0.000, 0.000, 0.000, 0.000, 0.000, 0.000, 0.000, 0.000, 0.000, 0.000, 0.000, 0.000, 0.000, 0.000, 0.000, 0.000, 0.000, 0.000]
----------------------------------------
[DEBUG] Beta=1.0 Phase=addiction Step=621
  State: 1 -> Action: ag -> Next: 0 (Reward: 0.0)
  Q_MF:  [0.022326, 0.028391, 0.051732, 0.082133, 0.056481, 0.043734, 1.122609, 0.033592, 0.007193]
  Q_MB:  [0.809977, 0.016427, 0.809977, 0.809977, 0.809977, 0.809977, 0.899974, 0.809977, 0.809977]
  Q_MIX: [0.809977, 0.016427, 0.809977, 0.809977, 0.809977, 0.809977, 0.899974, 0.809977, 0.809977]
  MODEL_COUNTS(s,a,*):  [17.360, 0.002, 0.000, 0.000, 0.000, 0.000, 0.000, 0.000, 0.000, 0.000, 0.000, 0.000, 0.000, 0.000, 0.000, 0.000, 0.000, 0.000, 0.000, 0.000, 0.000, 0.000]
  MODEL_REWARDS(s,a,*): [0.000, 0.000, 0.000, 0.000, 0.000, 0.000, 0.000, 0.000, 0.000, 0.000, 0.000, 0.000, 0.000, 0.000, 0.000, 0.000, 0.000, 0.000, 0.000, 0.000, 0.000, 0.000]
----------------------------------------
[DEBUG] Beta=1.0 Phase=addiction Step=622
  State: 0 -> Action: ag -> Next: 3 (Reward: 1.0)
  Q_MF:  [0.038522, 0.052804, 0.058918, 0.039484, 0.105203, 0.090006, 1.416069, 0.000000, 0.117681]
  Q_MB:  [0.899872, 0.899872, 0.899872, 0.899872, 0.899872, 0.899872, 0.999986, 0.899872, 0.899872]
  Q_MIX: [0.899872, 0.899872, 0.899872, 0.899872, 0.899872, 0.899872, 0.999986, 0.899872, 0.899872]
  MODEL_COUNTS(s,a,*):  [0.002, 0.000, 0.000, 17.384, 0.000, 0.000, 0.000, 0.000, 0.000, 0.000, 0.000, 0.000, 0.000, 0.000, 0.000, 0.000, 0.000, 0.000, 0.000, 0.000, 0.000, 0.000]
  MODEL_REWARDS(s,a,*): [0.000, 0.000, 0.000, 17.384, 0.000, 0.000, 0.000, 0.000, 0.000, 0.000, 0.000, 0.000, 0.000, 0.000, 0.000, 0.000, 0.000, 0.000, 0.000, 0.000, 0.000, 0.000]
----------------------------------------
[DEBUG] Beta=1.0 Phase=addiction Step=623
  State: 3 -> Action: ad -> Next: 3 (Reward: 0.0)
  Q_MF:  [0.108900, 0.638845, 0.143566, 0.013953, 0.049597, 0.060142, 0.059256, 0.070882, 0.100644]
  Q_MB:  [0.000000, 0.000000, 0.000000, 0.000000, 0.000000, 0.000000, 0.000000, 0.000000, 0.000000]
  Q_MIX: [0.000000, 0.000000, 0.000000, 0.000000, 0.000000, 0.000000, 0.000000, 0.000000, 0.000000]
  MODEL_COUNTS(s,a,*):  [0.000, 0.000, 0.000, 1.879, 0.000, 0.000, 0.000, 0.000, 0.000, 0.000, 0.000, 0.000, 0.000, 0.000, 0.000, 0.000, 0.000, 0.000, 0.000, 0.000, 0.000, 0.000]
  MODEL_REWARDS(s,a,*): [0.000, 0.000, 0.000, 0.000, 0.000, 0.000, 0.000, 0.000, 0.000, 0.000, 0.000, 0.000, 0.000, 0.000, 0.000, 0.000, 0.000, 0.000, 0.000, 0.000, 0.000, 0.000]
----------------------------------------
[DEBUG] Beta=1.0 Phase=addiction Step=624
  State: 3 -> Action: as3 -> Next: 2 (Reward: 0.0)
  Q_MF:  [0.108900, 0.638845, 0.143566, 0.013953, 0.049597, 0.060142, 0.059256, 0.096086, 0.100644]
  Q_MB:  [0.636152, 0.723682, 0.636152, 0.000799, 0.636152, 0.636152, 0.636152, 0.636152, 0.636152]
  Q_MIX: [0.636152, 0.723682, 0.636152, 0.000799, 0.636152, 0.636152, 0.636152, 0.636152, 0.636152]
  MODEL_COUNTS(s,a,*):  [0.000, 0.000, 19.633, 0.507, 0.000, 0.000, 0.000, 0.000, 0.000, 0.000, 0.000, 0.000, 0.000, 0.000, 0.000, 0.000, 0.000, 0.000, 0.000, 0.000, 0.000, 0.000]
  MODEL_REWARDS(s,a,*): [0.000, 0.000, 0.000, 0.000, 0.000, 0.000, 0.000, 0.000, 0.000, 0.000, 0.000, 0.000, 0.000, 0.000, 0.000, 0.000, 0.000, 0.000, 0.000, 0.000, 0.000, 0.000]
----------------------------------------
[DEBUG] Beta=1.0 Phase=addiction Step=625
  State: 2 -> Action: as2 -> Next: 1 (Reward: 0.0)
  Q_MF:  [0.863595, 0.111624, 0.103871, 0.107614, 0.104316, 0.118943, 0.083945, 0.038824, 0.141094]
  Q_MB:  [0.809555, 0.728590, 0.000712, 0.728590, 0.728590, 0.728590, 0.728590, 0.728590, 0.728590]
  Q_MIX: [0.809555, 0.728590, 0.000712, 0.728590, 0.728590, 0.728590, 0.728590, 0.728590, 0.728590]
  MODEL_COUNTS(s,a,*):  [0.000, 17.570, 0.067, 0.000, 0.000, 0.000, 0.000, 0.000, 0.000, 0.000, 0.000, 0.000, 0.000, 0.000, 0.000, 0.000, 0.000, 0.000, 0.000, 0.000, 0.000, 0.000]
  MODEL_REWARDS(s,a,*): [0.000, 0.000, 0.000, 0.000, 0.000, 0.000, 0.000, 0.000, 0.000, 0.000, 0.000, 0.000, 0.000, 0.000, 0.000, 0.000, 0.000, 0.000, 0.000, 0.000, 0.000, 0.000]
----------------------------------------
[DEBUG] Beta=1.0 Phase=addiction Step=626
  State: 1 -> Action: ag -> Next: 0 (Reward: 0.0)
  Q_MF:  [0.022326, 0.028391, 0.051732, 0.082133, 0.056481, 0.043734, 1.130202, 0.033592, 0.007193]
  Q_MB:  [0.809781, 0.730175, 0.809781, 0.809781, 0.809781, 0.809781, 0.899976, 0.809781, 0.809781]
  Q_MIX: [0.809781, 0.730175, 0.809781, 0.809781, 0.809781, 0.809781, 0.899976, 0.809781, 0.809781]
  MODEL_COUNTS(s,a,*):  [17.509, 0.002, 0.000, 0.000, 0.000, 0.000, 0.000, 0.000, 0.000, 0.000, 0.000, 0.000, 0.000, 0.000, 0.000, 0.000, 0.000, 0.000, 0.000, 0.000, 0.000, 0.000]
  MODEL_REWARDS(s,a,*): [0.000, 0.000, 0.000, 0.000, 0.000, 0.000, 0.000, 0.000, 0.000, 0.000, 0.000, 0.000, 0.000, 0.000, 0.000, 0.000, 0.000, 0.000, 0.000, 0.000, 0.000, 0.000]
----------------------------------------
[DEBUG] Beta=1.0 Phase=addiction Step=627
  State: 0 -> Action: ag -> Next: 3 (Reward: 1.0)
  Q_MF:  [0.038522, 0.052804, 0.058918, 0.039484, 0.105203, 0.090006, 1.424013, 0.000000, 0.117681]
  Q_MB:  [0.899879, 0.899879, 0.899879, 0.899879, 0.899879, 0.899879, 0.999987, 0.899879, 0.899879]
  Q_MIX: [0.899879, 0.899879, 0.899879, 0.899879, 0.899879, 0.899879, 0.999987, 0.899879, 0.899879]
  MODEL_COUNTS(s,a,*):  [0.002, 0.000, 0.000, 17.532, 0.000, 0.000, 0.000, 0.000, 0.000, 0.000, 0.000, 0.000, 0.000, 0.000, 0.000, 0.000, 0.000, 0.000, 0.000, 0.000, 0.000, 0.000]
  MODEL_REWARDS(s,a,*): [0.000, 0.000, 0.000, 17.532, 0.000, 0.000, 0.000, 0.000, 0.000, 0.000, 0.000, 0.000, 0.000, 0.000, 0.000, 0.000, 0.000, 0.000, 0.000, 0.000, 0.000, 0.000]
----------------------------------------
[DEBUG] Beta=1.0 Phase=addiction Step=628
  State: 3 -> Action: as4 -> Next: 3 (Reward: 0.0)
  Q_MF:  [0.108900, 0.645764, 0.143566, 0.013953, 0.049597, 0.060142, 0.059256, 0.096086, 0.100644]
  Q_MB:  [0.000000, 0.000000, 0.000000, 0.000000, 0.000000, 0.000000, 0.000000, 0.000000, 0.000000]
  Q_MIX: [0.000000, 0.000000, 0.000000, 0.000000, 0.000000, 0.000000, 0.000000, 0.000000, 0.000000]
  MODEL_COUNTS(s,a,*):  [0.000, 0.000, 0.000, 4.052, 0.000, 0.000, 0.000, 0.000, 0.000, 0.000, 0.000, 0.000, 0.000, 0.000, 0.000, 0.000, 0.000, 0.000, 0.000, 0.000, 0.000, 0.000]
  MODEL_REWARDS(s,a,*): [0.000, 0.000, 0.000, 0.000, 0.000, 0.000, 0.000, 0.000, 0.000, 0.000, 0.000, 0.000, 0.000, 0.000, 0.000, 0.000, 0.000, 0.000, 0.000, 0.000, 0.000, 0.000]
----------------------------------------
[DEBUG] Beta=1.0 Phase=addiction Step=629
  State: 3 -> Action: ag -> Next: 3 (Reward: 0.0)
  Q_MF:  [0.108900, 0.645764, 0.165447, 0.013953, 0.049597, 0.060142, 0.059256, 0.096086, 0.100644]
  Q_MB:  [0.000000, 0.000000, 0.000000, 0.000000, 0.000000, 0.000000, 0.000000, 0.000000, 0.000000]
  Q_MIX: [0.000000, 0.000000, 0.000000, 0.000000, 0.000000, 0.000000, 0.000000, 0.000000, 0.000000]
  MODEL_COUNTS(s,a,*):  [0.000, 0.000, 0.000, 1.904, 0.000, 0.000, 0.000, 0.000, 0.000, 0.000, 0.000, 0.000, 0.000, 0.000, 0.000, 0.000, 0.000, 0.000, 0.000, 0.000, 0.000, 0.000]
  MODEL_REWARDS(s,a,*): [0.000, 0.000, 0.000, 0.000, 0.000, 0.000, 0.000, 0.000, 0.000, 0.000, 0.000, 0.000, 0.000, 0.000, 0.000, 0.000, 0.000, 0.000, 0.000, 0.000, 0.000, 0.000]
----------------------------------------
[DEBUG] Beta=1.0 Phase=addiction Step=630
  State: 3 -> Action: aw -> Next: 3 (Reward: 0.0)
  Q_MF:  [0.108900, 0.645764, 0.165447, 0.013953, 0.049597, 0.060142, 0.085352, 0.096086, 0.100644]
  Q_MB:  [0.000000, 0.000000, 0.000000, 0.000000, 0.000000, 0.000000, 0.000000, 0.000000, 0.000000]
  Q_MIX: [0.000000, 0.000000, 0.000000, 0.000000, 0.000000, 0.000000, 0.000000, 0.000000, 0.000000]
  MODEL_COUNTS(s,a,*):  [0.000, 0.000, 0.000, 2.492, 0.000, 0.000, 0.000, 0.000, 0.000, 0.000, 0.000, 0.000, 0.000, 0.000, 0.000, 0.000, 0.000, 0.000, 0.000, 0.000, 0.000, 0.000]
  MODEL_REWARDS(s,a,*): [0.000, 0.000, 0.000, 0.000, 0.000, 0.000, 0.000, 0.000, 0.000, 0.000, 0.000, 0.000, 0.000, 0.000, 0.000, 0.000, 0.000, 0.000, 0.000, 0.000, 0.000, 0.000]
----------------------------------------
[DEBUG] Beta=1.0 Phase=addiction Step=631
  State: 3 -> Action: as7 -> Next: 3 (Reward: 0.0)
  Q_MF:  [0.108900, 0.645764, 0.165447, 0.013953, 0.049597, 0.060142, 0.085352, 0.096086, 0.124671]
  Q_MB:  [0.000000, 0.000000, 0.000000, 0.000000, 0.000000, 0.000000, 0.000000, 0.000000, 0.000000]
  Q_MIX: [0.000000, 0.000000, 0.000000, 0.000000, 0.000000, 0.000000, 0.000000, 0.000000, 0.000000]
  MODEL_COUNTS(s,a,*):  [0.000, 0.000, 0.000, 2.089, 0.000, 0.000, 0.000, 0.000, 0.000, 0.000, 0.000, 0.000, 0.000, 0.000, 0.000, 0.000, 0.000, 0.000, 0.000, 0.000, 0.000, 0.000]
  MODEL_REWARDS(s,a,*): [0.000, 0.000, 0.000, 0.000, 0.000, 0.000, 0.000, 0.000, 0.000, 0.000, 0.000, 0.000, 0.000, 0.000, 0.000, 0.000, 0.000, 0.000, 0.000, 0.000, 0.000, 0.000]
----------------------------------------
[DEBUG] Beta=1.0 Phase=addiction Step=632
  State: 3 -> Action: as2 -> Next: 3 (Reward: 0.0)
  Q_MF:  [0.108900, 0.645764, 0.165447, 0.013953, 0.049597, 0.086194, 0.085352, 0.096086, 0.124671]
  Q_MB:  [0.637157, 0.726393, 0.637157, 0.573450, 0.637157, 0.637157, 0.637157, 0.637157, 0.637157]
  Q_MIX: [0.637157, 0.726393, 0.637157, 0.573450, 0.637157, 0.637157, 0.637157, 0.637157, 0.637157]
  MODEL_COUNTS(s,a,*):  [0.000, 0.000, 0.000, 3.142, 0.000, 0.000, 0.000, 0.000, 0.000, 0.000, 0.000, 0.000, 0.000, 0.000, 0.000, 0.000, 0.000, 0.000, 0.000, 0.000, 0.000, 0.000]
  MODEL_REWARDS(s,a,*): [0.000, 0.000, 0.000, 0.000, 0.000, 0.000, 0.000, 0.000, 0.000, 0.000, 0.000, 0.000, 0.000, 0.000, 0.000, 0.000, 0.000, 0.000, 0.000, 0.000, 0.000, 0.000]
----------------------------------------
[DEBUG] Beta=1.0 Phase=addiction Step=633
  State: 3 -> Action: as3 -> Next: 2 (Reward: 0.0)
  Q_MF:  [0.132514, 0.645764, 0.165447, 0.013953, 0.049597, 0.086194, 0.085352, 0.096086, 0.124671]
  Q_MB:  [0.639183, 0.726290, 0.639183, 0.000803, 0.639183, 0.639183, 0.639183, 0.639183, 0.639183]
  Q_MIX: [0.639183, 0.726290, 0.639183, 0.000803, 0.639183, 0.639183, 0.639183, 0.639183, 0.639183]
  MODEL_COUNTS(s,a,*):  [0.000, 0.000, 18.935, 0.463, 0.000, 0.000, 0.000, 0.000, 0.000, 0.000, 0.000, 0.000, 0.000, 0.000, 0.000, 0.000, 0.000, 0.000, 0.000, 0.000, 0.000, 0.000]
  MODEL_REWARDS(s,a,*): [0.000, 0.000, 0.000, 0.000, 0.000, 0.000, 0.000, 0.000, 0.000, 0.000, 0.000, 0.000, 0.000, 0.000, 0.000, 0.000, 0.000, 0.000, 0.000, 0.000, 0.000, 0.000]
----------------------------------------
[DEBUG] Beta=1.0 Phase=addiction Step=634
  State: 2 -> Action: as2 -> Next: 1 (Reward: 0.0)
  Q_MF:  [0.871274, 0.111624, 0.103871, 0.107614, 0.104316, 0.118943, 0.083945, 0.038824, 0.141094]
  Q_MB:  [0.000000, 0.000000, 0.000000, 0.000000, 0.000000, 0.000000, 0.000000, 0.000000, 0.000000]
  Q_MIX: [0.000000, 0.000000, 0.000000, 0.000000, 0.000000, 0.000000, 0.000000, 0.000000, 0.000000]
  MODEL_COUNTS(s,a,*):  [0.000, 17.051, 0.061, 0.000, 0.000, 0.000, 0.000, 0.000, 0.000, 0.000, 0.000, 0.000, 0.000, 0.000, 0.000, 0.000, 0.000, 0.000, 0.000, 0.000, 0.000, 0.000]
  MODEL_REWARDS(s,a,*): [0.000, 0.000, 0.000, 0.000, 0.000, 0.000, 0.000, 0.000, 0.000, 0.000, 0.000, 0.000, 0.000, 0.000, 0.000, 0.000, 0.000, 0.000, 0.000, 0.000, 0.000, 0.000]
----------------------------------------
[DEBUG] Beta=1.0 Phase=addiction Step=635
  State: 1 -> Action: ag -> Next: 0 (Reward: 0.0)
  Q_MF:  [0.022326, 0.028391, 0.051732, 0.082133, 0.056481, 0.043734, 1.137773, 0.033592, 0.007193]
  Q_MB:  [0.000000, 0.000000, 0.000000, 0.000000, 0.000000, 0.000000, 0.899873, 0.000000, 0.000000]
  Q_MIX: [0.000000, 0.000000, 0.000000, 0.000000, 0.000000, 0.000000, 0.899873, 0.000000, 0.000000]
  MODEL_COUNTS(s,a,*):  [16.995, 0.002, 0.000, 0.000, 0.000, 0.000, 0.000, 0.000, 0.000, 0.000, 0.000, 0.000, 0.000, 0.000, 0.000, 0.000, 0.000, 0.000, 0.000, 0.000, 0.000, 0.000]
  MODEL_REWARDS(s,a,*): [0.000, 0.000, 0.000, 0.000, 0.000, 0.000, 0.000, 0.000, 0.000, 0.000, 0.000, 0.000, 0.000, 0.000, 0.000, 0.000, 0.000, 0.000, 0.000, 0.000, 0.000, 0.000]
----------------------------------------
[DEBUG] Beta=1.0 Phase=addiction Step=636
  State: 0 -> Action: ag -> Next: 3 (Reward: 1.0)
  Q_MF:  [0.038522, 0.052804, 0.058918, 0.039484, 0.105203, 0.090006, 1.431872, 0.000000, 0.117681]
  Q_MB:  [0.899989, 0.899989, 0.899989, 0.899989, 0.899989, 0.899989, 0.999987, 0.899989, 0.899989]
  Q_MIX: [0.899989, 0.899989, 0.899989, 0.899989, 0.899989, 0.899989, 0.999987, 0.899989, 0.899989]
  MODEL_COUNTS(s,a,*):  [0.002, 0.000, 0.000, 17.016, 0.000, 0.000, 0.000, 0.000, 0.000, 0.000, 0.000, 0.000, 0.000, 0.000, 0.000, 0.000, 0.000, 0.000, 0.000, 0.000, 0.000, 0.000]
  MODEL_REWARDS(s,a,*): [0.000, 0.000, 0.000, 17.016, 0.000, 0.000, 0.000, 0.000, 0.000, 0.000, 0.000, 0.000, 0.000, 0.000, 0.000, 0.000, 0.000, 0.000, 0.000, 0.000, 0.000, 0.000]
----------------------------------------
[DEBUG] Beta=1.0 Phase=addiction Step=637
  State: 3 -> Action: as3 -> Next: 2 (Reward: 0.0)
  Q_MF:  [0.132514, 0.652683, 0.165447, 0.013953, 0.049597, 0.086194, 0.085352, 0.096086, 0.124671]
  Q_MB:  [0.000000, 0.000000, 0.000000, 0.000000, 0.000000, 0.000000, 0.000000, 0.000000, 0.000000]
  Q_MIX: [0.000000, 0.000000, 0.000000, 0.000000, 0.000000, 0.000000, 0.000000, 0.000000, 0.000000]
  MODEL_COUNTS(s,a,*):  [0.000, 0.000, 19.189, 0.445, 0.000, 0.000, 0.000, 0.000, 0.000, 0.000, 0.000, 0.000, 0.000, 0.000, 0.000, 0.000, 0.000, 0.000, 0.000, 0.000, 0.000, 0.000]
  MODEL_REWARDS(s,a,*): [0.000, 0.000, 0.000, 0.000, 0.000, 0.000, 0.000, 0.000, 0.000, 0.000, 0.000, 0.000, 0.000, 0.000, 0.000, 0.000, 0.000, 0.000, 0.000, 0.000, 0.000, 0.000]
----------------------------------------
[DEBUG] Beta=1.0 Phase=addiction Step=638
  State: 2 -> Action: as7 -> Next: 2 (Reward: 0.0)
  Q_MF:  [0.878910, 0.111624, 0.103871, 0.107614, 0.104316, 0.118943, 0.083945, 0.038824, 0.141094]
  Q_MB:  [0.000000, 0.000000, 0.000000, 0.000000, 0.000000, 0.000000, 0.000000, 0.000000, 0.000000]
  Q_MIX: [0.000000, 0.000000, 0.000000, 0.000000, 0.000000, 0.000000, 0.000000, 0.000000, 0.000000]
  MODEL_COUNTS(s,a,*):  [0.000, 0.000, 2.260, 0.000, 0.000, 0.000, 0.000, 0.000, 0.000, 0.000, 0.000, 0.000, 0.000, 0.000, 0.000, 0.000, 0.000, 0.000, 0.000, 0.000, 0.000, 0.000]
  MODEL_REWARDS(s,a,*): [0.000, 0.000, 0.000, 0.000, 0.000, 0.000, 0.000, 0.000, 0.000, 0.000, 0.000, 0.000, 0.000, 0.000, 0.000, 0.000, 0.000, 0.000, 0.000, 0.000, 0.000, 0.000]
----------------------------------------
[DEBUG] Beta=1.0 Phase=addiction Step=639
  State: 2 -> Action: as2 -> Next: 1 (Reward: 0.0)
  Q_MF:  [0.878910, 0.111624, 0.103871, 0.107614, 0.104316, 0.152547, 0.083945, 0.038824, 0.141094]
  Q_MB:  [0.809692, 0.728715, 0.638892, 0.728715, 0.728715, 0.728715, 0.728715, 0.728715, 0.728715]
  Q_MIX: [0.809692, 0.728715, 0.638892, 0.728715, 0.728715, 0.728715, 0.728715, 0.728715, 0.728715]
  MODEL_COUNTS(s,a,*):  [0.000, 17.215, 0.058, 0.000, 0.000, 0.000, 0.000, 0.000, 0.000, 0.000, 0.000, 0.000, 0.000, 0.000, 0.000, 0.000, 0.000, 0.000, 0.000, 0.000, 0.000, 0.000]
  MODEL_REWARDS(s,a,*): [0.000, 0.000, 0.000, 0.000, 0.000, 0.000, 0.000, 0.000, 0.000, 0.000, 0.000, 0.000, 0.000, 0.000, 0.000, 0.000, 0.000, 0.000, 0.000, 0.000, 0.000, 0.000]
----------------------------------------
[DEBUG] Beta=1.0 Phase=addiction Step=640
  State: 1 -> Action: ag -> Next: 0 (Reward: 0.0)
  Q_MF:  [0.022326, 0.028391, 0.051732, 0.082133, 0.056481, 0.043734, 1.145318, 0.033592, 0.007193]
  Q_MB:  [0.809806, 0.728076, 0.809806, 0.809806, 0.809806, 0.809806, 0.899978, 0.809806, 0.809806]
  Q_MIX: [0.809806, 0.728076, 0.809806, 0.809806, 0.809806, 0.809806, 0.899978, 0.809806, 0.809806]
  MODEL_COUNTS(s,a,*):  [17.162, 0.002, 0.000, 0.000, 0.000, 0.000, 0.000, 0.000, 0.000, 0.000, 0.000, 0.000, 0.000, 0.000, 0.000, 0.000, 0.000, 0.000, 0.000, 0.000, 0.000, 0.000]
  MODEL_REWARDS(s,a,*): [0.000, 0.000, 0.000, 0.000, 0.000, 0.000, 0.000, 0.000, 0.000, 0.000, 0.000, 0.000, 0.000, 0.000, 0.000, 0.000, 0.000, 0.000, 0.000, 0.000, 0.000, 0.000]
----------------------------------------
[DEBUG] Beta=1.0 Phase=addiction Step=641
  State: 0 -> Action: ag -> Next: 3 (Reward: 1.0)
  Q_MF:  [0.038522, 0.052804, 0.058918, 0.039484, 0.105203, 0.090006, 1.439649, 0.000000, 0.117681]
  Q_MB:  [1.475088, 1.475088, 1.475088, 1.475088, 1.475088, 1.475088, 1.639055, 1.475088, 1.475088]
  Q_MIX: [1.475088, 1.475088, 1.475088, 1.475088, 1.475088, 1.475088, 1.639055, 1.475088, 1.475088]
  MODEL_COUNTS(s,a,*):  [0.002, 0.000, 0.000, 17.182, 0.000, 0.000, 0.000, 0.000, 0.000, 0.000, 0.000, 0.000, 0.000, 0.000, 0.000, 0.000, 0.000, 0.000, 0.000, 0.000, 0.000, 0.000]
  MODEL_REWARDS(s,a,*): [0.000, 0.000, 0.000, 17.182, 0.000, 0.000, 0.000, 0.000, 0.000, 0.000, 0.000, 0.000, 0.000, 0.000, 0.000, 0.000, 0.000, 0.000, 0.000, 0.000, 0.000, 0.000]
----------------------------------------
[DEBUG] Beta=1.0 Phase=addiction Step=642
  State: 3 -> Action: aw -> Next: 3 (Reward: 0.0)
  Q_MF:  [0.132514, 0.659600, 0.165447, 0.013953, 0.049597, 0.086194, 0.085352, 0.096086, 0.124671]
  Q_MB:  [0.000000, 0.000000, 0.000000, 0.000000, 0.000000, 0.000000, 0.000000, 0.000000, 0.000000]
  Q_MIX: [0.000000, 0.000000, 0.000000, 0.000000, 0.000000, 0.000000, 0.000000, 0.000000, 0.000000]
  MODEL_COUNTS(s,a,*):  [0.000, 0.000, 0.000, 3.209, 0.000, 0.000, 0.000, 0.000, 0.000, 0.000, 0.000, 0.000, 0.000, 0.000, 0.000, 0.000, 0.000, 0.000, 0.000, 0.000, 0.000, 0.000]
  MODEL_REWARDS(s,a,*): [0.000, 0.000, 0.000, 0.000, 0.000, 0.000, 0.000, 0.000, 0.000, 0.000, 0.000, 0.000, 0.000, 0.000, 0.000, 0.000, 0.000, 0.000, 0.000, 0.000, 0.000, 0.000]
----------------------------------------
[DEBUG] Beta=1.0 Phase=addiction Step=643
  State: 3 -> Action: as3 -> Next: 2 (Reward: 0.0)
  Q_MF:  [0.132514, 0.659600, 0.165447, 0.013953, 0.049597, 0.086194, 0.085352, 0.096086, 0.148119]
  Q_MB:  [0.000000, 0.000000, 0.000000, 0.000000, 0.000000, 0.000000, 0.000000, 0.000000, 0.000000]
  Q_MIX: [0.000000, 0.000000, 0.000000, 0.000000, 0.000000, 0.000000, 0.000000, 0.000000, 0.000000]
  MODEL_COUNTS(s,a,*):  [0.000, 0.000, 19.066, 0.419, 0.000, 0.000, 0.000, 0.000, 0.000, 0.000, 0.000, 0.000, 0.000, 0.000, 0.000, 0.000, 0.000, 0.000, 0.000, 0.000, 0.000, 0.000]
  MODEL_REWARDS(s,a,*): [0.000, 0.000, 0.000, 0.000, 0.000, 0.000, 0.000, 0.000, 0.000, 0.000, 0.000, 0.000, 0.000, 0.000, 0.000, 0.000, 0.000, 0.000, 0.000, 0.000, 0.000, 0.000]
----------------------------------------
[DEBUG] Beta=1.0 Phase=addiction Step=644
  State: 2 -> Action: as2 -> Next: 1 (Reward: 0.0)
  Q_MF:  [0.886504, 0.111624, 0.103871, 0.107614, 0.104316, 0.152547, 0.083945, 0.038824, 0.141094]
  Q_MB:  [0.809538, 0.726394, 0.639790, 0.726394, 0.726394, 0.726394, 0.726394, 0.726394, 0.726394]
  Q_MIX: [0.809538, 0.726394, 0.639790, 0.726394, 0.726394, 0.726394, 0.726394, 0.726394, 0.726394]
  MODEL_COUNTS(s,a,*):  [0.000, 17.372, 0.055, 0.000, 0.000, 0.000, 0.000, 0.000, 0.000, 0.000, 0.000, 0.000, 0.000, 0.000, 0.000, 0.000, 0.000, 0.000, 0.000, 0.000, 0.000, 0.000]
  MODEL_REWARDS(s,a,*): [0.000, 0.000, 0.000, 0.000, 0.000, 0.000, 0.000, 0.000, 0.000, 0.000, 0.000, 0.000, 0.000, 0.000, 0.000, 0.000, 0.000, 0.000, 0.000, 0.000, 0.000, 0.000]
----------------------------------------
[DEBUG] Beta=1.0 Phase=addiction Step=645
  State: 1 -> Action: ag -> Next: 0 (Reward: 0.0)
  Q_MF:  [0.022326, 0.028391, 0.051732, 0.082133, 0.056481, 0.043734, 1.152836, 0.033592, 0.007193]
  Q_MB:  [0.809982, 0.728371, 0.809982, 0.809982, 0.809982, 0.809982, 0.899980, 0.809982, 0.809982]
  Q_MIX: [0.809982, 0.728371, 0.809982, 0.809982, 0.809982, 0.809982, 0.899980, 0.809982, 0.809982]
  MODEL_COUNTS(s,a,*):  [17.321, 0.002, 0.000, 0.000, 0.000, 0.000, 0.000, 0.000, 0.000, 0.000, 0.000, 0.000, 0.000, 0.000, 0.000, 0.000, 0.000, 0.000, 0.000, 0.000, 0.000, 0.000]
  MODEL_REWARDS(s,a,*): [0.000, 0.000, 0.000, 0.000, 0.000, 0.000, 0.000, 0.000, 0.000, 0.000, 0.000, 0.000, 0.000, 0.000, 0.000, 0.000, 0.000, 0.000, 0.000, 0.000, 0.000, 0.000]
----------------------------------------
[DEBUG] Beta=1.0 Phase=addiction Step=646
  State: 0 -> Action: ag -> Next: 3 (Reward: 1.0)
  Q_MF:  [0.038522, 0.052804, 0.058918, 0.039484, 0.105203, 0.090006, 1.447349, 0.000000, 0.117681]
  Q_MB:  [0.899990, 0.899990, 0.899990, 0.899990, 0.899990, 0.899990, 1.641633, 0.899990, 0.899990]
  Q_MIX: [0.899990, 0.899990, 0.899990, 0.899990, 0.899990, 0.899990, 1.641633, 0.899990, 0.899990]
  MODEL_COUNTS(s,a,*):  [0.002, 0.000, 0.000, 17.340, 0.000, 0.000, 0.000, 0.000, 0.000, 0.000, 0.000, 0.000, 0.000, 0.000, 0.000, 0.000, 0.000, 0.000, 0.000, 0.000, 0.000, 0.000]
  MODEL_REWARDS(s,a,*): [0.000, 0.000, 0.000, 17.340, 0.000, 0.000, 0.000, 0.000, 0.000, 0.000, 0.000, 0.000, 0.000, 0.000, 0.000, 0.000, 0.000, 0.000, 0.000, 0.000, 0.000, 0.000]
----------------------------------------
[DEBUG] Beta=1.0 Phase=addiction Step=647
  State: 3 -> Action: as5 -> Next: 4 (Reward: 0.0)
  Q_MF:  [0.132514, 0.666513, 0.165447, 0.013953, 0.049597, 0.086194, 0.085352, 0.096086, 0.148119]
  Q_MB:  [0.000000, 0.000000, 0.000000, 0.000000, 0.000000, 0.000000, 0.000000, 0.000000, 0.000000]
  Q_MIX: [0.000000, 0.000000, 0.000000, 0.000000, 0.000000, 0.000000, 0.000000, 0.000000, 0.000000]
  MODEL_COUNTS(s,a,*):  [0.000, 0.000, 0.000, 0.002, 2.443, 0.000, 0.000, 0.000, 0.000, 0.000, 0.000, 0.000, 0.000, 0.000, 0.000, 0.000, 0.000, 0.000, 0.000, 0.000, 0.000, 0.000]
  MODEL_REWARDS(s,a,*): [0.000, 0.000, 0.000, 0.000, 0.000, 0.000, 0.000, 0.000, 0.000, 0.000, 0.000, 0.000, 0.000, 0.000, 0.000, 0.000, 0.000, 0.000, 0.000, 0.000, 0.000, 0.000]
----------------------------------------
[DEBUG] Beta=1.0 Phase=addiction Step=648
  State: 4 -> Action: as4 -> Next: 3 (Reward: 0.0)
  Q_MF:  [0.001424, 0.000000, 0.110000, 0.000507, 0.000000, 0.000000, 0.000953, 0.000000, 0.000000]
  Q_MB:  [0.575195, 0.575195, 0.639818, 0.575195, 0.042504, 0.575195, 0.575195, 0.575195, 0.575195]
  Q_MIX: [0.575195, 0.575195, 0.639818, 0.575195, 0.042504, 0.575195, 0.575195, 0.575195, 0.575195]
  MODEL_COUNTS(s,a,*):  [0.000, 0.000, 0.000, 2.447, 0.002, 0.000, 0.000, 0.000, 0.000, 0.000, 0.000, 0.000, 0.000, 0.000, 0.000, 0.000, 0.000, 0.000, 0.000, 0.000, 0.000, 0.000]
  MODEL_REWARDS(s,a,*): [0.000, 0.000, 0.000, 0.000, 0.000, 0.000, 0.000, 0.000, 0.000, 0.000, 0.000, 0.000, 0.000, 0.000, 0.000, 0.000, 0.000, 0.000, 0.000, 0.000, 0.000, 0.000]
----------------------------------------
[DEBUG] Beta=1.0 Phase=addiction Step=649
  State: 3 -> Action: ad -> Next: 3 (Reward: 0.0)
  Q_MF:  [0.132514, 0.666513, 0.165447, 0.018205, 0.049597, 0.086194, 0.085352, 0.096086, 0.148119]
  Q_MB:  [0.000000, 0.000000, 0.000000, 0.000000, 0.000000, 0.000000, 0.000000, 0.000000, 0.000000]
  Q_MIX: [0.000000, 0.000000, 0.000000, 0.000000, 0.000000, 0.000000, 0.000000, 0.000000, 0.000000]
  MODEL_COUNTS(s,a,*):  [0.000, 0.000, 0.000, 2.447, 0.000, 0.000, 0.000, 0.000, 0.000, 0.000, 0.000, 0.000, 0.000, 0.000, 0.000, 0.000, 0.000, 0.000, 0.000, 0.000, 0.000, 0.000]
  MODEL_REWARDS(s,a,*): [0.000, 0.000, 0.000, 0.000, 0.000, 0.000, 0.000, 0.000, 0.000, 0.000, 0.000, 0.000, 0.000, 0.000, 0.000, 0.000, 0.000, 0.000, 0.000, 0.000, 0.000, 0.000]
----------------------------------------
[DEBUG] Beta=1.0 Phase=addiction Step=650
  State: 3 -> Action: as3 -> Next: 2 (Reward: 0.0)
  Q_MF:  [0.132514, 0.666513, 0.165447, 0.018205, 0.049597, 0.086194, 0.085352, 0.121275, 0.148119]
  Q_MB:  [0.000000, 0.713092, 0.000000, 0.000000, 0.000000, 0.000000, 0.000000, 0.000000, 0.000000]
  Q_MIX: [0.000000, 0.713092, 0.000000, 0.000000, 0.000000, 0.000000, 0.000000, 0.000000, 0.000000]
  MODEL_COUNTS(s,a,*):  [0.000, 0.000, 18.771, 0.390, 0.000, 0.000, 0.000, 0.000, 0.000, 0.000, 0.000, 0.000, 0.000, 0.000, 0.000, 0.000, 0.000, 0.000, 0.000, 0.000, 0.000, 0.000]
  MODEL_REWARDS(s,a,*): [0.000, 0.000, 0.000, 0.000, 0.000, 0.000, 0.000, 0.000, 0.000, 0.000, 0.000, 0.000, 0.000, 0.000, 0.000, 0.000, 0.000, 0.000, 0.000, 0.000, 0.000, 0.000]
----------------------------------------
[DEBUG] Beta=1.0 Phase=addiction Step=651
  State: 2 -> Action: as2 -> Next: 1 (Reward: 0.0)
  Q_MF:  [0.894056, 0.111624, 0.103871, 0.107614, 0.104316, 0.152547, 0.083945, 0.038824, 0.141094]
  Q_MB:  [0.807271, 0.000000, 0.000000, 0.000000, 0.000000, 0.000000, 0.000000, 0.000000, 0.000000]
  Q_MIX: [0.807271, 0.000000, 0.000000, 0.000000, 0.000000, 0.000000, 0.000000, 0.000000, 0.000000]
  MODEL_COUNTS(s,a,*):  [0.000, 17.191, 0.051, 0.000, 0.000, 0.000, 0.000, 0.000, 0.000, 0.000, 0.000, 0.000, 0.000, 0.000, 0.000, 0.000, 0.000, 0.000, 0.000, 0.000, 0.000, 0.000]
  MODEL_REWARDS(s,a,*): [0.000, 0.000, 0.000, 0.000, 0.000, 0.000, 0.000, 0.000, 0.000, 0.000, 0.000, 0.000, 0.000, 0.000, 0.000, 0.000, 0.000, 0.000, 0.000, 0.000, 0.000, 0.000]
----------------------------------------
[DEBUG] Beta=1.0 Phase=addiction Step=652
  State: 1 -> Action: aw -> Next: 1 (Reward: 0.0)
  Q_MF:  [0.022326, 0.028391, 0.051732, 0.082133, 0.056481, 0.043734, 1.160325, 0.033592, 0.007193]
  Q_MB:  [0.000000, 0.000000, 0.000000, 0.000000, 0.000000, 0.000000, 0.000000, 0.000000, 0.000000]
  Q_MIX: [0.000000, 0.000000, 0.000000, 0.000000, 0.000000, 0.000000, 0.000000, 0.000000, 0.000000]
  MODEL_COUNTS(s,a,*):  [0.000, 1.011, 0.000, 0.000, 0.000, 0.000, 0.000, 0.000, 0.000, 0.000, 0.000, 0.000, 0.000, 0.000, 0.000, 0.000, 0.000, 0.000, 0.000, 0.000, 0.000, 0.000]
  MODEL_REWARDS(s,a,*): [0.000, 0.000, 0.000, 0.000, 0.000, 0.000, 0.000, 0.000, 0.000, 0.000, 0.000, 0.000, 0.000, 0.000, 0.000, 0.000, 0.000, 0.000, 0.000, 0.000, 0.000, 0.000]
----------------------------------------
[DEBUG] Beta=1.0 Phase=addiction Step=653
  State: 1 -> Action: ag -> Next: 0 (Reward: 0.0)
  Q_MF:  [0.022326, 0.028391, 0.051732, 0.082133, 0.056481, 0.043734, 1.160325, 0.033592, 0.059048]
  Q_MB:  [0.000000, 0.000000, 0.000000, 0.000000, 0.000000, 0.000000, 0.899894, 0.000000, 0.000000]
  Q_MIX: [0.000000, 0.000000, 0.000000, 0.000000, 0.000000, 0.000000, 0.899894, 0.000000, 0.000000]
  MODEL_COUNTS(s,a,*):  [16.983, 0.002, 0.000, 0.000, 0.000, 0.000, 0.000, 0.000, 0.000, 0.000, 0.000, 0.000, 0.000, 0.000, 0.000, 0.000, 0.000, 0.000, 0.000, 0.000, 0.000, 0.000]
  MODEL_REWARDS(s,a,*): [0.000, 0.000, 0.000, 0.000, 0.000, 0.000, 0.000, 0.000, 0.000, 0.000, 0.000, 0.000, 0.000, 0.000, 0.000, 0.000, 0.000, 0.000, 0.000, 0.000, 0.000, 0.000]
----------------------------------------
[DEBUG] Beta=1.0 Phase=addiction Step=654
  State: 0 -> Action: ag -> Next: 3 (Reward: 1.0)
  Q_MF:  [0.038522, 0.052804, 0.058918, 0.039484, 0.105203, 0.090006, 1.454974, 0.000000, 0.117681]
  Q_MB:  [0.899990, 0.899990, 0.899990, 0.899990, 0.899990, 0.899990, 0.999989, 0.899990, 0.899990]
  Q_MIX: [0.899990, 0.899990, 0.899990, 0.899990, 0.899990, 0.899990, 0.999989, 0.899990, 0.899990]
  MODEL_COUNTS(s,a,*):  [0.002, 0.000, 0.000, 17.000, 0.000, 0.000, 0.000, 0.000, 0.000, 0.000, 0.000, 0.000, 0.000, 0.000, 0.000, 0.000, 0.000, 0.000, 0.000, 0.000, 0.000, 0.000]
  MODEL_REWARDS(s,a,*): [0.000, 0.000, 0.000, 17.000, 0.000, 0.000, 0.000, 0.000, 0.000, 0.000, 0.000, 0.000, 0.000, 0.000, 0.000, 0.000, 0.000, 0.000, 0.000, 0.000, 0.000, 0.000]
----------------------------------------
[DEBUG] Beta=1.0 Phase=addiction Step=655
  State: 3 -> Action: as3 -> Next: 2 (Reward: 0.0)
  Q_MF:  [0.132514, 0.673420, 0.165447, 0.018205, 0.049597, 0.086194, 0.085352, 0.121275, 0.148119]
  Q_MB:  [0.640754, 0.725001, 0.640754, 0.576304, 0.640754, 0.640754, 0.640754, 0.640754, 0.640754]
  Q_MIX: [0.640754, 0.725001, 0.640754, 0.576304, 0.640754, 0.640754, 0.640754, 0.640754, 0.640754]
  MODEL_COUNTS(s,a,*):  [0.000, 0.000, 18.851, 0.371, 0.000, 0.000, 0.000, 0.000, 0.000, 0.000, 0.000, 0.000, 0.000, 0.000, 0.000, 0.000, 0.000, 0.000, 0.000, 0.000, 0.000, 0.000]
  MODEL_REWARDS(s,a,*): [0.000, 0.000, 0.000, 0.000, 0.000, 0.000, 0.000, 0.000, 0.000, 0.000, 0.000, 0.000, 0.000, 0.000, 0.000, 0.000, 0.000, 0.000, 0.000, 0.000, 0.000, 0.000]
----------------------------------------
[DEBUG] Beta=1.0 Phase=addiction Step=656
  State: 2 -> Action: as2 -> Next: 1 (Reward: 0.0)
  Q_MF:  [0.901568, 0.111624, 0.103871, 0.107614, 0.104316, 0.152547, 0.083945, 0.038824, 0.141094]
  Q_MB:  [0.807575, 0.000000, 0.000000, 0.000000, 0.000000, 0.000000, 0.000000, 0.000000, 0.000000]
  Q_MIX: [0.807575, 0.000000, 0.000000, 0.000000, 0.000000, 0.000000, 0.000000, 0.000000, 0.000000]
  MODEL_COUNTS(s,a,*):  [0.000, 17.349, 0.049, 0.000, 0.000, 0.000, 0.000, 0.000, 0.000, 0.000, 0.000, 0.000, 0.000, 0.000, 0.000, 0.000, 0.000, 0.000, 0.000, 0.000, 0.000, 0.000]
  MODEL_REWARDS(s,a,*): [0.000, 0.000, 0.000, 0.000, 0.000, 0.000, 0.000, 0.000, 0.000, 0.000, 0.000, 0.000, 0.000, 0.000, 0.000, 0.000, 0.000, 0.000, 0.000, 0.000, 0.000, 0.000]
----------------------------------------
[DEBUG] Beta=1.0 Phase=addiction Step=657
  State: 1 -> Action: ag -> Next: 0 (Reward: 0.0)
  Q_MF:  [0.022326, 0.028391, 0.051732, 0.082133, 0.056481, 0.043734, 1.167783, 0.033592, 0.059048]
  Q_MB:  [0.000000, 0.000000, 0.000000, 0.000000, 0.000000, 0.000000, 0.899820, 0.000000, 0.000000]
  Q_MIX: [0.000000, 0.000000, 0.000000, 0.000000, 0.000000, 0.000000, 0.899820, 0.000000, 0.000000]
  MODEL_COUNTS(s,a,*):  [17.314, 0.002, 0.000, 0.000, 0.000, 0.000, 0.000, 0.000, 0.000, 0.000, 0.000, 0.000, 0.000, 0.000, 0.000, 0.000, 0.000, 0.000, 0.000, 0.000, 0.000, 0.000]
  MODEL_REWARDS(s,a,*): [0.000, 0.000, 0.000, 0.000, 0.000, 0.000, 0.000, 0.000, 0.000, 0.000, 0.000, 0.000, 0.000, 0.000, 0.000, 0.000, 0.000, 0.000, 0.000, 0.000, 0.000, 0.000]
----------------------------------------
[DEBUG] Beta=1.0 Phase=addiction Step=658
  State: 0 -> Action: ag -> Next: 3 (Reward: 1.0)
  Q_MF:  [0.038522, 0.052804, 0.058918, 0.039484, 0.105203, 0.090006, 1.462529, 0.000000, 0.117681]
  Q_MB:  [0.899991, 0.899991, 0.899991, 0.899991, 0.899991, 0.899991, 1.641425, 0.899991, 0.899991]
  Q_MIX: [0.899991, 0.899991, 0.899991, 0.899991, 0.899991, 0.899991, 1.641425, 0.899991, 0.899991]
  MODEL_COUNTS(s,a,*):  [0.002, 0.000, 0.000, 17.330, 0.000, 0.000, 0.000, 0.000, 0.000, 0.000, 0.000, 0.000, 0.000, 0.000, 0.000, 0.000, 0.000, 0.000, 0.000, 0.000, 0.000, 0.000]
  MODEL_REWARDS(s,a,*): [0.000, 0.000, 0.000, 17.330, 0.000, 0.000, 0.000, 0.000, 0.000, 0.000, 0.000, 0.000, 0.000, 0.000, 0.000, 0.000, 0.000, 0.000, 0.000, 0.000, 0.000, 0.000]
----------------------------------------
[DEBUG] Beta=1.0 Phase=addiction Step=659
  State: 3 -> Action: as6 -> Next: 3 (Reward: 0.0)
  Q_MF:  [0.132514, 0.680319, 0.165447, 0.018205, 0.049597, 0.086194, 0.085352, 0.121275, 0.148119]
  Q_MB:  [0.000000, 0.000000, 0.000000, 0.000000, 0.000000, 0.000000, 0.000000, 0.000000, 0.000000]
  Q_MIX: [0.000000, 0.000000, 0.000000, 0.000000, 0.000000, 0.000000, 0.000000, 0.000000, 0.000000]
  MODEL_COUNTS(s,a,*):  [0.000, 0.000, 0.000, 1.450, 0.000, 0.000, 0.000, 0.000, 0.000, 0.000, 0.000, 0.000, 0.000, 0.000, 0.000, 0.000, 0.000, 0.000, 0.000, 0.000, 0.000, 0.000]
  MODEL_REWARDS(s,a,*): [0.000, 0.000, 0.000, 0.000, 0.000, 0.000, 0.000, 0.000, 0.000, 0.000, 0.000, 0.000, 0.000, 0.000, 0.000, 0.000, 0.000, 0.000, 0.000, 0.000, 0.000, 0.000]
----------------------------------------
[DEBUG] Beta=1.0 Phase=addiction Step=660
  State: 3 -> Action: as3 -> Next: 2 (Reward: 0.0)
  Q_MF:  [0.132514, 0.680319, 0.165447, 0.018205, 0.077731, 0.086194, 0.085352, 0.121275, 0.148119]
  Q_MB:  [0.000000, 0.712785, 0.000000, 0.000000, 0.000000, 0.000000, 0.000000, 0.000000, 0.000000]
  Q_MIX: [0.000000, 0.712785, 0.000000, 0.000000, 0.000000, 0.000000, 0.000000, 0.000000, 0.000000]
  MODEL_COUNTS(s,a,*):  [0.000, 0.000, 18.927, 0.353, 0.000, 0.000, 0.000, 0.000, 0.000, 0.000, 0.000, 0.000, 0.000, 0.000, 0.000, 0.000, 0.000, 0.000, 0.000, 0.000, 0.000, 0.000]
  MODEL_REWARDS(s,a,*): [0.000, 0.000, 0.000, 0.000, 0.000, 0.000, 0.000, 0.000, 0.000, 0.000, 0.000, 0.000, 0.000, 0.000, 0.000, 0.000, 0.000, 0.000, 0.000, 0.000, 0.000, 0.000]
----------------------------------------
[DEBUG] Beta=1.0 Phase=addiction Step=661
  State: 2 -> Action: as2 -> Next: 1 (Reward: 0.0)
  Q_MF:  [0.909040, 0.111624, 0.103871, 0.107614, 0.104316, 0.152547, 0.083945, 0.038824, 0.141094]
  Q_MB:  [0.809752, 0.726820, 0.642244, 0.726820, 0.726820, 0.726820, 0.726820, 0.726820, 0.726820]
  Q_MIX: [0.809752, 0.726820, 0.642244, 0.726820, 0.726820, 0.726820, 0.726820, 0.726820, 0.726820]
  MODEL_COUNTS(s,a,*):  [0.000, 17.499, 0.046, 0.000, 0.000, 0.000, 0.000, 0.000, 0.000, 0.000, 0.000, 0.000, 0.000, 0.000, 0.000, 0.000, 0.000, 0.000, 0.000, 0.000, 0.000, 0.000]
  MODEL_REWARDS(s,a,*): [0.000, 0.000, 0.000, 0.000, 0.000, 0.000, 0.000, 0.000, 0.000, 0.000, 0.000, 0.000, 0.000, 0.000, 0.000, 0.000, 0.000, 0.000, 0.000, 0.000, 0.000, 0.000]
----------------------------------------
[DEBUG] Beta=1.0 Phase=addiction Step=662
  State: 1 -> Action: ag -> Next: 0 (Reward: 0.0)
  Q_MF:  [0.022326, 0.028391, 0.051732, 0.082133, 0.056481, 0.043734, 1.175208, 0.033592, 0.059048]
  Q_MB:  [0.809916, 0.016426, 0.809916, 0.809916, 0.809916, 0.809916, 0.899907, 0.809916, 0.809916]
  Q_MIX: [0.809916, 0.016426, 0.809916, 0.809916, 0.809916, 0.809916, 0.899907, 0.809916, 0.809916]
  MODEL_COUNTS(s,a,*):  [17.465, 0.002, 0.000, 0.000, 0.000, 0.000, 0.000, 0.000, 0.000, 0.000, 0.000, 0.000, 0.000, 0.000, 0.000, 0.000, 0.000, 0.000, 0.000, 0.000, 0.000, 0.000]
  MODEL_REWARDS(s,a,*): [0.000, 0.000, 0.000, 0.000, 0.000, 0.000, 0.000, 0.000, 0.000, 0.000, 0.000, 0.000, 0.000, 0.000, 0.000, 0.000, 0.000, 0.000, 0.000, 0.000, 0.000, 0.000]
----------------------------------------
[DEBUG] Beta=1.0 Phase=addiction Step=663
  State: 0 -> Action: as4 -> Next: 0 (Reward: 0.0)
  Q_MF:  [0.038522, 0.052804, 0.058918, 0.039484, 0.105203, 0.090006, 1.470017, 0.000000, 0.117681]
  Q_MB:  [0.899992, 0.899992, 0.899992, 0.899992, 0.899992, 0.899992, 1.643836, 0.899992, 0.899992]
  Q_MIX: [0.899992, 0.899992, 0.899992, 0.899992, 0.899992, 0.899992, 1.643836, 0.899992, 0.899992]
  MODEL_COUNTS(s,a,*):  [1.027, 0.000, 0.000, 0.000, 0.000, 0.000, 0.000, 0.000, 0.000, 0.000, 0.000, 0.000, 0.000, 0.000, 0.000, 0.000, 0.000, 0.000, 0.000, 0.000, 0.000, 0.000]
  MODEL_REWARDS(s,a,*): [0.000, 0.000, 0.000, 0.000, 0.000, 0.000, 0.000, 0.000, 0.000, 0.000, 0.000, 0.000, 0.000, 0.000, 0.000, 0.000, 0.000, 0.000, 0.000, 0.000, 0.000, 0.000]
----------------------------------------
[DEBUG] Beta=1.0 Phase=addiction Step=664
  State: 0 -> Action: ag -> Next: 3 (Reward: 1.0)
  Q_MF:  [0.038522, 0.052804, 0.122123, 0.039484, 0.105203, 0.090006, 1.470017, 0.000000, 0.117681]
  Q_MB:  [1.479449, 1.479449, 1.479449, 1.479449, 1.479449, 1.479449, 1.643887, 1.479449, 1.479449]
  Q_MIX: [1.479449, 1.479449, 1.479449, 1.479449, 1.479449, 1.479449, 1.643887, 1.479449, 1.479449]
  MODEL_COUNTS(s,a,*):  [0.002, 0.000, 0.000, 17.316, 0.000, 0.000, 0.000, 0.000, 0.000, 0.000, 0.000, 0.000, 0.000, 0.000, 0.000, 0.000, 0.000, 0.000, 0.000, 0.000, 0.000, 0.000]
  MODEL_REWARDS(s,a,*): [0.000, 0.000, 0.000, 17.316, 0.000, 0.000, 0.000, 0.000, 0.000, 0.000, 0.000, 0.000, 0.000, 0.000, 0.000, 0.000, 0.000, 0.000, 0.000, 0.000, 0.000, 0.000]
----------------------------------------
[DEBUG] Beta=1.0 Phase=addiction Step=665
  State: 3 -> Action: as3 -> Next: 2 (Reward: 0.0)
  Q_MF:  [0.132514, 0.687210, 0.165447, 0.018205, 0.077731, 0.086194, 0.085352, 0.121275, 0.148119]
  Q_MB:  [0.000000, 0.713749, 0.000000, 0.000000, 0.000000, 0.000000, 0.000000, 0.000000, 0.000000]
  Q_MIX: [0.000000, 0.713749, 0.000000, 0.000000, 0.000000, 0.000000, 0.000000, 0.000000, 0.000000]
  MODEL_COUNTS(s,a,*):  [0.000, 0.000, 18.999, 0.336, 0.000, 0.000, 0.000, 0.000, 0.000, 0.000, 0.000, 0.000, 0.000, 0.000, 0.000, 0.000, 0.000, 0.000, 0.000, 0.000, 0.000, 0.000]
  MODEL_REWARDS(s,a,*): [0.000, 0.000, 0.000, 0.000, 0.000, 0.000, 0.000, 0.000, 0.000, 0.000, 0.000, 0.000, 0.000, 0.000, 0.000, 0.000, 0.000, 0.000, 0.000, 0.000, 0.000, 0.000]
----------------------------------------
[DEBUG] Beta=1.0 Phase=addiction Step=666
  State: 2 -> Action: as2 -> Next: 1 (Reward: 0.0)
  Q_MF:  [0.916472, 0.111624, 0.103871, 0.107614, 0.104316, 0.152547, 0.083945, 0.038824, 0.141094]
  Q_MB:  [0.809771, 0.728794, 0.654670, 0.728794, 0.728794, 0.728794, 0.728794, 0.728794, 0.728794]
  Q_MIX: [0.809771, 0.728794, 0.654670, 0.728794, 0.728794, 0.728794, 0.728794, 0.728794, 0.728794]
  MODEL_COUNTS(s,a,*):  [0.000, 17.641, 0.044, 0.000, 0.000, 0.000, 0.000, 0.000, 0.000, 0.000, 0.000, 0.000, 0.000, 0.000, 0.000, 0.000, 0.000, 0.000, 0.000, 0.000, 0.000, 0.000]
  MODEL_REWARDS(s,a,*): [0.000, 0.000, 0.000, 0.000, 0.000, 0.000, 0.000, 0.000, 0.000, 0.000, 0.000, 0.000, 0.000, 0.000, 0.000, 0.000, 0.000, 0.000, 0.000, 0.000, 0.000, 0.000]
----------------------------------------
[DEBUG] Beta=1.0 Phase=addiction Step=667
  State: 1 -> Action: ag -> Next: 0 (Reward: 0.0)
  Q_MF:  [0.022326, 0.028391, 0.051732, 0.082133, 0.056481, 0.043734, 1.182598, 0.033592, 0.059048]
  Q_MB:  [0.809856, 0.016425, 0.809856, 0.809856, 0.809856, 0.809856, 0.899912, 0.809856, 0.809856]
  Q_MIX: [0.809856, 0.016425, 0.809856, 0.809856, 0.809856, 0.809856, 0.899912, 0.809856, 0.809856]
  MODEL_COUNTS(s,a,*):  [17.609, 0.001, 0.000, 0.000, 0.000, 0.000, 0.000, 0.000, 0.000, 0.000, 0.000, 0.000, 0.000, 0.000, 0.000, 0.000, 0.000, 0.000, 0.000, 0.000, 0.000, 0.000]
  MODEL_REWARDS(s,a,*): [0.000, 0.000, 0.000, 0.000, 0.000, 0.000, 0.000, 0.000, 0.000, 0.000, 0.000, 0.000, 0.000, 0.000, 0.000, 0.000, 0.000, 0.000, 0.000, 0.000, 0.000, 0.000]
----------------------------------------
[DEBUG] Beta=1.0 Phase=addiction Step=668
  State: 0 -> Action: ag -> Next: 3 (Reward: 1.0)
  Q_MF:  [0.038522, 0.052804, 0.122123, 0.039484, 0.105203, 0.090006, 1.477441, 0.000000, 0.117681]
  Q_MB:  [1.487720, 1.487720, 1.487720, 1.487720, 1.487720, 1.487720, 1.654724, 1.487720, 1.487720]
  Q_MIX: [1.487720, 1.487720, 1.487720, 1.487720, 1.487720, 1.487720, 1.654724, 1.487720, 1.487720]
  MODEL_COUNTS(s,a,*):  [0.001, 0.000, 0.000, 17.634, 0.000, 0.000, 0.000, 0.000, 0.000, 0.000, 0.000, 0.000, 0.000, 0.000, 0.000, 0.000, 0.000, 0.000, 0.000, 0.000, 0.000, 0.000]
  MODEL_REWARDS(s,a,*): [0.000, 0.000, 0.000, 17.634, 0.000, 0.000, 0.000, 0.000, 0.000, 0.000, 0.000, 0.000, 0.000, 0.000, 0.000, 0.000, 0.000, 0.000, 0.000, 0.000, 0.000, 0.000]
----------------------------------------
[DEBUG] Beta=1.0 Phase=addiction Step=669
  State: 3 -> Action: as3 -> Next: 2 (Reward: 0.0)
  Q_MF:  [0.132514, 0.694091, 0.165447, 0.018205, 0.077731, 0.086194, 0.085352, 0.121275, 0.148119]
  Q_MB:  [0.644485, 0.727342, 0.644485, 0.000478, 0.644485, 0.644485, 0.644485, 0.644485, 0.644485]
  Q_MIX: [0.644485, 0.727342, 0.644485, 0.000478, 0.644485, 0.644485, 0.644485, 0.644485, 0.644485]
  MODEL_COUNTS(s,a,*):  [0.000, 0.000, 19.251, 0.322, 0.000, 0.000, 0.000, 0.000, 0.000, 0.000, 0.000, 0.000, 0.000, 0.000, 0.000, 0.000, 0.000, 0.000, 0.000, 0.000, 0.000, 0.000]
  MODEL_REWARDS(s,a,*): [0.000, 0.000, 0.000, 0.000, 0.000, 0.000, 0.000, 0.000, 0.000, 0.000, 0.000, 0.000, 0.000, 0.000, 0.000, 0.000, 0.000, 0.000, 0.000, 0.000, 0.000, 0.000]
----------------------------------------
[DEBUG] Beta=1.0 Phase=addiction Step=670
  State: 2 -> Action: as2 -> Next: 1 (Reward: 0.0)
  Q_MF:  [0.923866, 0.111624, 0.103871, 0.107614, 0.104316, 0.152547, 0.083945, 0.038824, 0.141094]
  Q_MB:  [0.809784, 0.728747, 0.644568, 0.728747, 0.728747, 0.728747, 0.728747, 0.728747, 0.728747]
  Q_MIX: [0.809784, 0.728747, 0.644568, 0.728747, 0.728747, 0.728747, 0.728747, 0.728747, 0.728747]
  MODEL_COUNTS(s,a,*):  [0.000, 17.946, 0.042, 0.000, 0.000, 0.000, 0.000, 0.000, 0.000, 0.000, 0.000, 0.000, 0.000, 0.000, 0.000, 0.000, 0.000, 0.000, 0.000, 0.000, 0.000, 0.000]
  MODEL_REWARDS(s,a,*): [0.000, 0.000, 0.000, 0.000, 0.000, 0.000, 0.000, 0.000, 0.000, 0.000, 0.000, 0.000, 0.000, 0.000, 0.000, 0.000, 0.000, 0.000, 0.000, 0.000, 0.000, 0.000]
----------------------------------------
[DEBUG] Beta=1.0 Phase=addiction Step=671
  State: 1 -> Action: ag -> Next: 0 (Reward: 0.0)
  Q_MF:  [0.022326, 0.028391, 0.051732, 0.082133, 0.056481, 0.043734, 1.189953, 0.033592, 0.059048]
  Q_MB:  [0.809986, 0.730462, 0.809986, 0.809986, 0.809986, 0.809986, 1.489240, 0.809986, 0.809986]
  Q_MIX: [0.809986, 0.730462, 0.809986, 0.809986, 0.809986, 0.809986, 1.489240, 0.809986, 0.809986]
  MODEL_COUNTS(s,a,*):  [17.915, 0.001, 0.000, 0.000, 0.000, 0.000, 0.000, 0.000, 0.000, 0.000, 0.000, 0.000, 0.000, 0.000, 0.000, 0.000, 0.000, 0.000, 0.000, 0.000, 0.000, 0.000]
  MODEL_REWARDS(s,a,*): [0.000, 0.000, 0.000, 0.000, 0.000, 0.000, 0.000, 0.000, 0.000, 0.000, 0.000, 0.000, 0.000, 0.000, 0.000, 0.000, 0.000, 0.000, 0.000, 0.000, 0.000, 0.000]
----------------------------------------
[DEBUG] Beta=1.0 Phase=addiction Step=672
  State: 0 -> Action: ag -> Next: 3 (Reward: 1.0)
  Q_MF:  [0.038522, 0.052804, 0.122123, 0.039484, 0.105203, 0.090006, 1.484803, 0.000000, 0.117681]
  Q_MB:  [1.479329, 1.479329, 1.479329, 1.479329, 1.479329, 1.479329, 1.643747, 1.479329, 1.479329]
  Q_MIX: [1.479329, 1.479329, 1.479329, 1.479329, 1.479329, 1.479329, 1.643747, 1.479329, 1.479329]
  MODEL_COUNTS(s,a,*):  [0.001, 0.000, 0.000, 17.939, 0.000, 0.000, 0.000, 0.000, 0.000, 0.000, 0.000, 0.000, 0.000, 0.000, 0.000, 0.000, 0.000, 0.000, 0.000, 0.000, 0.000, 0.000]
  MODEL_REWARDS(s,a,*): [0.000, 0.000, 0.000, 17.939, 0.000, 0.000, 0.000, 0.000, 0.000, 0.000, 0.000, 0.000, 0.000, 0.000, 0.000, 0.000, 0.000, 0.000, 0.000, 0.000, 0.000, 0.000]
----------------------------------------
[DEBUG] Beta=1.0 Phase=addiction Step=673
  State: 3 -> Action: as2 -> Next: 3 (Reward: 0.0)
  Q_MF:  [0.132514, 0.700960, 0.165447, 0.018205, 0.077731, 0.086194, 0.085352, 0.121275, 0.148119]
  Q_MB:  [0.000000, 0.000000, 0.000000, 0.000000, 0.000000, 0.000000, 0.000000, 0.000000, 0.000000]
  Q_MIX: [0.000000, 0.000000, 0.000000, 0.000000, 0.000000, 0.000000, 0.000000, 0.000000, 0.000000]
  MODEL_COUNTS(s,a,*):  [0.000, 0.000, 0.000, 3.081, 0.000, 0.000, 0.000, 0.000, 0.000, 0.000, 0.000, 0.000, 0.000, 0.000, 0.000, 0.000, 0.000, 0.000, 0.000, 0.000, 0.000, 0.000]
  MODEL_REWARDS(s,a,*): [0.000, 0.000, 0.000, 0.000, 0.000, 0.000, 0.000, 0.000, 0.000, 0.000, 0.000, 0.000, 0.000, 0.000, 0.000, 0.000, 0.000, 0.000, 0.000, 0.000, 0.000, 0.000]
----------------------------------------
[DEBUG] Beta=1.0 Phase=addiction Step=674
  State: 3 -> Action: as3 -> Next: 2 (Reward: 0.0)
  Q_MF:  [0.157432, 0.700960, 0.165447, 0.018205, 0.077731, 0.086194, 0.085352, 0.121275, 0.148119]
  Q_MB:  [0.654766, 1.194800, 0.654766, 0.587553, 0.654766, 0.654766, 0.654766, 0.654766, 0.654766]
  Q_MIX: [0.654766, 1.194800, 0.654766, 0.587553, 0.654766, 0.654766, 0.654766, 0.654766, 0.654766]
  MODEL_COUNTS(s,a,*):  [0.000, 0.000, 19.307, 0.307, 0.000, 0.000, 0.000, 0.000, 0.000, 0.000, 0.000, 0.000, 0.000, 0.000, 0.000, 0.000, 0.000, 0.000, 0.000, 0.000, 0.000, 0.000]
  MODEL_REWARDS(s,a,*): [0.000, 0.000, 0.000, 0.000, 0.000, 0.000, 0.000, 0.000, 0.000, 0.000, 0.000, 0.000, 0.000, 0.000, 0.000, 0.000, 0.000, 0.000, 0.000, 0.000, 0.000, 0.000]
----------------------------------------
[DEBUG] Beta=1.0 Phase=addiction Step=675
  State: 2 -> Action: as2 -> Next: 1 (Reward: 0.0)
  Q_MF:  [0.931220, 0.111624, 0.103871, 0.107614, 0.104316, 0.152547, 0.083945, 0.038824, 0.141094]
  Q_MB:  [1.338763, 1.203846, 1.075446, 1.203846, 1.203846, 1.203846, 1.203846, 1.203846, 1.203846]
  Q_MIX: [1.338763, 1.203846, 1.075446, 1.203846, 1.203846, 1.203846, 1.203846, 1.203846, 1.203846]
  MODEL_COUNTS(s,a,*):  [0.000, 18.066, 0.040, 0.000, 0.000, 0.000, 0.000, 0.000, 0.000, 0.000, 0.000, 0.000, 0.000, 0.000, 0.000, 0.000, 0.000, 0.000, 0.000, 0.000, 0.000, 0.000]
  MODEL_REWARDS(s,a,*): [0.000, 0.000, 0.000, 0.000, 0.000, 0.000, 0.000, 0.000, 0.000, 0.000, 0.000, 0.000, 0.000, 0.000, 0.000, 0.000, 0.000, 0.000, 0.000, 0.000, 0.000, 0.000]
----------------------------------------
[DEBUG] Beta=1.0 Phase=addiction Step=676
  State: 1 -> Action: ag -> Next: 0 (Reward: 0.0)
  Q_MF:  [0.022326, 0.028391, 0.051732, 0.082133, 0.056481, 0.043734, 1.197271, 0.033592, 0.059048]
  Q_MB:  [0.809929, 0.016426, 0.809929, 0.809929, 0.809929, 0.809929, 0.899986, 0.809929, 0.809929]
  Q_MIX: [0.809929, 0.016426, 0.809929, 0.809929, 0.809929, 0.809929, 0.899986, 0.809929, 0.809929]
  MODEL_COUNTS(s,a,*):  [18.037, 0.001, 0.000, 0.000, 0.000, 0.000, 0.000, 0.000, 0.000, 0.000, 0.000, 0.000, 0.000, 0.000, 0.000, 0.000, 0.000, 0.000, 0.000, 0.000, 0.000, 0.000]
  MODEL_REWARDS(s,a,*): [0.000, 0.000, 0.000, 0.000, 0.000, 0.000, 0.000, 0.000, 0.000, 0.000, 0.000, 0.000, 0.000, 0.000, 0.000, 0.000, 0.000, 0.000, 0.000, 0.000, 0.000, 0.000]
----------------------------------------
[DEBUG] Beta=1.0 Phase=addiction Step=677
  State: 0 -> Action: ag -> Next: 3 (Reward: 1.0)
  Q_MF:  [0.038522, 0.052804, 0.122123, 0.039484, 0.105203, 0.090006, 1.492106, 0.000000, 0.117681]
  Q_MB:  [0.899929, 0.899929, 0.899929, 0.899929, 0.899929, 0.899929, 0.999992, 0.899929, 0.899929]
  Q_MIX: [0.899929, 0.899929, 0.899929, 0.899929, 0.899929, 0.899929, 0.999992, 0.899929, 0.899929]
  MODEL_COUNTS(s,a,*):  [0.001, 0.000, 0.000, 18.060, 0.000, 0.000, 0.000, 0.000, 0.000, 0.000, 0.000, 0.000, 0.000, 0.000, 0.000, 0.000, 0.000, 0.000, 0.000, 0.000, 0.000, 0.000]
  MODEL_REWARDS(s,a,*): [0.000, 0.000, 0.000, 18.060, 0.000, 0.000, 0.000, 0.000, 0.000, 0.000, 0.000, 0.000, 0.000, 0.000, 0.000, 0.000, 0.000, 0.000, 0.000, 0.000, 0.000, 0.000]
----------------------------------------
[DEBUG] Beta=1.0 Phase=addiction Step=678
  State: 3 -> Action: as3 -> Next: 2 (Reward: 0.0)
  Q_MF:  [0.157432, 0.707817, 0.165447, 0.018205, 0.077731, 0.086194, 0.085352, 0.121275, 0.148119]
  Q_MB:  [0.000000, 0.717432, 0.000000, 0.000000, 0.000000, 0.000000, 0.000000, 0.000000, 0.000000]
  Q_MIX: [0.000000, 0.717432, 0.000000, 0.000000, 0.000000, 0.000000, 0.000000, 0.000000, 0.000000]
  MODEL_COUNTS(s,a,*):  [0.000, 0.000, 19.547, 0.295, 0.000, 0.000, 0.000, 0.000, 0.000, 0.000, 0.000, 0.000, 0.000, 0.000, 0.000, 0.000, 0.000, 0.000, 0.000, 0.000, 0.000, 0.000]
  MODEL_REWARDS(s,a,*): [0.000, 0.000, 0.000, 0.000, 0.000, 0.000, 0.000, 0.000, 0.000, 0.000, 0.000, 0.000, 0.000, 0.000, 0.000, 0.000, 0.000, 0.000, 0.000, 0.000, 0.000, 0.000]
----------------------------------------
[DEBUG] Beta=1.0 Phase=addiction Step=679
  State: 2 -> Action: as2 -> Next: 1 (Reward: 0.0)
  Q_MF:  [0.938536, 0.111624, 0.103871, 0.107614, 0.104316, 0.152547, 0.083945, 0.038824, 0.141094]
  Q_MB:  [0.809804, 0.727318, 0.000711, 0.727318, 0.727318, 0.727318, 0.727318, 0.727318, 0.727318]
  Q_MIX: [0.809804, 0.727318, 0.000711, 0.727318, 0.727318, 0.727318, 0.727318, 0.727318, 0.727318]
  MODEL_COUNTS(s,a,*):  [0.000, 18.354, 0.039, 0.000, 0.000, 0.000, 0.000, 0.000, 0.000, 0.000, 0.000, 0.000, 0.000, 0.000, 0.000, 0.000, 0.000, 0.000, 0.000, 0.000, 0.000, 0.000]
  MODEL_REWARDS(s,a,*): [0.000, 0.000, 0.000, 0.000, 0.000, 0.000, 0.000, 0.000, 0.000, 0.000, 0.000, 0.000, 0.000, 0.000, 0.000, 0.000, 0.000, 0.000, 0.000, 0.000, 0.000, 0.000]
----------------------------------------
[DEBUG] Beta=1.0 Phase=addiction Step=680
  State: 1 -> Action: ag -> Next: 0 (Reward: 0.0)
  Q_MF:  [0.022326, 0.028391, 0.051732, 0.082133, 0.056481, 0.043734, 1.204553, 0.033592, 0.059048]
  Q_MB:  [0.809933, 0.016426, 0.809933, 0.809933, 0.809933, 0.809933, 0.899987, 0.809933, 0.809933]
  Q_MIX: [0.809933, 0.016426, 0.809933, 0.809933, 0.809933, 0.809933, 0.899987, 0.809933, 0.809933]
  MODEL_COUNTS(s,a,*):  [18.327, 0.001, 0.000, 0.000, 0.000, 0.000, 0.000, 0.000, 0.000, 0.000, 0.000, 0.000, 0.000, 0.000, 0.000, 0.000, 0.000, 0.000, 0.000, 0.000, 0.000, 0.000]
  MODEL_REWARDS(s,a,*): [0.000, 0.000, 0.000, 0.000, 0.000, 0.000, 0.000, 0.000, 0.000, 0.000, 0.000, 0.000, 0.000, 0.000, 0.000, 0.000, 0.000, 0.000, 0.000, 0.000, 0.000, 0.000]
----------------------------------------
[DEBUG] Beta=1.0 Phase=addiction Step=681
  State: 0 -> Action: as4 -> Next: 0 (Reward: 0.0)
  Q_MF:  [0.038522, 0.052804, 0.122123, 0.039484, 0.105203, 0.090006, 1.499352, 0.000000, 0.117681]
  Q_MB:  [1.489221, 1.489221, 1.489221, 1.489221, 1.489221, 1.489221, 1.654734, 1.489221, 1.489221]
  Q_MIX: [1.489221, 1.489221, 1.489221, 1.489221, 1.489221, 1.489221, 1.654734, 1.489221, 1.489221]
  MODEL_COUNTS(s,a,*):  [1.857, 0.000, 0.000, 0.000, 0.000, 0.000, 0.000, 0.000, 0.000, 0.000, 0.000, 0.000, 0.000, 0.000, 0.000, 0.000, 0.000, 0.000, 0.000, 0.000, 0.000, 0.000]
  MODEL_REWARDS(s,a,*): [0.000, 0.000, 0.000, 0.000, 0.000, 0.000, 0.000, 0.000, 0.000, 0.000, 0.000, 0.000, 0.000, 0.000, 0.000, 0.000, 0.000, 0.000, 0.000, 0.000, 0.000, 0.000]
----------------------------------------
[DEBUG] Beta=1.0 Phase=addiction Step=682
  State: 0 -> Action: ag -> Next: 3 (Reward: 1.0)
  Q_MF:  [0.038522, 0.052804, 0.183487, 0.039484, 0.105203, 0.090006, 1.499352, 0.000000, 0.117681]
  Q_MB:  [0.899933, 0.899933, 0.899933, 0.899933, 0.899933, 0.899933, 0.999993, 0.899933, 0.899933]
  Q_MIX: [0.899933, 0.899933, 0.899933, 0.899933, 0.899933, 0.899933, 0.999993, 0.899933, 0.899933]
  MODEL_COUNTS(s,a,*):  [0.001, 0.000, 0.000, 18.175, 0.000, 0.000, 0.000, 0.000, 0.000, 0.000, 0.000, 0.000, 0.000, 0.000, 0.000, 0.000, 0.000, 0.000, 0.000, 0.000, 0.000, 0.000]
  MODEL_REWARDS(s,a,*): [0.000, 0.000, 0.000, 18.175, 0.000, 0.000, 0.000, 0.000, 0.000, 0.000, 0.000, 0.000, 0.000, 0.000, 0.000, 0.000, 0.000, 0.000, 0.000, 0.000, 0.000, 0.000]
----------------------------------------
[DEBUG] Beta=1.0 Phase=addiction Step=683
  State: 3 -> Action: ad -> Next: 3 (Reward: 0.0)
  Q_MF:  [0.157432, 0.714660, 0.165447, 0.018205, 0.077731, 0.086194, 0.085352, 0.121275, 0.148119]
  Q_MB:  [0.000000, 0.000000, 0.000000, 0.000000, 0.000000, 0.000000, 0.000000, 0.000000, 0.000000]
  Q_MIX: [0.000000, 0.000000, 0.000000, 0.000000, 0.000000, 0.000000, 0.000000, 0.000000, 0.000000]
  MODEL_COUNTS(s,a,*):  [0.000, 0.000, 0.000, 2.739, 0.000, 0.000, 0.000, 0.000, 0.000, 0.000, 0.000, 0.000, 0.000, 0.000, 0.000, 0.000, 0.000, 0.000, 0.000, 0.000, 0.000, 0.000]
  MODEL_REWARDS(s,a,*): [0.000, 0.000, 0.000, 0.000, 0.000, 0.000, 0.000, 0.000, 0.000, 0.000, 0.000, 0.000, 0.000, 0.000, 0.000, 0.000, 0.000, 0.000, 0.000, 0.000, 0.000, 0.000]
----------------------------------------
[DEBUG] Beta=1.0 Phase=addiction Step=684
  State: 3 -> Action: as3 -> Next: 2 (Reward: 0.0)
  Q_MF:  [0.157432, 0.714660, 0.165447, 0.018205, 0.077731, 0.086194, 0.085352, 0.147371, 0.148119]
  Q_MB:  [0.654848, 0.727737, 0.654848, 0.581182, 0.654848, 0.654848, 0.654848, 0.654848, 0.654848]
  Q_MIX: [0.654848, 0.727737, 0.654848, 0.581182, 0.654848, 0.654848, 0.654848, 0.654848, 0.654848]
  MODEL_COUNTS(s,a,*):  [0.000, 0.000, 19.403, 0.277, 0.000, 0.000, 0.000, 0.000, 0.000, 0.000, 0.000, 0.000, 0.000, 0.000, 0.000, 0.000, 0.000, 0.000, 0.000, 0.000, 0.000, 0.000]
  MODEL_REWARDS(s,a,*): [0.000, 0.000, 0.000, 0.000, 0.000, 0.000, 0.000, 0.000, 0.000, 0.000, 0.000, 0.000, 0.000, 0.000, 0.000, 0.000, 0.000, 0.000, 0.000, 0.000, 0.000, 0.000]
----------------------------------------
[DEBUG] Beta=1.0 Phase=addiction Step=685
  State: 2 -> Action: as2 -> Next: 1 (Reward: 0.0)
  Q_MF:  [0.945814, 0.111624, 0.103871, 0.107614, 0.104316, 0.152547, 0.083945, 0.038824, 0.141094]
  Q_MB:  [0.809818, 0.728836, 0.646787, 0.728836, 0.728836, 0.728836, 0.728836, 0.728836, 0.728836]
  Q_MIX: [0.809818, 0.728836, 0.646787, 0.728836, 0.728836, 0.728836, 0.728836, 0.728836, 0.728836]
  MODEL_COUNTS(s,a,*):  [0.000, 18.280, 0.036, 0.000, 0.000, 0.000, 0.000, 0.000, 0.000, 0.000, 0.000, 0.000, 0.000, 0.000, 0.000, 0.000, 0.000, 0.000, 0.000, 0.000, 0.000, 0.000]
  MODEL_REWARDS(s,a,*): [0.000, 0.000, 0.000, 0.000, 0.000, 0.000, 0.000, 0.000, 0.000, 0.000, 0.000, 0.000, 0.000, 0.000, 0.000, 0.000, 0.000, 0.000, 0.000, 0.000, 0.000, 0.000]
----------------------------------------
[DEBUG] Beta=1.0 Phase=addiction Step=686
  State: 1 -> Action: ag -> Next: 0 (Reward: 0.0)
  Q_MF:  [0.022326, 0.028391, 0.051732, 0.082133, 0.056481, 0.043734, 1.211796, 0.033592, 0.059048]
  Q_MB:  [0.809989, 0.729121, 0.809989, 0.809989, 0.809989, 0.809989, 0.899987, 0.809989, 0.809989]
  Q_MIX: [0.809989, 0.729121, 0.809989, 0.809989, 0.809989, 0.809989, 0.899987, 0.809989, 0.809989]
  MODEL_COUNTS(s,a,*):  [18.254, 0.001, 0.000, 0.000, 0.000, 0.000, 0.000, 0.000, 0.000, 0.000, 0.000, 0.000, 0.000, 0.000, 0.000, 0.000, 0.000, 0.000, 0.000, 0.000, 0.000, 0.000]
  MODEL_REWARDS(s,a,*): [0.000, 0.000, 0.000, 0.000, 0.000, 0.000, 0.000, 0.000, 0.000, 0.000, 0.000, 0.000, 0.000, 0.000, 0.000, 0.000, 0.000, 0.000, 0.000, 0.000, 0.000, 0.000]
----------------------------------------
[DEBUG] Beta=1.0 Phase=addiction Step=687
  State: 0 -> Action: ag -> Next: 3 (Reward: 1.0)
  Q_MF:  [0.038522, 0.052804, 0.183487, 0.039484, 0.105203, 0.090006, 1.506545, 0.000000, 0.117681]
  Q_MB:  [0.000000, 0.000000, 0.000000, 0.000000, 0.000000, 0.000000, 0.999930, 0.000000, 0.000000]
  Q_MIX: [0.000000, 0.000000, 0.000000, 0.000000, 0.000000, 0.000000, 0.999930, 0.000000, 0.000000]
  MODEL_COUNTS(s,a,*):  [0.001, 0.000, 0.000, 18.284, 0.000, 0.000, 0.000, 0.000, 0.000, 0.000, 0.000, 0.000, 0.000, 0.000, 0.000, 0.000, 0.000, 0.000, 0.000, 0.000, 0.000, 0.000]
  MODEL_REWARDS(s,a,*): [0.000, 0.000, 0.000, 18.284, 0.000, 0.000, 0.000, 0.000, 0.000, 0.000, 0.000, 0.000, 0.000, 0.000, 0.000, 0.000, 0.000, 0.000, 0.000, 0.000, 0.000, 0.000]
----------------------------------------
[DEBUG] Beta=1.0 Phase=addiction Step=688
  State: 3 -> Action: aw -> Next: 3 (Reward: 0.0)
  Q_MF:  [0.157432, 0.721489, 0.165447, 0.018205, 0.077731, 0.086194, 0.085352, 0.147371, 0.148119]
  Q_MB:  [0.000000, 0.000000, 0.000000, 0.000000, 0.000000, 0.000000, 0.000000, 0.000000, 0.000000]
  Q_MIX: [0.000000, 0.000000, 0.000000, 0.000000, 0.000000, 0.000000, 0.000000, 0.000000, 0.000000]
  MODEL_COUNTS(s,a,*):  [0.000, 0.000, 0.000, 3.021, 0.000, 0.000, 0.000, 0.000, 0.000, 0.000, 0.000, 0.000, 0.000, 0.000, 0.000, 0.000, 0.000, 0.000, 0.000, 0.000, 0.000, 0.000]
  MODEL_REWARDS(s,a,*): [0.000, 0.000, 0.000, 0.000, 0.000, 0.000, 0.000, 0.000, 0.000, 0.000, 0.000, 0.000, 0.000, 0.000, 0.000, 0.000, 0.000, 0.000, 0.000, 0.000, 0.000, 0.000]
----------------------------------------
[DEBUG] Beta=1.0 Phase=addiction Step=689
  State: 3 -> Action: as3 -> Next: 2 (Reward: 0.0)
  Q_MF:  [0.157432, 0.721489, 0.165447, 0.018205, 0.077731, 0.086194, 0.085352, 0.147371, 0.173180]
  Q_MB:  [0.000000, 0.717288, 0.000000, 0.000000, 0.000000, 0.000000, 0.000000, 0.000000, 0.000000]
  Q_MIX: [0.000000, 0.717288, 0.000000, 0.000000, 0.000000, 0.000000, 0.000000, 0.000000, 0.000000]
  MODEL_COUNTS(s,a,*):  [0.000, 0.000, 19.452, 0.264, 0.000, 0.000, 0.000, 0.000, 0.000, 0.000, 0.000, 0.000, 0.000, 0.000, 0.000, 0.000, 0.000, 0.000, 0.000, 0.000, 0.000, 0.000]
  MODEL_REWARDS(s,a,*): [0.000, 0.000, 0.000, 0.000, 0.000, 0.000, 0.000, 0.000, 0.000, 0.000, 0.000, 0.000, 0.000, 0.000, 0.000, 0.000, 0.000, 0.000, 0.000, 0.000, 0.000, 0.000]
----------------------------------------
[DEBUG] Beta=1.0 Phase=addiction Step=690
  State: 2 -> Action: as2 -> Next: 1 (Reward: 0.0)
  Q_MF:  [0.953055, 0.111624, 0.103871, 0.107614, 0.104316, 0.152547, 0.083945, 0.038824, 0.141094]
  Q_MB:  [0.809776, 0.727496, 0.000711, 0.727496, 0.727496, 0.727496, 0.727496, 0.727496, 0.727496]
  Q_MIX: [0.809776, 0.727496, 0.000711, 0.727496, 0.727496, 0.727496, 0.727496, 0.727496, 0.727496]
  MODEL_COUNTS(s,a,*):  [0.000, 18.384, 0.035, 0.000, 0.000, 0.000, 0.000, 0.000, 0.000, 0.000, 0.000, 0.000, 0.000, 0.000, 0.000, 0.000, 0.000, 0.000, 0.000, 0.000, 0.000, 0.000]
  MODEL_REWARDS(s,a,*): [0.000, 0.000, 0.000, 0.000, 0.000, 0.000, 0.000, 0.000, 0.000, 0.000, 0.000, 0.000, 0.000, 0.000, 0.000, 0.000, 0.000, 0.000, 0.000, 0.000, 0.000, 0.000]
----------------------------------------
[DEBUG] Beta=1.0 Phase=addiction Step=691
  State: 1 -> Action: as3 -> Next: 2 (Reward: 0.0)
  Q_MF:  [0.022326, 0.028391, 0.051732, 0.082133, 0.056481, 0.043734, 1.219001, 0.033592, 0.059048]
  Q_MB:  [1.339526, 1.207275, 1.339526, 1.339526, 1.339526, 1.339526, 1.488397, 1.339526, 1.339526]
  Q_MIX: [1.339526, 1.207275, 1.339526, 1.339526, 1.339526, 1.339526, 1.488397, 1.339526, 1.339526]
  MODEL_COUNTS(s,a,*):  [0.000, 0.001, 1.056, 0.000, 0.000, 0.000, 0.000, 0.000, 0.000, 0.000, 0.000, 0.000, 0.000, 0.000, 0.000, 0.000, 0.000, 0.000, 0.000, 0.000, 0.000, 0.000]
  MODEL_REWARDS(s,a,*): [0.000, 0.000, 0.000, 0.000, 0.000, 0.000, 0.000, 0.000, 0.000, 0.000, 0.000, 0.000, 0.000, 0.000, 0.000, 0.000, 0.000, 0.000, 0.000, 0.000, 0.000, 0.000]
----------------------------------------
[DEBUG] Beta=1.0 Phase=addiction Step=692
  State: 2 -> Action: as2 -> Next: 1 (Reward: 0.0)
  Q_MF:  [0.960257, 0.111624, 0.103871, 0.107614, 0.104316, 0.152547, 0.083945, 0.038824, 0.141094]
  Q_MB:  [0.809785, 0.727575, 0.000711, 0.727575, 0.727575, 0.727575, 0.727575, 0.727575, 0.727575]
  Q_MIX: [0.809785, 0.727575, 0.000711, 0.727575, 0.727575, 0.727575, 0.727575, 0.727575, 0.727575]
  MODEL_COUNTS(s,a,*):  [0.000, 19.019, 0.034, 0.000, 0.000, 0.000, 0.000, 0.000, 0.000, 0.000, 0.000, 0.000, 0.000, 0.000, 0.000, 0.000, 0.000, 0.000, 0.000, 0.000, 0.000, 0.000]
  MODEL_REWARDS(s,a,*): [0.000, 0.000, 0.000, 0.000, 0.000, 0.000, 0.000, 0.000, 0.000, 0.000, 0.000, 0.000, 0.000, 0.000, 0.000, 0.000, 0.000, 0.000, 0.000, 0.000, 0.000, 0.000]
----------------------------------------
[DEBUG] Beta=1.0 Phase=addiction Step=693
  State: 1 -> Action: as4 -> Next: 1 (Reward: 0.0)
  Q_MF:  [0.022326, 0.070183, 0.051732, 0.082133, 0.056481, 0.043734, 1.219001, 0.033592, 0.059048]
  Q_MB:  [0.000000, 0.000000, 0.000000, 0.000000, 0.000000, 0.000000, 0.000000, 0.000000, 0.000000]
  Q_MIX: [0.000000, 0.000000, 0.000000, 0.000000, 0.000000, 0.000000, 0.000000, 0.000000, 0.000000]
  MODEL_COUNTS(s,a,*):  [0.000, 1.066, 0.000, 0.000, 0.000, 0.000, 0.000, 0.000, 0.000, 0.000, 0.000, 0.000, 0.000, 0.000, 0.000, 0.000, 0.000, 0.000, 0.000, 0.000, 0.000, 0.000]
  MODEL_REWARDS(s,a,*): [0.000, 0.000, 0.000, 0.000, 0.000, 0.000, 0.000, 0.000, 0.000, 0.000, 0.000, 0.000, 0.000, 0.000, 0.000, 0.000, 0.000, 0.000, 0.000, 0.000, 0.000, 0.000]
----------------------------------------
[DEBUG] Beta=1.0 Phase=addiction Step=694
  State: 1 -> Action: ag -> Next: 0 (Reward: 0.0)
  Q_MF:  [0.022326, 0.070183, 0.104000, 0.082133, 0.056481, 0.043734, 1.219001, 0.033592, 0.059048]
  Q_MB:  [0.809989, 0.728948, 0.809989, 0.809989, 0.809989, 0.809989, 1.482388, 0.809989, 0.809989]
  Q_MIX: [0.809989, 0.728948, 0.809989, 0.809989, 0.809989, 0.809989, 1.482388, 0.809989, 0.809989]
  MODEL_COUNTS(s,a,*):  [17.844, 0.001, 0.000, 0.000, 0.000, 0.000, 0.000, 0.000, 0.000, 0.000, 0.000, 0.000, 0.000, 0.000, 0.000, 0.000, 0.000, 0.000, 0.000, 0.000, 0.000, 0.000]
  MODEL_REWARDS(s,a,*): [0.000, 0.000, 0.000, 0.000, 0.000, 0.000, 0.000, 0.000, 0.000, 0.000, 0.000, 0.000, 0.000, 0.000, 0.000, 0.000, 0.000, 0.000, 0.000, 0.000, 0.000, 0.000]
----------------------------------------
[DEBUG] Beta=1.0 Phase=addiction Step=695
  State: 0 -> Action: ag -> Next: 3 (Reward: 1.0)
  Q_MF:  [0.038522, 0.052804, 0.183487, 0.039484, 0.105203, 0.090006, 1.513684, 0.000000, 0.117681]
  Q_MB:  [0.899940, 0.899940, 0.899940, 0.899940, 0.899940, 0.899940, 0.999993, 0.899940, 0.899940]
  Q_MIX: [0.899940, 0.899940, 0.899940, 0.899940, 0.899940, 0.899940, 0.999993, 0.899940, 0.899940]
  MODEL_COUNTS(s,a,*):  [0.001, 0.000, 0.000, 17.871, 0.000, 0.000, 0.000, 0.000, 0.000, 0.000, 0.000, 0.000, 0.000, 0.000, 0.000, 0.000, 0.000, 0.000, 0.000, 0.000, 0.000, 0.000]
  MODEL_REWARDS(s,a,*): [0.000, 0.000, 0.000, 17.871, 0.000, 0.000, 0.000, 0.000, 0.000, 0.000, 0.000, 0.000, 0.000, 0.000, 0.000, 0.000, 0.000, 0.000, 0.000, 0.000, 0.000, 0.000]
----------------------------------------
[DEBUG] Beta=1.0 Phase=addiction Step=696
  State: 3 -> Action: as3 -> Next: 2 (Reward: 0.0)
  Q_MF:  [0.157432, 0.728302, 0.165447, 0.018205, 0.077731, 0.086194, 0.085352, 0.147371, 0.173180]
  Q_MB:  [0.654903, 0.727831, 0.654903, 0.589029, 0.654903, 0.654903, 0.654903, 0.654903, 0.654903]
  Q_MIX: [0.654903, 0.727831, 0.654903, 0.589029, 0.654903, 0.654903, 0.654903, 0.654903, 0.654903]
  MODEL_COUNTS(s,a,*):  [0.000, 0.000, 19.130, 0.246, 0.000, 0.000, 0.000, 0.000, 0.000, 0.000, 0.000, 0.000, 0.000, 0.000, 0.000, 0.000, 0.000, 0.000, 0.000, 0.000, 0.000, 0.000]
  MODEL_REWARDS(s,a,*): [0.000, 0.000, 0.000, 0.000, 0.000, 0.000, 0.000, 0.000, 0.000, 0.000, 0.000, 0.000, 0.000, 0.000, 0.000, 0.000, 0.000, 0.000, 0.000, 0.000, 0.000, 0.000]
----------------------------------------
[DEBUG] Beta=1.0 Phase=addiction Step=697
  State: 2 -> Action: as2 -> Next: 1 (Reward: 0.0)
  Q_MF:  [0.967099, 0.111624, 0.103871, 0.107614, 0.104316, 0.152547, 0.083945, 0.038824, 0.141094]
  Q_MB:  [1.333383, 1.200044, 1.073843, 1.200044, 1.200044, 1.200044, 1.200044, 1.200044, 1.200044]
  Q_MIX: [1.333383, 1.200044, 1.073843, 1.200044, 1.200044, 1.200044, 1.200044, 1.200044, 1.200044]
  MODEL_COUNTS(s,a,*):  [0.000, 19.086, 0.032, 0.000, 0.000, 0.000, 0.000, 0.000, 0.000, 0.000, 0.000, 0.000, 0.000, 0.000, 0.000, 0.000, 0.000, 0.000, 0.000, 0.000, 0.000, 0.000]
  MODEL_REWARDS(s,a,*): [0.000, 0.000, 0.000, 0.000, 0.000, 0.000, 0.000, 0.000, 0.000, 0.000, 0.000, 0.000, 0.000, 0.000, 0.000, 0.000, 0.000, 0.000, 0.000, 0.000, 0.000, 0.000]
----------------------------------------
[DEBUG] Beta=1.0 Phase=addiction Step=698
  State: 1 -> Action: ag -> Next: 0 (Reward: 0.0)
  Q_MF:  [0.022326, 0.070183, 0.104000, 0.082133, 0.056481, 0.043734, 1.226166, 0.033592, 0.059048]
  Q_MB:  [0.809944, 0.728914, 0.809944, 0.809944, 0.809944, 0.809944, 0.899989, 0.809944, 0.809944]
  Q_MIX: [0.809944, 0.728914, 0.809944, 0.809944, 0.809944, 0.809944, 0.899989, 0.809944, 0.809944]
  MODEL_COUNTS(s,a,*):  [18.141, 0.001, 0.000, 0.000, 0.000, 0.000, 0.000, 0.000, 0.000, 0.000, 0.000, 0.000, 0.000, 0.000, 0.000, 0.000, 0.000, 0.000, 0.000, 0.000, 0.000, 0.000]
  MODEL_REWARDS(s,a,*): [0.000, 0.000, 0.000, 0.000, 0.000, 0.000, 0.000, 0.000, 0.000, 0.000, 0.000, 0.000, 0.000, 0.000, 0.000, 0.000, 0.000, 0.000, 0.000, 0.000, 0.000, 0.000]
----------------------------------------
[DEBUG] Beta=1.0 Phase=addiction Step=699
  State: 0 -> Action: ag -> Next: 3 (Reward: 1.0)
  Q_MF:  [0.038522, 0.052804, 0.183487, 0.039484, 0.105203, 0.090006, 1.520774, 0.000000, 0.117681]
  Q_MB:  [1.482849, 1.482849, 1.482849, 1.482849, 1.482849, 1.482849, 1.647647, 1.482849, 1.482849]
  Q_MIX: [1.482849, 1.482849, 1.482849, 1.482849, 1.482849, 1.482849, 1.647647, 1.482849, 1.482849]
  MODEL_COUNTS(s,a,*):  [0.001, 0.000, 0.000, 18.167, 0.000, 0.000, 0.000, 0.000, 0.000, 0.000, 0.000, 0.000, 0.000, 0.000, 0.000, 0.000, 0.000, 0.000, 0.000, 0.000, 0.000, 0.000]
  MODEL_REWARDS(s,a,*): [0.000, 0.000, 0.000, 18.167, 0.000, 0.000, 0.000, 0.000, 0.000, 0.000, 0.000, 0.000, 0.000, 0.000, 0.000, 0.000, 0.000, 0.000, 0.000, 0.000, 0.000, 0.000]
----------------------------------------
[DEBUG] Beta=1.0 Phase=addiction Step=700
  State: 3 -> Action: as3 -> Next: 2 (Reward: 0.0)
  Q_MF:  [0.157432, 0.735406, 0.165447, 0.018205, 0.077731, 0.086194, 0.085352, 0.147371, 0.173180]
  Q_MB:  [0.647658, 0.727838, 0.647658, 0.582513, 0.647658, 0.647658, 0.647658, 0.647658, 0.647658]
  Q_MIX: [0.647658, 0.727838, 0.647658, 0.582513, 0.647658, 0.647658, 0.647658, 0.647658, 0.647658]
  MODEL_COUNTS(s,a,*):  [0.000, 0.000, 19.376, 0.236, 0.000, 0.000, 0.000, 0.000, 0.000, 0.000, 0.000, 0.000, 0.000, 0.000, 0.000, 0.000, 0.000, 0.000, 0.000, 0.000, 0.000, 0.000]
  MODEL_REWARDS(s,a,*): [0.000, 0.000, 0.000, 0.000, 0.000, 0.000, 0.000, 0.000, 0.000, 0.000, 0.000, 0.000, 0.000, 0.000, 0.000, 0.000, 0.000, 0.000, 0.000, 0.000, 0.000, 0.000]
----------------------------------------
[DEBUG] Beta=1.0 Phase=addiction Step=701
  State: 2 -> Action: as4 -> Next: 3 (Reward: 0.0)
  Q_MF:  [0.973922, 0.111624, 0.103871, 0.107614, 0.104316, 0.152547, 0.083945, 0.038824, 0.141094]
  Q_MB:  [0.000000, 0.000000, 0.000000, 0.000000, 0.000000, 0.000000, 0.000000, 0.000000, 0.000000]
  Q_MIX: [0.000000, 0.000000, 0.000000, 0.000000, 0.000000, 0.000000, 0.000000, 0.000000, 0.000000]
  MODEL_COUNTS(s,a,*):  [0.000, 0.000, 0.001, 2.078, 0.000, 0.000, 0.000, 0.000, 0.000, 0.000, 0.000, 0.000, 0.000, 0.000, 0.000, 0.000, 0.000, 0.000, 0.000, 0.000, 0.000, 0.000]
  MODEL_REWARDS(s,a,*): [0.000, 0.000, 0.000, 0.000, 0.000, 0.000, 0.000, 0.000, 0.000, 0.000, 0.000, 0.000, 0.000, 0.000, 0.000, 0.000, 0.000, 0.000, 0.000, 0.000, 0.000, 0.000]
----------------------------------------
[DEBUG] Beta=1.0 Phase=addiction Step=702
  State: 3 -> Action: as3 -> Next: 2 (Reward: 0.0)
  Q_MF:  [0.157432, 0.742463, 0.165447, 0.018205, 0.077731, 0.086194, 0.085352, 0.147371, 0.173180]
  Q_MB:  [0.647063, 0.727881, 0.647063, 0.581978, 0.647063, 0.647063, 0.647063, 0.647063, 0.647063]
  Q_MIX: [0.647063, 0.727881, 0.647063, 0.581978, 0.647063, 0.647063, 0.647063, 0.647063, 0.647063]
  MODEL_COUNTS(s,a,*):  [0.000, 0.000, 19.991, 0.231, 0.000, 0.000, 0.000, 0.000, 0.000, 0.000, 0.000, 0.000, 0.000, 0.000, 0.000, 0.000, 0.000, 0.000, 0.000, 0.000, 0.000, 0.000]
  MODEL_REWARDS(s,a,*): [0.000, 0.000, 0.000, 0.000, 0.000, 0.000, 0.000, 0.000, 0.000, 0.000, 0.000, 0.000, 0.000, 0.000, 0.000, 0.000, 0.000, 0.000, 0.000, 0.000, 0.000, 0.000]
----------------------------------------
[DEBUG] Beta=1.0 Phase=addiction Step=703
  State: 2 -> Action: as6 -> Next: 2 (Reward: 0.0)
  Q_MF:  [0.973922, 0.111624, 0.132088, 0.107614, 0.104316, 0.152547, 0.083945, 0.038824, 0.141094]
  Q_MB:  [0.000000, 0.000000, 0.000000, 0.000000, 0.000000, 0.000000, 0.000000, 0.000000, 0.000000]
  Q_MIX: [0.000000, 0.000000, 0.000000, 0.000000, 0.000000, 0.000000, 0.000000, 0.000000, 0.000000]
  MODEL_COUNTS(s,a,*):  [0.000, 0.000, 1.514, 0.000, 0.000, 0.000, 0.000, 0.000, 0.000, 0.000, 0.000, 0.000, 0.000, 0.000, 0.000, 0.000, 0.000, 0.000, 0.000, 0.000, 0.000, 0.000]
  MODEL_REWARDS(s,a,*): [0.000, 0.000, 0.000, 0.000, 0.000, 0.000, 0.000, 0.000, 0.000, 0.000, 0.000, 0.000, 0.000, 0.000, 0.000, 0.000, 0.000, 0.000, 0.000, 0.000, 0.000, 0.000]
----------------------------------------
[DEBUG] Beta=1.0 Phase=addiction Step=704
  State: 2 -> Action: as2 -> Next: 1 (Reward: 0.0)
  Q_MF:  [0.973922, 0.111624, 0.132088, 0.107614, 0.142926, 0.152547, 0.083945, 0.038824, 0.141094]
  Q_MB:  [0.809808, 0.727721, 0.000369, 0.727721, 0.727721, 0.727721, 0.727721, 0.727721, 0.727721]
  Q_MIX: [0.809808, 0.727721, 0.000369, 0.727721, 0.727721, 0.727721, 0.727721, 0.727721, 0.727721]
  MODEL_COUNTS(s,a,*):  [0.000, 18.790, 0.030, 0.000, 0.000, 0.000, 0.000, 0.000, 0.000, 0.000, 0.000, 0.000, 0.000, 0.000, 0.000, 0.000, 0.000, 0.000, 0.000, 0.000, 0.000, 0.000]
  MODEL_REWARDS(s,a,*): [0.000, 0.000, 0.000, 0.000, 0.000, 0.000, 0.000, 0.000, 0.000, 0.000, 0.000, 0.000, 0.000, 0.000, 0.000, 0.000, 0.000, 0.000, 0.000, 0.000, 0.000, 0.000]
----------------------------------------
[DEBUG] Beta=1.0 Phase=addiction Step=705
  State: 1 -> Action: ag -> Next: 0 (Reward: 0.0)
  Q_MF:  [0.022326, 0.070183, 0.104000, 0.082133, 0.056481, 0.043734, 1.233293, 0.033592, 0.059048]
  Q_MB:  [0.809990, 0.000893, 0.809990, 0.809990, 0.809990, 0.809990, 0.899989, 0.809990, 0.809990]
  Q_MIX: [0.809990, 0.000893, 0.809990, 0.809990, 0.809990, 0.809990, 0.899989, 0.809990, 0.809990]
  MODEL_COUNTS(s,a,*):  [17.908, 0.001, 0.000, 0.000, 0.000, 0.000, 0.000, 0.000, 0.000, 0.000, 0.000, 0.000, 0.000, 0.000, 0.000, 0.000, 0.000, 0.000, 0.000, 0.000, 0.000, 0.000]
  MODEL_REWARDS(s,a,*): [0.000, 0.000, 0.000, 0.000, 0.000, 0.000, 0.000, 0.000, 0.000, 0.000, 0.000, 0.000, 0.000, 0.000, 0.000, 0.000, 0.000, 0.000, 0.000, 0.000, 0.000, 0.000]
----------------------------------------
[DEBUG] Beta=1.0 Phase=addiction Step=706
  State: 0 -> Action: ag -> Next: 3 (Reward: 1.0)
  Q_MF:  [0.038522, 0.052804, 0.183487, 0.039484, 0.105203, 0.090006, 1.527828, 0.000000, 0.117681]
  Q_MB:  [1.482752, 1.482752, 1.482752, 1.482752, 1.482752, 1.482752, 1.654206, 1.482752, 1.482752]
  Q_MIX: [1.482752, 1.482752, 1.482752, 1.482752, 1.482752, 1.482752, 1.654206, 1.482752, 1.482752]
  MODEL_COUNTS(s,a,*):  [0.001, 0.000, 0.000, 17.933, 0.000, 0.000, 0.000, 0.000, 0.000, 0.000, 0.000, 0.000, 0.000, 0.000, 0.000, 0.000, 0.000, 0.000, 0.000, 0.000, 0.000, 0.000]
  MODEL_REWARDS(s,a,*): [0.000, 0.000, 0.000, 17.933, 0.000, 0.000, 0.000, 0.000, 0.000, 0.000, 0.000, 0.000, 0.000, 0.000, 0.000, 0.000, 0.000, 0.000, 0.000, 0.000, 0.000, 0.000]
----------------------------------------
[DEBUG] Beta=1.0 Phase=addiction Step=707
  State: 3 -> Action: as6 -> Next: 3 (Reward: 0.0)
  Q_MF:  [0.157432, 0.749166, 0.165447, 0.018205, 0.077731, 0.086194, 0.085352, 0.147371, 0.173180]
  Q_MB:  [0.000000, 0.000000, 0.000000, 0.000000, 0.000000, 0.000000, 0.000000, 0.000000, 0.000000]
  Q_MIX: [0.000000, 0.000000, 0.000000, 0.000000, 0.000000, 0.000000, 0.000000, 0.000000, 0.000000]
  MODEL_COUNTS(s,a,*):  [0.000, 0.000, 0.000, 1.895, 0.000, 0.000, 0.000, 0.000, 0.000, 0.000, 0.000, 0.000, 0.000, 0.000, 0.000, 0.000, 0.000, 0.000, 0.000, 0.000, 0.000, 0.000]
  MODEL_REWARDS(s,a,*): [0.000, 0.000, 0.000, 0.000, 0.000, 0.000, 0.000, 0.000, 0.000, 0.000, 0.000, 0.000, 0.000, 0.000, 0.000, 0.000, 0.000, 0.000, 0.000, 0.000, 0.000, 0.000]
----------------------------------------
[DEBUG] Beta=1.0 Phase=addiction Step=708
  State: 3 -> Action: ag -> Next: 3 (Reward: 0.0)
  Q_MF:  [0.157432, 0.749166, 0.165447, 0.018205, 0.107557, 0.086194, 0.085352, 0.147371, 0.173180]
  Q_MB:  [0.000000, 0.000000, 0.000000, 0.000000, 0.000000, 0.000000, 0.000000, 0.000000, 0.000000]
  Q_MIX: [0.000000, 0.000000, 0.000000, 0.000000, 0.000000, 0.000000, 0.000000, 0.000000, 0.000000]
  MODEL_COUNTS(s,a,*):  [0.000, 0.000, 0.000, 1.861, 0.000, 0.000, 0.000, 0.000, 0.000, 0.000, 0.000, 0.000, 0.000, 0.000, 0.000, 0.000, 0.000, 0.000, 0.000, 0.000, 0.000, 0.000]
  MODEL_REWARDS(s,a,*): [0.000, 0.000, 0.000, 0.000, 0.000, 0.000, 0.000, 0.000, 0.000, 0.000, 0.000, 0.000, 0.000, 0.000, 0.000, 0.000, 0.000, 0.000, 0.000, 0.000, 0.000, 0.000]
----------------------------------------
[DEBUG] Beta=1.0 Phase=addiction Step=709
  State: 3 -> Action: as5 -> Next: 4 (Reward: 0.0)
  Q_MF:  [0.157432, 0.749166, 0.165447, 0.018205, 0.107557, 0.086194, 0.114797, 0.147371, 0.173180]
  Q_MB:  [0.000000, 0.000000, 0.000000, 0.000000, 0.000000, 0.000000, 0.000000, 0.000000, 0.000000]
  Q_MIX: [0.000000, 0.000000, 0.000000, 0.000000, 0.000000, 0.000000, 0.000000, 0.000000, 0.000000]
  MODEL_COUNTS(s,a,*):  [0.000, 0.000, 0.000, 0.001, 2.310, 0.000, 0.000, 0.000, 0.000, 0.000, 0.000, 0.000, 0.000, 0.000, 0.000, 0.000, 0.000, 0.000, 0.000, 0.000, 0.000, 0.000]
  MODEL_REWARDS(s,a,*): [0.000, 0.000, 0.000, 0.000, 0.000, 0.000, 0.000, 0.000, 0.000, 0.000, 0.000, 0.000, 0.000, 0.000, 0.000, 0.000, 0.000, 0.000, 0.000, 0.000, 0.000, 0.000]
----------------------------------------
[DEBUG] Beta=1.0 Phase=addiction Step=710
  State: 4 -> Action: as3 -> Next: 4 (Reward: 0.0)
  Q_MF:  [0.001424, 0.000000, 0.134493, 0.000507, 0.000000, 0.000000, 0.000953, 0.000000, 0.000000]
  Q_MB:  [0.000000, 0.000000, 0.000000, 0.000000, 0.000000, 0.000000, 0.000000, 0.000000, 0.000000]
  Q_MIX: [0.000000, 0.000000, 0.000000, 0.000000, 0.000000, 0.000000, 0.000000, 0.000000, 0.000000]
  MODEL_COUNTS(s,a,*):  [0.000, 0.000, 0.000, 0.000, 1.001, 0.000, 0.000, 0.000, 0.000, 0.000, 0.000, 0.000, 0.000, 0.000, 0.000, 0.000, 0.000, 0.000, 0.000, 0.000, 0.000, 0.000]
  MODEL_REWARDS(s,a,*): [0.000, 0.000, 0.000, 0.000, 0.000, 0.000, 0.000, 0.000, 0.000, 0.000, 0.000, 0.000, 0.000, 0.000, 0.000, 0.000, 0.000, 0.000, 0.000, 0.000, 0.000, 0.000]
----------------------------------------
[DEBUG] Beta=1.0 Phase=addiction Step=711
  State: 4 -> Action: as2 -> Next: 4 (Reward: 0.0)
  Q_MF:  [0.001424, 0.006052, 0.134493, 0.000507, 0.000000, 0.000000, 0.000953, 0.000000, 0.000000]
  Q_MB:  [0.000000, 0.000000, 0.000000, 0.000000, 0.000000, 0.000000, 0.000000, 0.000000, 0.000000]
  Q_MIX: [0.000000, 0.000000, 0.000000, 0.000000, 0.000000, 0.000000, 0.000000, 0.000000, 0.000000]
  MODEL_COUNTS(s,a,*):  [0.000, 0.000, 0.000, 0.000, 1.040, 0.000, 0.000, 0.000, 0.000, 0.000, 0.000, 0.000, 0.000, 0.000, 0.000, 0.000, 0.000, 0.000, 0.000, 0.000, 0.000, 0.000]
  MODEL_REWARDS(s,a,*): [0.000, 0.000, 0.000, 0.000, 0.000, 0.000, 0.000, 0.000, 0.000, 0.000, 0.000, 0.000, 0.000, 0.000, 0.000, 0.000, 0.000, 0.000, 0.000, 0.000, 0.000, 0.000]
----------------------------------------
[DEBUG] Beta=1.0 Phase=addiction Step=712
  State: 4 -> Action: ad -> Next: 4 (Reward: 0.0)
  Q_MF:  [0.007405, 0.006052, 0.134493, 0.000507, 0.000000, 0.000000, 0.000953, 0.000000, 0.000000]
  Q_MB:  [0.000000, 0.000000, 0.000000, 0.000000, 0.000000, 0.000000, 0.000000, 0.000000, 0.000000]
  Q_MIX: [0.000000, 0.000000, 0.000000, 0.000000, 0.000000, 0.000000, 0.000000, 0.000000, 0.000000]
  MODEL_COUNTS(s,a,*):  [0.000, 0.000, 0.000, 0.000, 1.001, 0.000, 0.000, 0.000, 0.000, 0.000, 0.000, 0.000, 0.000, 0.000, 0.000, 0.000, 0.000, 0.000, 0.000, 0.000, 0.000, 0.000]
  MODEL_REWARDS(s,a,*): [0.000, 0.000, 0.000, 0.000, 0.000, 0.000, 0.000, 0.000, 0.000, 0.000, 0.000, 0.000, 0.000, 0.000, 0.000, 0.000, 0.000, 0.000, 0.000, 0.000, 0.000, 0.000]
----------------------------------------
[DEBUG] Beta=1.0 Phase=addiction Step=713
  State: 4 -> Action: aw -> Next: 4 (Reward: 0.0)
  Q_MF:  [0.007405, 0.006052, 0.134493, 0.000507, 0.000000, 0.000000, 0.000953, 0.006052, 0.000000]
  Q_MB:  [0.000000, 0.000000, 0.000000, 0.000000, 0.000000, 0.000000, 0.000000, 0.000000, 0.000000]
  Q_MIX: [0.000000, 0.000000, 0.000000, 0.000000, 0.000000, 0.000000, 0.000000, 0.000000, 0.000000]
  MODEL_COUNTS(s,a,*):  [0.000, 0.000, 0.000, 0.000, 1.002, 0.000, 0.000, 0.000, 0.000, 0.000, 0.000, 0.000, 0.000, 0.000, 0.000, 0.000, 0.000, 0.000, 0.000, 0.000, 0.000, 0.000]
  MODEL_REWARDS(s,a,*): [0.000, 0.000, 0.000, 0.000, 0.000, 0.000, 0.000, 0.000, 0.000, 0.000, 0.000, 0.000, 0.000, 0.000, 0.000, 0.000, 0.000, 0.000, 0.000, 0.000, 0.000, 0.000]
----------------------------------------
[DEBUG] Beta=1.0 Phase=addiction Step=714
  State: 4 -> Action: as5 -> Next: 4 (Reward: 0.0)
  Q_MF:  [0.007405, 0.006052, 0.134493, 0.000507, 0.000000, 0.000000, 0.000953, 0.006052, 0.006052]
  Q_MB:  [0.000000, 0.000000, 0.000000, 0.000000, 0.000000, 0.000000, 0.000000, 0.000000, 0.000000]
  Q_MIX: [0.000000, 0.000000, 0.000000, 0.000000, 0.000000, 0.000000, 0.000000, 0.000000, 0.000000]
  MODEL_COUNTS(s,a,*):  [0.000, 0.000, 0.000, 0.000, 1.016, 0.000, 0.000, 0.000, 0.000, 0.000, 0.000, 0.000, 0.000, 0.000, 0.000, 0.000, 0.000, 0.000, 0.000, 0.000, 0.000, 0.000]
  MODEL_REWARDS(s,a,*): [0.000, 0.000, 0.000, 0.000, 0.000, 0.000, 0.000, 0.000, 0.000, 0.000, 0.000, 0.000, 0.000, 0.000, 0.000, 0.000, 0.000, 0.000, 0.000, 0.000, 0.000, 0.000]
----------------------------------------
[DEBUG] Beta=1.0 Phase=addiction Step=715
  State: 4 -> Action: as3 -> Next: 4 (Reward: 0.0)
  Q_MF:  [0.007405, 0.006052, 0.134493, 0.006534, 0.000000, 0.000000, 0.000953, 0.006052, 0.006052]
  Q_MB:  [0.000000, 0.000000, 0.000000, 0.000000, 0.000000, 0.000000, 0.000000, 0.000000, 0.000000]
  Q_MIX: [0.000000, 0.000000, 0.000000, 0.000000, 0.000000, 0.000000, 0.000000, 0.000000, 0.000000]
  MODEL_COUNTS(s,a,*):  [0.000, 0.000, 0.000, 0.000, 1.952, 0.000, 0.000, 0.000, 0.000, 0.000, 0.000, 0.000, 0.000, 0.000, 0.000, 0.000, 0.000, 0.000, 0.000, 0.000, 0.000, 0.000]
  MODEL_REWARDS(s,a,*): [0.000, 0.000, 0.000, 0.000, 0.000, 0.000, 0.000, 0.000, 0.000, 0.000, 0.000, 0.000, 0.000, 0.000, 0.000, 0.000, 0.000, 0.000, 0.000, 0.000, 0.000, 0.000]
----------------------------------------
[DEBUG] Beta=1.0 Phase=addiction Step=716
  State: 4 -> Action: ag -> Next: 4 (Reward: 0.0)
  Q_MF:  [0.007405, 0.011802, 0.134493, 0.006534, 0.000000, 0.000000, 0.000953, 0.006052, 0.006052]
  Q_MB:  [0.000000, 0.000000, 0.000000, 0.000000, 0.000000, 0.000000, 0.000000, 0.000000, 0.000000]
  Q_MIX: [0.000000, 0.000000, 0.000000, 0.000000, 0.000000, 0.000000, 0.000000, 0.000000, 0.000000]
  MODEL_COUNTS(s,a,*):  [0.000, 0.000, 0.000, 0.000, 1.020, 0.000, 0.000, 0.000, 0.000, 0.000, 0.000, 0.000, 0.000, 0.000, 0.000, 0.000, 0.000, 0.000, 0.000, 0.000, 0.000, 0.000]
  MODEL_REWARDS(s,a,*): [0.000, 0.000, 0.000, 0.000, 0.000, 0.000, 0.000, 0.000, 0.000, 0.000, 0.000, 0.000, 0.000, 0.000, 0.000, 0.000, 0.000, 0.000, 0.000, 0.000, 0.000, 0.000]
----------------------------------------
[DEBUG] Beta=1.0 Phase=addiction Step=717
  State: 4 -> Action: ag -> Next: 4 (Reward: 0.0)
  Q_MF:  [0.007405, 0.011802, 0.134493, 0.006534, 0.000000, 0.000000, 0.006958, 0.006052, 0.006052]
  Q_MB:  [0.000000, 0.000000, 0.000000, 0.000000, 0.000000, 0.000000, 0.000000, 0.000000, 0.000000]
  Q_MIX: [0.000000, 0.000000, 0.000000, 0.000000, 0.000000, 0.000000, 0.000000, 0.000000, 0.000000]
  MODEL_COUNTS(s,a,*):  [0.000, 0.000, 0.000, 0.000, 2.010, 0.000, 0.000, 0.000, 0.000, 0.000, 0.000, 0.000, 0.000, 0.000, 0.000, 0.000, 0.000, 0.000, 0.000, 0.000, 0.000, 0.000]
  MODEL_REWARDS(s,a,*): [0.000, 0.000, 0.000, 0.000, 0.000, 0.000, 0.000, 0.000, 0.000, 0.000, 0.000, 0.000, 0.000, 0.000, 0.000, 0.000, 0.000, 0.000, 0.000, 0.000, 0.000, 0.000]
----------------------------------------
[DEBUG] Beta=1.0 Phase=addiction Step=718
  State: 4 -> Action: aw -> Next: 4 (Reward: 0.0)
  Q_MF:  [0.007405, 0.011802, 0.134493, 0.006534, 0.000000, 0.000000, 0.012662, 0.006052, 0.006052]
  Q_MB:  [0.000000, 0.000000, 0.000000, 0.000000, 0.000000, 0.000000, 0.000000, 0.000000, 0.000000]
  Q_MIX: [0.000000, 0.000000, 0.000000, 0.000000, 0.000000, 0.000000, 0.000000, 0.000000, 0.000000]
  MODEL_COUNTS(s,a,*):  [0.000, 0.000, 0.000, 0.000, 1.953, 0.000, 0.000, 0.000, 0.000, 0.000, 0.000, 0.000, 0.000, 0.000, 0.000, 0.000, 0.000, 0.000, 0.000, 0.000, 0.000, 0.000]
  MODEL_REWARDS(s,a,*): [0.000, 0.000, 0.000, 0.000, 0.000, 0.000, 0.000, 0.000, 0.000, 0.000, 0.000, 0.000, 0.000, 0.000, 0.000, 0.000, 0.000, 0.000, 0.000, 0.000, 0.000, 0.000]
----------------------------------------
[DEBUG] Beta=1.0 Phase=addiction Step=719
  State: 4 -> Action: ag -> Next: 4 (Reward: 0.0)
  Q_MF:  [0.007405, 0.011802, 0.134493, 0.006534, 0.000000, 0.000000, 0.012662, 0.006052, 0.011802]
  Q_MB:  [0.000000, 0.000000, 0.000000, 0.000000, 0.000000, 0.000000, 0.000000, 0.000000, 0.000000]
  Q_MIX: [0.000000, 0.000000, 0.000000, 0.000000, 0.000000, 0.000000, 0.000000, 0.000000, 0.000000]
  MODEL_COUNTS(s,a,*):  [0.000, 0.000, 0.000, 0.000, 2.970, 0.000, 0.000, 0.000, 0.000, 0.000, 0.000, 0.000, 0.000, 0.000, 0.000, 0.000, 0.000, 0.000, 0.000, 0.000, 0.000, 0.000]
  MODEL_REWARDS(s,a,*): [0.000, 0.000, 0.000, 0.000, 0.000, 0.000, 0.000, 0.000, 0.000, 0.000, 0.000, 0.000, 0.000, 0.000, 0.000, 0.000, 0.000, 0.000, 0.000, 0.000, 0.000, 0.000]
----------------------------------------
[DEBUG] Beta=1.0 Phase=addiction Step=720
  State: 4 -> Action: as4 -> Next: 3 (Reward: 0.0)
  Q_MF:  [0.007405, 0.011802, 0.134493, 0.006534, 0.000000, 0.000000, 0.018081, 0.006052, 0.011802]
  Q_MB:  [0.000000, 0.000000, 0.654678, 0.000000, 0.000000, 0.000000, 0.000000, 0.000000, 0.000000]
  Q_MIX: [0.000000, 0.000000, 0.654678, 0.000000, 0.000000, 0.000000, 0.000000, 0.000000, 0.000000]
  MODEL_COUNTS(s,a,*):  [0.000, 0.000, 0.000, 2.187, 0.001, 0.000, 0.000, 0.000, 0.000, 0.000, 0.000, 0.000, 0.000, 0.000, 0.000, 0.000, 0.000, 0.000, 0.000, 0.000, 0.000, 0.000]
  MODEL_REWARDS(s,a,*): [0.000, 0.000, 0.000, 0.000, 0.000, 0.000, 0.000, 0.000, 0.000, 0.000, 0.000, 0.000, 0.000, 0.000, 0.000, 0.000, 0.000, 0.000, 0.000, 0.000, 0.000, 0.000]
----------------------------------------
[DEBUG] Beta=1.0 Phase=addiction Step=721
  State: 3 -> Action: ag -> Next: 3 (Reward: 0.0)
  Q_MF:  [0.157432, 0.749166, 0.165447, 0.023347, 0.107557, 0.086194, 0.114797, 0.147371, 0.173180]
  Q_MB:  [0.000000, 0.000000, 0.000000, 0.000000, 0.000000, 0.000000, 0.000000, 0.000000, 0.000000]
  Q_MIX: [0.000000, 0.000000, 0.000000, 0.000000, 0.000000, 0.000000, 0.000000, 0.000000, 0.000000]
  MODEL_COUNTS(s,a,*):  [0.000, 0.000, 0.000, 2.633, 0.000, 0.000, 0.000, 0.000, 0.000, 0.000, 0.000, 0.000, 0.000, 0.000, 0.000, 0.000, 0.000, 0.000, 0.000, 0.000, 0.000, 0.000]
  MODEL_REWARDS(s,a,*): [0.000, 0.000, 0.000, 0.000, 0.000, 0.000, 0.000, 0.000, 0.000, 0.000, 0.000, 0.000, 0.000, 0.000, 0.000, 0.000, 0.000, 0.000, 0.000, 0.000, 0.000, 0.000]
----------------------------------------
[DEBUG] Beta=1.0 Phase=addiction Step=722
  State: 3 -> Action: as3 -> Next: 2 (Reward: 0.0)
  Q_MF:  [0.157432, 0.749166, 0.165447, 0.023347, 0.107557, 0.086194, 0.142770, 0.147371, 0.173180]
  Q_MB:  [0.647514, 0.727906, 0.647514, 0.582558, 0.647514, 0.647514, 0.647514, 0.647514, 0.647514]
  Q_MIX: [0.647514, 0.727906, 0.647514, 0.582558, 0.647514, 0.647514, 0.647514, 0.647514, 0.647514]
  MODEL_COUNTS(s,a,*):  [0.000, 0.000, 17.351, 0.189, 0.000, 0.000, 0.000, 0.000, 0.000, 0.000, 0.000, 0.000, 0.000, 0.000, 0.000, 0.000, 0.000, 0.000, 0.000, 0.000, 0.000, 0.000]
  MODEL_REWARDS(s,a,*): [0.000, 0.000, 0.000, 0.000, 0.000, 0.000, 0.000, 0.000, 0.000, 0.000, 0.000, 0.000, 0.000, 0.000, 0.000, 0.000, 0.000, 0.000, 0.000, 0.000, 0.000, 0.000]
----------------------------------------
[DEBUG] Beta=1.0 Phase=addiction Step=723
  State: 2 -> Action: as2 -> Next: 1 (Reward: 0.0)
  Q_MF:  [0.980724, 0.111624, 0.132088, 0.107614, 0.142926, 0.152547, 0.083945, 0.038824, 0.141094]
  Q_MB:  [0.809820, 0.728800, 0.647949, 0.728800, 0.728800, 0.728800, 0.728800, 0.728800, 0.728800]
  Q_MIX: [0.809820, 0.728800, 0.647949, 0.728800, 0.728800, 0.728800, 0.728800, 0.728800, 0.728800]
  MODEL_COUNTS(s,a,*):  [0.000, 16.524, 0.025, 0.000, 0.000, 0.000, 0.000, 0.000, 0.000, 0.000, 0.000, 0.000, 0.000, 0.000, 0.000, 0.000, 0.000, 0.000, 0.000, 0.000, 0.000, 0.000]
  MODEL_REWARDS(s,a,*): [0.000, 0.000, 0.000, 0.000, 0.000, 0.000, 0.000, 0.000, 0.000, 0.000, 0.000, 0.000, 0.000, 0.000, 0.000, 0.000, 0.000, 0.000, 0.000, 0.000, 0.000, 0.000]
----------------------------------------
[DEBUG] Beta=1.0 Phase=addiction Step=724
  State: 1 -> Action: ag -> Next: 0 (Reward: 0.0)
  Q_MF:  [0.022326, 0.070183, 0.104000, 0.082133, 0.056481, 0.043734, 1.240380, 0.033592, 0.059048]
  Q_MB:  [0.809950, 0.000893, 0.809950, 0.809950, 0.809950, 0.809950, 0.899945, 0.809950, 0.809950]
  Q_MIX: [0.809950, 0.000893, 0.809950, 0.809950, 0.809950, 0.809950, 0.899945, 0.809950, 0.809950]
  MODEL_COUNTS(s,a,*):  [15.795, 0.001, 0.000, 0.000, 0.000, 0.000, 0.000, 0.000, 0.000, 0.000, 0.000, 0.000, 0.000, 0.000, 0.000, 0.000, 0.000, 0.000, 0.000, 0.000, 0.000, 0.000]
  MODEL_REWARDS(s,a,*): [0.000, 0.000, 0.000, 0.000, 0.000, 0.000, 0.000, 0.000, 0.000, 0.000, 0.000, 0.000, 0.000, 0.000, 0.000, 0.000, 0.000, 0.000, 0.000, 0.000, 0.000, 0.000]
----------------------------------------
[DEBUG] Beta=1.0 Phase=addiction Step=725
  State: 0 -> Action: ag -> Next: 3 (Reward: 1.0)
  Q_MF:  [0.038522, 0.052804, 0.183487, 0.039484, 0.105203, 0.090006, 1.535149, 0.000000, 0.117681]
  Q_MB:  [0.899995, 0.899995, 0.899995, 0.899995, 0.899995, 0.899995, 1.654258, 0.899995, 0.899995]
  Q_MIX: [0.899995, 0.899995, 0.899995, 0.899995, 0.899995, 0.899995, 1.654258, 0.899995, 0.899995]
  MODEL_COUNTS(s,a,*):  [0.001, 0.000, 0.000, 15.816, 0.000, 0.000, 0.000, 0.000, 0.000, 0.000, 0.000, 0.000, 0.000, 0.000, 0.000, 0.000, 0.000, 0.000, 0.000, 0.000, 0.000, 0.000]
  MODEL_REWARDS(s,a,*): [0.000, 0.000, 0.000, 15.816, 0.000, 0.000, 0.000, 0.000, 0.000, 0.000, 0.000, 0.000, 0.000, 0.000, 0.000, 0.000, 0.000, 0.000, 0.000, 0.000, 0.000, 0.000]
----------------------------------------
[DEBUG] Beta=1.0 Phase=addiction Step=726
  State: 3 -> Action: aw -> Next: 3 (Reward: 0.0)
  Q_MF:  [0.157432, 0.755840, 0.165447, 0.023347, 0.107557, 0.086194, 0.142770, 0.147371, 0.173180]
  Q_MB:  [0.000000, 0.000000, 0.000000, 0.000000, 0.000000, 0.000000, 0.000000, 0.000000, 0.000000]
  Q_MIX: [0.000000, 0.000000, 0.000000, 0.000000, 0.000000, 0.000000, 0.000000, 0.000000, 0.000000]
  MODEL_COUNTS(s,a,*):  [0.000, 0.000, 0.000, 3.062, 0.000, 0.000, 0.000, 0.000, 0.000, 0.000, 0.000, 0.000, 0.000, 0.000, 0.000, 0.000, 0.000, 0.000, 0.000, 0.000, 0.000, 0.000]
  MODEL_REWARDS(s,a,*): [0.000, 0.000, 0.000, 0.000, 0.000, 0.000, 0.000, 0.000, 0.000, 0.000, 0.000, 0.000, 0.000, 0.000, 0.000, 0.000, 0.000, 0.000, 0.000, 0.000, 0.000, 0.000]
----------------------------------------
[DEBUG] Beta=1.0 Phase=addiction Step=727
  State: 3 -> Action: as3 -> Next: 2 (Reward: 0.0)
  Q_MF:  [0.157432, 0.755840, 0.165447, 0.023347, 0.107557, 0.086194, 0.142770, 0.147371, 0.198534]
  Q_MB:  [0.000000, 0.721017, 0.000000, 0.000000, 0.000000, 0.000000, 0.000000, 0.000000, 0.000000]
  Q_MIX: [0.000000, 0.721017, 0.000000, 0.000000, 0.000000, 0.000000, 0.000000, 0.000000, 0.000000]
  MODEL_COUNTS(s,a,*):  [0.000, 0.000, 17.500, 0.180, 0.000, 0.000, 0.000, 0.000, 0.000, 0.000, 0.000, 0.000, 0.000, 0.000, 0.000, 0.000, 0.000, 0.000, 0.000, 0.000, 0.000, 0.000]
  MODEL_REWARDS(s,a,*): [0.000, 0.000, 0.000, 0.000, 0.000, 0.000, 0.000, 0.000, 0.000, 0.000, 0.000, 0.000, 0.000, 0.000, 0.000, 0.000, 0.000, 0.000, 0.000, 0.000, 0.000, 0.000]
----------------------------------------
[DEBUG] Beta=1.0 Phase=addiction Step=728
  State: 2 -> Action: as2 -> Next: 1 (Reward: 0.0)
  Q_MF:  [0.987505, 0.111624, 0.132088, 0.107614, 0.142926, 0.152547, 0.083945, 0.038824, 0.141094]
  Q_MB:  [0.809830, 0.727862, 0.654385, 0.727862, 0.727862, 0.727862, 0.727862, 0.727862, 0.727862]
  Q_MIX: [0.809830, 0.727862, 0.654385, 0.727862, 0.727862, 0.727862, 0.727862, 0.727862, 0.727862]
  MODEL_COUNTS(s,a,*):  [0.000, 16.714, 0.024, 0.000, 0.000, 0.000, 0.000, 0.000, 0.000, 0.000, 0.000, 0.000, 0.000, 0.000, 0.000, 0.000, 0.000, 0.000, 0.000, 0.000, 0.000, 0.000]
  MODEL_REWARDS(s,a,*): [0.000, 0.000, 0.000, 0.000, 0.000, 0.000, 0.000, 0.000, 0.000, 0.000, 0.000, 0.000, 0.000, 0.000, 0.000, 0.000, 0.000, 0.000, 0.000, 0.000, 0.000, 0.000]
----------------------------------------
[DEBUG] Beta=1.0 Phase=addiction Step=729
  State: 1 -> Action: ag -> Next: 0 (Reward: 0.0)
  Q_MF:  [0.022326, 0.070183, 0.104000, 0.082133, 0.056481, 0.043734, 1.247443, 0.033592, 0.059048]
  Q_MB:  [1.340030, 1.205399, 1.340030, 1.340030, 1.340030, 1.340030, 1.488922, 1.340030, 1.340030]
  Q_MIX: [1.340030, 1.205399, 1.340030, 1.340030, 1.340030, 1.340030, 1.488922, 1.340030, 1.340030]
  MODEL_COUNTS(s,a,*):  [16.021, 0.001, 0.000, 0.000, 0.000, 0.000, 0.000, 0.000, 0.000, 0.000, 0.000, 0.000, 0.000, 0.000, 0.000, 0.000, 0.000, 0.000, 0.000, 0.000, 0.000, 0.000]
  MODEL_REWARDS(s,a,*): [0.000, 0.000, 0.000, 0.000, 0.000, 0.000, 0.000, 0.000, 0.000, 0.000, 0.000, 0.000, 0.000, 0.000, 0.000, 0.000, 0.000, 0.000, 0.000, 0.000, 0.000, 0.000]
----------------------------------------
[DEBUG] Beta=1.0 Phase=addiction Step=730
  State: 0 -> Action: ag -> Next: 3 (Reward: 1.0)
  Q_MF:  [0.038522, 0.052804, 0.183487, 0.039484, 0.105203, 0.090006, 1.542405, 0.000000, 0.117681]
  Q_MB:  [1.488903, 1.488903, 1.488903, 1.488903, 1.488903, 1.488903, 1.654367, 1.488903, 1.488903]
  Q_MIX: [1.488903, 1.488903, 1.488903, 1.488903, 1.488903, 1.488903, 1.654367, 1.488903, 1.488903]
  MODEL_COUNTS(s,a,*):  [0.001, 0.000, 0.000, 16.041, 0.000, 0.000, 0.000, 0.000, 0.000, 0.000, 0.000, 0.000, 0.000, 0.000, 0.000, 0.000, 0.000, 0.000, 0.000, 0.000, 0.000, 0.000]
  MODEL_REWARDS(s,a,*): [0.000, 0.000, 0.000, 16.041, 0.000, 0.000, 0.000, 0.000, 0.000, 0.000, 0.000, 0.000, 0.000, 0.000, 0.000, 0.000, 0.000, 0.000, 0.000, 0.000, 0.000, 0.000]
----------------------------------------
[DEBUG] Beta=1.0 Phase=addiction Step=731
  State: 3 -> Action: as3 -> Next: 2 (Reward: 0.0)
  Q_MF:  [0.157432, 0.762486, 0.165447, 0.023347, 0.107557, 0.086194, 0.142770, 0.147371, 0.198534]
  Q_MB:  [0.649293, 0.728047, 0.649293, 0.584158, 0.649293, 0.649293, 0.649293, 0.649293, 0.649293]
  Q_MIX: [0.649293, 0.728047, 0.649293, 0.584158, 0.649293, 0.649293, 0.649293, 0.649293, 0.649293]
  MODEL_COUNTS(s,a,*):  [0.000, 0.000, 17.811, 0.173, 0.000, 0.000, 0.000, 0.000, 0.000, 0.000, 0.000, 0.000, 0.000, 0.000, 0.000, 0.000, 0.000, 0.000, 0.000, 0.000, 0.000, 0.000]
  MODEL_REWARDS(s,a,*): [0.000, 0.000, 0.000, 0.000, 0.000, 0.000, 0.000, 0.000, 0.000, 0.000, 0.000, 0.000, 0.000, 0.000, 0.000, 0.000, 0.000, 0.000, 0.000, 0.000, 0.000, 0.000]
----------------------------------------
[DEBUG] Beta=1.0 Phase=addiction Step=732
  State: 2 -> Action: as2 -> Next: 1 (Reward: 0.0)
  Q_MF:  [0.994264, 0.111624, 0.132088, 0.107614, 0.142926, 0.152547, 0.083945, 0.038824, 0.141094]
  Q_MB:  [0.808847, 0.000000, 0.000000, 0.000000, 0.000000, 0.000000, 0.000000, 0.000000, 0.000000]
  Q_MIX: [0.808847, 0.000000, 0.000000, 0.000000, 0.000000, 0.000000, 0.000000, 0.000000, 0.000000]
  MODEL_COUNTS(s,a,*):  [0.000, 17.055, 0.023, 0.000, 0.000, 0.000, 0.000, 0.000, 0.000, 0.000, 0.000, 0.000, 0.000, 0.000, 0.000, 0.000, 0.000, 0.000, 0.000, 0.000, 0.000, 0.000]
  MODEL_REWARDS(s,a,*): [0.000, 0.000, 0.000, 0.000, 0.000, 0.000, 0.000, 0.000, 0.000, 0.000, 0.000, 0.000, 0.000, 0.000, 0.000, 0.000, 0.000, 0.000, 0.000, 0.000, 0.000, 0.000]
----------------------------------------
[DEBUG] Beta=1.0 Phase=addiction Step=733
  State: 1 -> Action: ag -> Next: 0 (Reward: 0.0)
  Q_MF:  [0.022326, 0.070183, 0.104000, 0.082133, 0.056481, 0.043734, 1.254479, 0.033592, 0.059048]
  Q_MB:  [0.809956, 0.000893, 0.809956, 0.809956, 0.809956, 0.809956, 0.899991, 0.809956, 0.809956]
  Q_MIX: [0.809956, 0.000893, 0.809956, 0.809956, 0.809956, 0.809956, 0.899991, 0.809956, 0.809956]
  MODEL_COUNTS(s,a,*):  [16.390, 0.001, 0.000, 0.000, 0.000, 0.000, 0.000, 0.000, 0.000, 0.000, 0.000, 0.000, 0.000, 0.000, 0.000, 0.000, 0.000, 0.000, 0.000, 0.000, 0.000, 0.000]
  MODEL_REWARDS(s,a,*): [0.000, 0.000, 0.000, 0.000, 0.000, 0.000, 0.000, 0.000, 0.000, 0.000, 0.000, 0.000, 0.000, 0.000, 0.000, 0.000, 0.000, 0.000, 0.000, 0.000, 0.000, 0.000]
----------------------------------------
[DEBUG] Beta=1.0 Phase=addiction Step=734
  State: 0 -> Action: ag -> Next: 3 (Reward: 1.0)
  Q_MF:  [0.038522, 0.052804, 0.183487, 0.039484, 0.105203, 0.090006, 1.549596, 0.000000, 0.117681]
  Q_MB:  [0.899996, 0.899996, 0.899996, 0.899996, 0.899996, 0.899996, 0.999995, 0.899996, 0.899996]
  Q_MIX: [0.899996, 0.899996, 0.899996, 0.899996, 0.899996, 0.899996, 0.999995, 0.899996, 0.899996]
  MODEL_COUNTS(s,a,*):  [0.001, 0.000, 0.000, 16.408, 0.000, 0.000, 0.000, 0.000, 0.000, 0.000, 0.000, 0.000, 0.000, 0.000, 0.000, 0.000, 0.000, 0.000, 0.000, 0.000, 0.000, 0.000]
  MODEL_REWARDS(s,a,*): [0.000, 0.000, 0.000, 16.408, 0.000, 0.000, 0.000, 0.000, 0.000, 0.000, 0.000, 0.000, 0.000, 0.000, 0.000, 0.000, 0.000, 0.000, 0.000, 0.000, 0.000, 0.000]
----------------------------------------
[DEBUG] Beta=1.0 Phase=addiction Step=735
  State: 3 -> Action: as4 -> Next: 3 (Reward: 0.0)
  Q_MF:  [0.157432, 0.769103, 0.165447, 0.023347, 0.107557, 0.086194, 0.142770, 0.147371, 0.198534]
  Q_MB:  [0.000000, 0.721023, 0.000000, 0.000000, 0.000000, 0.000000, 0.000000, 0.000000, 0.000000]
  Q_MIX: [0.000000, 0.721023, 0.000000, 0.000000, 0.000000, 0.000000, 0.000000, 0.000000, 0.000000]
  MODEL_COUNTS(s,a,*):  [0.000, 0.000, 0.000, 2.382, 0.000, 0.000, 0.000, 0.000, 0.000, 0.000, 0.000, 0.000, 0.000, 0.000, 0.000, 0.000, 0.000, 0.000, 0.000, 0.000, 0.000, 0.000]
  MODEL_REWARDS(s,a,*): [0.000, 0.000, 0.000, 0.000, 0.000, 0.000, 0.000, 0.000, 0.000, 0.000, 0.000, 0.000, 0.000, 0.000, 0.000, 0.000, 0.000, 0.000, 0.000, 0.000, 0.000, 0.000]
----------------------------------------
[DEBUG] Beta=1.0 Phase=addiction Step=736
  State: 3 -> Action: as3 -> Next: 2 (Reward: 0.0)
  Q_MF:  [0.157432, 0.769103, 0.191784, 0.023347, 0.107557, 0.086194, 0.142770, 0.147371, 0.198534]
  Q_MB:  [0.000000, 0.720993, 0.000000, 0.000000, 0.000000, 0.000000, 0.000000, 0.000000, 0.000000]
  Q_MIX: [0.000000, 0.720993, 0.000000, 0.000000, 0.000000, 0.000000, 0.000000, 0.000000, 0.000000]
  MODEL_COUNTS(s,a,*):  [0.000, 0.000, 17.938, 0.164, 0.000, 0.000, 0.000, 0.000, 0.000, 0.000, 0.000, 0.000, 0.000, 0.000, 0.000, 0.000, 0.000, 0.000, 0.000, 0.000, 0.000, 0.000]
  MODEL_REWARDS(s,a,*): [0.000, 0.000, 0.000, 0.000, 0.000, 0.000, 0.000, 0.000, 0.000, 0.000, 0.000, 0.000, 0.000, 0.000, 0.000, 0.000, 0.000, 0.000, 0.000, 0.000, 0.000, 0.000]
----------------------------------------
[DEBUG] Beta=1.0 Phase=addiction Step=737
  State: 2 -> Action: aw -> Next: 2 (Reward: 0.0)
  Q_MF:  [1.001003, 0.111624, 0.132088, 0.107614, 0.142926, 0.152547, 0.083945, 0.038824, 0.141094]
  Q_MB:  [0.000000, 0.000000, 0.000000, 0.000000, 0.000000, 0.000000, 0.000000, 0.000000, 0.000000]
  Q_MIX: [0.000000, 0.000000, 0.000000, 0.000000, 0.000000, 0.000000, 0.000000, 0.000000, 0.000000]
  MODEL_COUNTS(s,a,*):  [0.000, 0.000, 1.557, 0.000, 0.000, 0.000, 0.000, 0.000, 0.000, 0.000, 0.000, 0.000, 0.000, 0.000, 0.000, 0.000, 0.000, 0.000, 0.000, 0.000, 0.000, 0.000]
  MODEL_REWARDS(s,a,*): [0.000, 0.000, 0.000, 0.000, 0.000, 0.000, 0.000, 0.000, 0.000, 0.000, 0.000, 0.000, 0.000, 0.000, 0.000, 0.000, 0.000, 0.000, 0.000, 0.000, 0.000, 0.000]
----------------------------------------
[DEBUG] Beta=1.0 Phase=addiction Step=738
  State: 2 -> Action: as4 -> Next: 3 (Reward: 0.0)
  Q_MF:  [1.001003, 0.111624, 0.132088, 0.107614, 0.142926, 0.152547, 0.083945, 0.038824, 0.179085]
  Q_MB:  [0.000000, 0.000000, 0.000000, 0.000000, 0.000000, 0.000000, 0.000000, 0.000000, 0.000000]
  Q_MIX: [0.000000, 0.000000, 0.000000, 0.000000, 0.000000, 0.000000, 0.000000, 0.000000, 0.000000]
  MODEL_COUNTS(s,a,*):  [0.000, 0.000, 0.001, 2.433, 0.000, 0.000, 0.000, 0.000, 0.000, 0.000, 0.000, 0.000, 0.000, 0.000, 0.000, 0.000, 0.000, 0.000, 0.000, 0.000, 0.000, 0.000]
  MODEL_REWARDS(s,a,*): [0.000, 0.000, 0.000, 0.000, 0.000, 0.000, 0.000, 0.000, 0.000, 0.000, 0.000, 0.000, 0.000, 0.000, 0.000, 0.000, 0.000, 0.000, 0.000, 0.000, 0.000, 0.000]
----------------------------------------
[DEBUG] Beta=1.0 Phase=addiction Step=739
  State: 3 -> Action: as3 -> Next: 2 (Reward: 0.0)
  Q_MF:  [0.157432, 0.775693, 0.191784, 0.023347, 0.107557, 0.086194, 0.142770, 0.147371, 0.198534]
  Q_MB:  [0.650019, 0.728148, 0.650019, 0.000274, 0.650019, 0.650019, 0.650019, 0.650019, 0.650019]
  Q_MIX: [0.650019, 0.728148, 0.650019, 0.000274, 0.650019, 0.650019, 0.650019, 0.650019, 0.650019]
  MODEL_COUNTS(s,a,*):  [0.000, 0.000, 18.405, 0.160, 0.000, 0.000, 0.000, 0.000, 0.000, 0.000, 0.000, 0.000, 0.000, 0.000, 0.000, 0.000, 0.000, 0.000, 0.000, 0.000, 0.000, 0.000]
  MODEL_REWARDS(s,a,*): [0.000, 0.000, 0.000, 0.000, 0.000, 0.000, 0.000, 0.000, 0.000, 0.000, 0.000, 0.000, 0.000, 0.000, 0.000, 0.000, 0.000, 0.000, 0.000, 0.000, 0.000, 0.000]
----------------------------------------
[DEBUG] Beta=1.0 Phase=addiction Step=740
  State: 2 -> Action: as2 -> Next: 1 (Reward: 0.0)
  Q_MF:  [1.001003, 0.111624, 0.160390, 0.107614, 0.142926, 0.152547, 0.083945, 0.038824, 0.179085]
  Q_MB:  [0.809883, 0.727963, 0.649559, 0.727963, 0.727963, 0.727963, 0.727963, 0.727963, 0.727963]
  Q_MIX: [0.809883, 0.727963, 0.649559, 0.727963, 0.727963, 0.727963, 0.727963, 0.727963, 0.727963]
  MODEL_COUNTS(s,a,*):  [0.000, 16.738, 0.021, 0.000, 0.000, 0.000, 0.000, 0.000, 0.000, 0.000, 0.000, 0.000, 0.000, 0.000, 0.000, 0.000, 0.000, 0.000, 0.000, 0.000, 0.000, 0.000]
  MODEL_REWARDS(s,a,*): [0.000, 0.000, 0.000, 0.000, 0.000, 0.000, 0.000, 0.000, 0.000, 0.000, 0.000, 0.000, 0.000, 0.000, 0.000, 0.000, 0.000, 0.000, 0.000, 0.000, 0.000, 0.000]
----------------------------------------
[DEBUG] Beta=1.0 Phase=addiction Step=741
  State: 1 -> Action: ag -> Next: 0 (Reward: 0.0)
  Q_MF:  [0.022326, 0.070183, 0.104000, 0.082133, 0.056481, 0.043734, 1.261487, 0.033592, 0.059048]
  Q_MB:  [0.809925, 0.000893, 0.809925, 0.809925, 0.809925, 0.809925, 0.899992, 0.809925, 0.809925]
  Q_MIX: [0.809925, 0.000893, 0.809925, 0.809925, 0.809925, 0.809925, 0.899992, 0.809925, 0.809925]
  MODEL_COUNTS(s,a,*):  [16.124, 0.001, 0.000, 0.000, 0.000, 0.000, 0.000, 0.000, 0.000, 0.000, 0.000, 0.000, 0.000, 0.000, 0.000, 0.000, 0.000, 0.000, 0.000, 0.000, 0.000, 0.000]
  MODEL_REWARDS(s,a,*): [0.000, 0.000, 0.000, 0.000, 0.000, 0.000, 0.000, 0.000, 0.000, 0.000, 0.000, 0.000, 0.000, 0.000, 0.000, 0.000, 0.000, 0.000, 0.000, 0.000, 0.000, 0.000]
----------------------------------------
[DEBUG] Beta=1.0 Phase=addiction Step=742
  State: 0 -> Action: ag -> Next: 3 (Reward: 1.0)
  Q_MF:  [0.038522, 0.052804, 0.183487, 0.039484, 0.105203, 0.090006, 1.556726, 0.000000, 0.117681]
  Q_MB:  [1.484599, 1.484599, 1.484599, 1.484599, 1.484599, 1.484599, 1.649581, 1.484599, 1.484599]
  Q_MIX: [1.484599, 1.484599, 1.484599, 1.484599, 1.484599, 1.484599, 1.649581, 1.484599, 1.484599]
  MODEL_COUNTS(s,a,*):  [0.001, 0.000, 0.000, 16.141, 0.000, 0.000, 0.000, 0.000, 0.000, 0.000, 0.000, 0.000, 0.000, 0.000, 0.000, 0.000, 0.000, 0.000, 0.000, 0.000, 0.000, 0.000]
  MODEL_REWARDS(s,a,*): [0.000, 0.000, 0.000, 16.141, 0.000, 0.000, 0.000, 0.000, 0.000, 0.000, 0.000, 0.000, 0.000, 0.000, 0.000, 0.000, 0.000, 0.000, 0.000, 0.000, 0.000, 0.000]
----------------------------------------
[DEBUG] Beta=1.0 Phase=addiction Step=743
  State: 3 -> Action: as3 -> Next: 2 (Reward: 0.0)
  Q_MF:  [0.157432, 0.781954, 0.191784, 0.023347, 0.107557, 0.086194, 0.142770, 0.147371, 0.198534]
  Q_MB:  [0.000000, 0.721824, 0.000000, 0.000000, 0.000000, 0.000000, 0.000000, 0.000000, 0.000000]
  Q_MIX: [0.000000, 0.721824, 0.000000, 0.000000, 0.000000, 0.000000, 0.000000, 0.000000, 0.000000]
  MODEL_COUNTS(s,a,*):  [0.000, 0.000, 18.680, 0.153, 0.000, 0.000, 0.000, 0.000, 0.000, 0.000, 0.000, 0.000, 0.000, 0.000, 0.000, 0.000, 0.000, 0.000, 0.000, 0.000, 0.000, 0.000]
  MODEL_REWARDS(s,a,*): [0.000, 0.000, 0.000, 0.000, 0.000, 0.000, 0.000, 0.000, 0.000, 0.000, 0.000, 0.000, 0.000, 0.000, 0.000, 0.000, 0.000, 0.000, 0.000, 0.000, 0.000, 0.000]
----------------------------------------
[DEBUG] Beta=1.0 Phase=addiction Step=744
  State: 2 -> Action: as2 -> Next: 1 (Reward: 0.0)
  Q_MF:  [1.007719, 0.111624, 0.160390, 0.107614, 0.142926, 0.152547, 0.083945, 0.038824, 0.179085]
  Q_MB:  [0.809890, 0.728082, 0.000218, 0.728082, 0.728082, 0.728082, 0.728082, 0.728082, 0.728082]
  Q_MIX: [0.809890, 0.728082, 0.000218, 0.728082, 0.728082, 0.728082, 0.728082, 0.728082, 0.728082]
  MODEL_COUNTS(s,a,*):  [0.000, 17.078, 0.020, 0.000, 0.000, 0.000, 0.000, 0.000, 0.000, 0.000, 0.000, 0.000, 0.000, 0.000, 0.000, 0.000, 0.000, 0.000, 0.000, 0.000, 0.000, 0.000]
  MODEL_REWARDS(s,a,*): [0.000, 0.000, 0.000, 0.000, 0.000, 0.000, 0.000, 0.000, 0.000, 0.000, 0.000, 0.000, 0.000, 0.000, 0.000, 0.000, 0.000, 0.000, 0.000, 0.000, 0.000, 0.000]
----------------------------------------
[DEBUG] Beta=1.0 Phase=addiction Step=745
  State: 1 -> Action: ag -> Next: 0 (Reward: 0.0)
  Q_MF:  [0.022326, 0.070183, 0.104000, 0.082133, 0.056481, 0.043734, 1.268465, 0.033592, 0.059048]
  Q_MB:  [0.809993, 0.728996, 0.809993, 0.809993, 0.809993, 0.809993, 0.899992, 0.809993, 0.809993]
  Q_MIX: [0.809993, 0.728996, 0.809993, 0.809993, 0.809993, 0.809993, 0.899992, 0.809993, 0.809993]
  MODEL_COUNTS(s,a,*):  [16.488, 0.001, 0.000, 0.000, 0.000, 0.000, 0.000, 0.000, 0.000, 0.000, 0.000, 0.000, 0.000, 0.000, 0.000, 0.000, 0.000, 0.000, 0.000, 0.000, 0.000, 0.000]
  MODEL_REWARDS(s,a,*): [0.000, 0.000, 0.000, 0.000, 0.000, 0.000, 0.000, 0.000, 0.000, 0.000, 0.000, 0.000, 0.000, 0.000, 0.000, 0.000, 0.000, 0.000, 0.000, 0.000, 0.000, 0.000]
----------------------------------------
[DEBUG] Beta=1.0 Phase=addiction Step=746
  State: 0 -> Action: ag -> Next: 3 (Reward: 1.0)
  Q_MF:  [0.038522, 0.052804, 0.183487, 0.039484, 0.105203, 0.090006, 1.564078, 0.000000, 0.117681]
  Q_MB:  [0.899996, 0.899996, 0.899996, 0.899996, 0.899996, 0.899996, 0.999996, 0.899996, 0.899996]
  Q_MIX: [0.899996, 0.899996, 0.899996, 0.899996, 0.899996, 0.899996, 0.999996, 0.899996, 0.899996]
  MODEL_COUNTS(s,a,*):  [0.001, 0.000, 0.000, 16.505, 0.000, 0.000, 0.000, 0.000, 0.000, 0.000, 0.000, 0.000, 0.000, 0.000, 0.000, 0.000, 0.000, 0.000, 0.000, 0.000, 0.000, 0.000]
  MODEL_REWARDS(s,a,*): [0.000, 0.000, 0.000, 16.505, 0.000, 0.000, 0.000, 0.000, 0.000, 0.000, 0.000, 0.000, 0.000, 0.000, 0.000, 0.000, 0.000, 0.000, 0.000, 0.000, 0.000, 0.000]
----------------------------------------
[DEBUG] Beta=1.0 Phase=addiction Step=747
  State: 3 -> Action: as3 -> Next: 2 (Reward: 0.0)
  Q_MF:  [0.157432, 0.788204, 0.191784, 0.023347, 0.107557, 0.086194, 0.142770, 0.147371, 0.198534]
  Q_MB:  [0.650678, 0.728271, 0.650678, 0.585614, 0.650678, 0.650678, 0.650678, 0.650678, 0.650678]
  Q_MIX: [0.650678, 0.728271, 0.650678, 0.585614, 0.650678, 0.650678, 0.650678, 0.650678, 0.650678]
  MODEL_COUNTS(s,a,*):  [0.000, 0.000, 18.944, 0.147, 0.000, 0.000, 0.000, 0.000, 0.000, 0.000, 0.000, 0.000, 0.000, 0.000, 0.000, 0.000, 0.000, 0.000, 0.000, 0.000, 0.000, 0.000]
  MODEL_REWARDS(s,a,*): [0.000, 0.000, 0.000, 0.000, 0.000, 0.000, 0.000, 0.000, 0.000, 0.000, 0.000, 0.000, 0.000, 0.000, 0.000, 0.000, 0.000, 0.000, 0.000, 0.000, 0.000, 0.000]
----------------------------------------
[DEBUG] Beta=1.0 Phase=addiction Step=748
  State: 2 -> Action: as2 -> Next: 1 (Reward: 0.0)
  Q_MF:  [1.014414, 0.111624, 0.160390, 0.107614, 0.142926, 0.152547, 0.083945, 0.038824, 0.179085]
  Q_MB:  [0.809898, 0.728907, 0.000218, 0.728907, 0.728907, 0.728907, 0.728907, 0.728907, 0.728907]
  Q_MIX: [0.809898, 0.728907, 0.000218, 0.728907, 0.728907, 0.728907, 0.728907, 0.728907, 0.728907]
  MODEL_COUNTS(s,a,*):  [0.000, 17.405, 0.019, 0.000, 0.000, 0.000, 0.000, 0.000, 0.000, 0.000, 0.000, 0.000, 0.000, 0.000, 0.000, 0.000, 0.000, 0.000, 0.000, 0.000, 0.000, 0.000]
  MODEL_REWARDS(s,a,*): [0.000, 0.000, 0.000, 0.000, 0.000, 0.000, 0.000, 0.000, 0.000, 0.000, 0.000, 0.000, 0.000, 0.000, 0.000, 0.000, 0.000, 0.000, 0.000, 0.000, 0.000, 0.000]
----------------------------------------
[DEBUG] Beta=1.0 Phase=addiction Step=749
  State: 1 -> Action: ag -> Next: 0 (Reward: 0.0)
  Q_MF:  [0.022326, 0.070183, 0.104000, 0.082133, 0.056481, 0.043734, 1.275426, 0.033592, 0.059048]
  Q_MB:  [0.809993, 0.728221, 0.809993, 0.809993, 0.809993, 0.809993, 0.899993, 0.809993, 0.809993]
  Q_MIX: [0.809993, 0.728221, 0.809993, 0.809993, 0.809993, 0.809993, 0.899993, 0.809993, 0.809993]
  MODEL_COUNTS(s,a,*):  [16.839, 0.001, 0.000, 0.000, 0.000, 0.000, 0.000, 0.000, 0.000, 0.000, 0.000, 0.000, 0.000, 0.000, 0.000, 0.000, 0.000, 0.000, 0.000, 0.000, 0.000, 0.000]
  MODEL_REWARDS(s,a,*): [0.000, 0.000, 0.000, 0.000, 0.000, 0.000, 0.000, 0.000, 0.000, 0.000, 0.000, 0.000, 0.000, 0.000, 0.000, 0.000, 0.000, 0.000, 0.000, 0.000, 0.000, 0.000]
----------------------------------------
[DEBUG] Beta=1.0 Phase=addiction Step=750
  State: 0 -> Action: ag -> Next: 3 (Reward: 1.0)
  Q_MF:  [0.038522, 0.052804, 0.183487, 0.039484, 0.105203, 0.090006, 1.571343, 0.000000, 0.117681]
  Q_MB:  [0.899996, 0.899996, 0.899996, 0.899996, 0.899996, 0.899996, 0.999996, 0.899996, 0.899996]
  Q_MIX: [0.899996, 0.899996, 0.899996, 0.899996, 0.899996, 0.899996, 0.999996, 0.899996, 0.899996]
  MODEL_COUNTS(s,a,*):  [0.001, 0.000, 0.000, 16.854, 0.000, 0.000, 0.000, 0.000, 0.000, 0.000, 0.000, 0.000, 0.000, 0.000, 0.000, 0.000, 0.000, 0.000, 0.000, 0.000, 0.000, 0.000]
  MODEL_REWARDS(s,a,*): [0.000, 0.000, 0.000, 16.854, 0.000, 0.000, 0.000, 0.000, 0.000, 0.000, 0.000, 0.000, 0.000, 0.000, 0.000, 0.000, 0.000, 0.000, 0.000, 0.000, 0.000, 0.000]
----------------------------------------
[DEBUG] Beta=1.0 Phase=addiction Step=751
  State: 3 -> Action: as4 -> Next: 3 (Reward: 0.0)
  Q_MF:  [0.157432, 0.794442, 0.191784, 0.023347, 0.107557, 0.086194, 0.142770, 0.147371, 0.198534]
  Q_MB:  [0.000000, 0.000000, 0.000000, 0.000000, 0.000000, 0.000000, 0.000000, 0.000000, 0.000000]
  Q_MIX: [0.000000, 0.000000, 0.000000, 0.000000, 0.000000, 0.000000, 0.000000, 0.000000, 0.000000]
  MODEL_COUNTS(s,a,*):  [0.000, 0.000, 0.000, 3.029, 0.000, 0.000, 0.000, 0.000, 0.000, 0.000, 0.000, 0.000, 0.000, 0.000, 0.000, 0.000, 0.000, 0.000, 0.000, 0.000, 0.000, 0.000]
  MODEL_REWARDS(s,a,*): [0.000, 0.000, 0.000, 0.000, 0.000, 0.000, 0.000, 0.000, 0.000, 0.000, 0.000, 0.000, 0.000, 0.000, 0.000, 0.000, 0.000, 0.000, 0.000, 0.000, 0.000, 0.000]
----------------------------------------
[DEBUG] Beta=1.0 Phase=addiction Step=752
  State: 3 -> Action: aw -> Next: 3 (Reward: 0.0)
  Q_MF:  [0.157432, 0.794442, 0.217945, 0.023347, 0.107557, 0.086194, 0.142770, 0.147371, 0.198534]
  Q_MB:  [0.000000, 0.000000, 0.000000, 0.000000, 0.000000, 0.000000, 0.000000, 0.000000, 0.000000]
  Q_MIX: [0.000000, 0.000000, 0.000000, 0.000000, 0.000000, 0.000000, 0.000000, 0.000000, 0.000000]
  MODEL_COUNTS(s,a,*):  [0.000, 0.000, 0.000, 3.358, 0.000, 0.000, 0.000, 0.000, 0.000, 0.000, 0.000, 0.000, 0.000, 0.000, 0.000, 0.000, 0.000, 0.000, 0.000, 0.000, 0.000, 0.000]
  MODEL_REWARDS(s,a,*): [0.000, 0.000, 0.000, 0.000, 0.000, 0.000, 0.000, 0.000, 0.000, 0.000, 0.000, 0.000, 0.000, 0.000, 0.000, 0.000, 0.000, 0.000, 0.000, 0.000, 0.000, 0.000]
----------------------------------------
[DEBUG] Beta=1.0 Phase=addiction Step=753
  State: 3 -> Action: as4 -> Next: 3 (Reward: 0.0)
  Q_MF:  [0.157432, 0.794442, 0.217945, 0.023347, 0.107557, 0.086194, 0.142770, 0.147371, 0.224357]
  Q_MB:  [0.000000, 0.000000, 0.000000, 0.000000, 0.000000, 0.000000, 0.000000, 0.000000, 0.000000]
  Q_MIX: [0.000000, 0.000000, 0.000000, 0.000000, 0.000000, 0.000000, 0.000000, 0.000000, 0.000000]
  MODEL_COUNTS(s,a,*):  [0.000, 0.000, 0.000, 3.968, 0.000, 0.000, 0.000, 0.000, 0.000, 0.000, 0.000, 0.000, 0.000, 0.000, 0.000, 0.000, 0.000, 0.000, 0.000, 0.000, 0.000, 0.000]
  MODEL_REWARDS(s,a,*): [0.000, 0.000, 0.000, 0.000, 0.000, 0.000, 0.000, 0.000, 0.000, 0.000, 0.000, 0.000, 0.000, 0.000, 0.000, 0.000, 0.000, 0.000, 0.000, 0.000, 0.000, 0.000]
----------------------------------------
[DEBUG] Beta=1.0 Phase=addiction Step=754
  State: 3 -> Action: ad -> Next: 3 (Reward: 0.0)
  Q_MF:  [0.157432, 0.794442, 0.242798, 0.023347, 0.107557, 0.086194, 0.142770, 0.147371, 0.224357]
  Q_MB:  [0.000000, 0.000000, 0.000000, 0.000000, 0.000000, 0.000000, 0.000000, 0.000000, 0.000000]
  Q_MIX: [0.000000, 0.000000, 0.000000, 0.000000, 0.000000, 0.000000, 0.000000, 0.000000, 0.000000]
  MODEL_COUNTS(s,a,*):  [0.000, 0.000, 0.000, 2.342, 0.000, 0.000, 0.000, 0.000, 0.000, 0.000, 0.000, 0.000, 0.000, 0.000, 0.000, 0.000, 0.000, 0.000, 0.000, 0.000, 0.000, 0.000]
  MODEL_REWARDS(s,a,*): [0.000, 0.000, 0.000, 0.000, 0.000, 0.000, 0.000, 0.000, 0.000, 0.000, 0.000, 0.000, 0.000, 0.000, 0.000, 0.000, 0.000, 0.000, 0.000, 0.000, 0.000, 0.000]
----------------------------------------
[DEBUG] Beta=1.0 Phase=addiction Step=755
  State: 3 -> Action: as3 -> Next: 2 (Reward: 0.0)
  Q_MF:  [0.157432, 0.794442, 0.242798, 0.023347, 0.107557, 0.086194, 0.142770, 0.175752, 0.224357]
  Q_MB:  [0.000000, 0.000000, 0.000000, 0.000000, 0.000000, 0.000000, 0.000000, 0.000000, 0.000000]
  Q_MIX: [0.000000, 0.000000, 0.000000, 0.000000, 0.000000, 0.000000, 0.000000, 0.000000, 0.000000]
  MODEL_COUNTS(s,a,*):  [0.000, 0.000, 18.480, 0.136, 0.000, 0.000, 0.000, 0.000, 0.000, 0.000, 0.000, 0.000, 0.000, 0.000, 0.000, 0.000, 0.000, 0.000, 0.000, 0.000, 0.000, 0.000]
  MODEL_REWARDS(s,a,*): [0.000, 0.000, 0.000, 0.000, 0.000, 0.000, 0.000, 0.000, 0.000, 0.000, 0.000, 0.000, 0.000, 0.000, 0.000, 0.000, 0.000, 0.000, 0.000, 0.000, 0.000, 0.000]
----------------------------------------
[DEBUG] Beta=1.0 Phase=addiction Step=756
  State: 2 -> Action: as2 -> Next: 1 (Reward: 0.0)
  Q_MF:  [1.021088, 0.111624, 0.160390, 0.107614, 0.142926, 0.152547, 0.083945, 0.038824, 0.179085]
  Q_MB:  [0.809095, 0.000000, 0.000000, 0.000000, 0.000000, 0.000000, 0.000000, 0.000000, 0.000000]
  Q_MIX: [0.809095, 0.000000, 0.000000, 0.000000, 0.000000, 0.000000, 0.000000, 0.000000, 0.000000]
  MODEL_COUNTS(s,a,*):  [0.000, 17.060, 0.018, 0.000, 0.000, 0.000, 0.000, 0.000, 0.000, 0.000, 0.000, 0.000, 0.000, 0.000, 0.000, 0.000, 0.000, 0.000, 0.000, 0.000, 0.000, 0.000]
  MODEL_REWARDS(s,a,*): [0.000, 0.000, 0.000, 0.000, 0.000, 0.000, 0.000, 0.000, 0.000, 0.000, 0.000, 0.000, 0.000, 0.000, 0.000, 0.000, 0.000, 0.000, 0.000, 0.000, 0.000, 0.000]
----------------------------------------
[DEBUG] Beta=1.0 Phase=addiction Step=757
  State: 1 -> Action: as6 -> Next: 1 (Reward: 0.0)
  Q_MF:  [0.022326, 0.070183, 0.104000, 0.082133, 0.056481, 0.043734, 1.282365, 0.033592, 0.059048]
  Q_MB:  [0.809966, 0.728982, 0.809966, 0.809966, 0.809966, 0.809966, 0.899993, 0.809966, 0.809966]
  Q_MIX: [0.809966, 0.728982, 0.809966, 0.809966, 0.809966, 0.809966, 0.899993, 0.809966, 0.809966]
  MODEL_COUNTS(s,a,*):  [0.000, 1.015, 0.000, 0.000, 0.000, 0.000, 0.000, 0.000, 0.000, 0.000, 0.000, 0.000, 0.000, 0.000, 0.000, 0.000, 0.000, 0.000, 0.000, 0.000, 0.000, 0.000]
  MODEL_REWARDS(s,a,*): [0.000, 0.000, 0.000, 0.000, 0.000, 0.000, 0.000, 0.000, 0.000, 0.000, 0.000, 0.000, 0.000, 0.000, 0.000, 0.000, 0.000, 0.000, 0.000, 0.000, 0.000, 0.000]
----------------------------------------
[DEBUG] Beta=1.0 Phase=addiction Step=758
  State: 1 -> Action: ag -> Next: 0 (Reward: 0.0)
  Q_MF:  [0.022326, 0.070183, 0.104000, 0.082133, 0.111363, 0.043734, 1.282365, 0.033592, 0.059048]
  Q_MB:  [0.000000, 0.000000, 0.000000, 0.000000, 0.000000, 0.000000, 0.899962, 0.000000, 0.000000]
  Q_MIX: [0.000000, 0.000000, 0.000000, 0.000000, 0.000000, 0.000000, 0.899962, 0.000000, 0.000000]
  MODEL_COUNTS(s,a,*):  [16.382, 0.001, 0.000, 0.000, 0.000, 0.000, 0.000, 0.000, 0.000, 0.000, 0.000, 0.000, 0.000, 0.000, 0.000, 0.000, 0.000, 0.000, 0.000, 0.000, 0.000, 0.000]
  MODEL_REWARDS(s,a,*): [0.000, 0.000, 0.000, 0.000, 0.000, 0.000, 0.000, 0.000, 0.000, 0.000, 0.000, 0.000, 0.000, 0.000, 0.000, 0.000, 0.000, 0.000, 0.000, 0.000, 0.000, 0.000]
----------------------------------------
[DEBUG] Beta=1.0 Phase=addiction Step=759
  State: 0 -> Action: ag -> Next: 3 (Reward: 1.0)
  Q_MF:  [0.038522, 0.052804, 0.183487, 0.039484, 0.105203, 0.090006, 1.578526, 0.000000, 0.117681]
  Q_MB:  [0.899997, 0.899997, 0.899997, 0.899997, 0.899997, 0.899997, 0.999996, 0.899997, 0.899997]
  Q_MIX: [0.899997, 0.899997, 0.899997, 0.899997, 0.899997, 0.899997, 0.999996, 0.899997, 0.899997]
  MODEL_COUNTS(s,a,*):  [0.001, 0.000, 0.000, 16.397, 0.000, 0.000, 0.000, 0.000, 0.000, 0.000, 0.000, 0.000, 0.000, 0.000, 0.000, 0.000, 0.000, 0.000, 0.000, 0.000, 0.000, 0.000]
  MODEL_REWARDS(s,a,*): [0.000, 0.000, 0.000, 16.397, 0.000, 0.000, 0.000, 0.000, 0.000, 0.000, 0.000, 0.000, 0.000, 0.000, 0.000, 0.000, 0.000, 0.000, 0.000, 0.000, 0.000, 0.000]
----------------------------------------
[DEBUG] Beta=1.0 Phase=addiction Step=760
  State: 3 -> Action: as3 -> Next: 2 (Reward: 0.0)
  Q_MF:  [0.157432, 0.800669, 0.242798, 0.023347, 0.107557, 0.086194, 0.142770, 0.175752, 0.224357]
  Q_MB:  [0.651217, 0.728328, 0.651217, 0.586100, 0.651217, 0.651217, 0.651217, 0.651217, 0.651217]
  Q_MIX: [0.651217, 0.728328, 0.651217, 0.586100, 0.651217, 0.651217, 0.651217, 0.651217, 0.651217]
  MODEL_COUNTS(s,a,*):  [0.000, 0.000, 18.575, 0.129, 0.000, 0.000, 0.000, 0.000, 0.000, 0.000, 0.000, 0.000, 0.000, 0.000, 0.000, 0.000, 0.000, 0.000, 0.000, 0.000, 0.000, 0.000]
  MODEL_REWARDS(s,a,*): [0.000, 0.000, 0.000, 0.000, 0.000, 0.000, 0.000, 0.000, 0.000, 0.000, 0.000, 0.000, 0.000, 0.000, 0.000, 0.000, 0.000, 0.000, 0.000, 0.000, 0.000, 0.000]
----------------------------------------
[DEBUG] Beta=1.0 Phase=addiction Step=761
  State: 2 -> Action: as2 -> Next: 1 (Reward: 0.0)
  Q_MF:  [1.027740, 0.111624, 0.160390, 0.107614, 0.142926, 0.152547, 0.083945, 0.038824, 0.179085]
  Q_MB:  [0.809883, 0.728185, 0.654908, 0.728185, 0.728185, 0.728185, 0.728185, 0.728185, 0.728185]
  Q_MIX: [0.809883, 0.728185, 0.654908, 0.728185, 0.728185, 0.728185, 0.728185, 0.728185, 0.728185]
  MODEL_COUNTS(s,a,*):  [0.000, 17.224, 0.017, 0.000, 0.000, 0.000, 0.000, 0.000, 0.000, 0.000, 0.000, 0.000, 0.000, 0.000, 0.000, 0.000, 0.000, 0.000, 0.000, 0.000, 0.000, 0.000]
  MODEL_REWARDS(s,a,*): [0.000, 0.000, 0.000, 0.000, 0.000, 0.000, 0.000, 0.000, 0.000, 0.000, 0.000, 0.000, 0.000, 0.000, 0.000, 0.000, 0.000, 0.000, 0.000, 0.000, 0.000, 0.000]
----------------------------------------
[DEBUG] Beta=1.0 Phase=addiction Step=762
  State: 1 -> Action: ag -> Next: 0 (Reward: 0.0)
  Q_MF:  [0.022326, 0.070183, 0.104000, 0.082133, 0.111363, 0.043734, 1.289280, 0.033592, 0.059048]
  Q_MB:  [0.809994, 0.729012, 0.809994, 0.809994, 0.809994, 0.809994, 0.899994, 0.809994, 0.809994]
  Q_MIX: [0.809994, 0.729012, 0.809994, 0.809994, 0.809994, 0.809994, 0.899994, 0.809994, 0.809994]
  MODEL_COUNTS(s,a,*):  [16.737, 0.001, 0.000, 0.000, 0.000, 0.000, 0.000, 0.000, 0.000, 0.000, 0.000, 0.000, 0.000, 0.000, 0.000, 0.000, 0.000, 0.000, 0.000, 0.000, 0.000, 0.000]
  MODEL_REWARDS(s,a,*): [0.000, 0.000, 0.000, 0.000, 0.000, 0.000, 0.000, 0.000, 0.000, 0.000, 0.000, 0.000, 0.000, 0.000, 0.000, 0.000, 0.000, 0.000, 0.000, 0.000, 0.000, 0.000]
----------------------------------------
[DEBUG] Beta=1.0 Phase=addiction Step=763
  State: 0 -> Action: ag -> Next: 3 (Reward: 1.0)
  Q_MF:  [0.038522, 0.052804, 0.183487, 0.039484, 0.105203, 0.090006, 1.585630, 0.000000, 0.117681]
  Q_MB:  [0.899997, 0.899997, 0.899997, 0.899997, 0.899997, 0.899997, 0.999996, 0.899997, 0.899997]
  Q_MIX: [0.899997, 0.899997, 0.899997, 0.899997, 0.899997, 0.899997, 0.999996, 0.899997, 0.899997]
  MODEL_COUNTS(s,a,*):  [0.001, 0.000, 0.000, 16.751, 0.000, 0.000, 0.000, 0.000, 0.000, 0.000, 0.000, 0.000, 0.000, 0.000, 0.000, 0.000, 0.000, 0.000, 0.000, 0.000, 0.000, 0.000]
  MODEL_REWARDS(s,a,*): [0.000, 0.000, 0.000, 16.751, 0.000, 0.000, 0.000, 0.000, 0.000, 0.000, 0.000, 0.000, 0.000, 0.000, 0.000, 0.000, 0.000, 0.000, 0.000, 0.000, 0.000, 0.000]
----------------------------------------
[DEBUG] Beta=1.0 Phase=addiction Step=764
  State: 3 -> Action: as5 -> Next: 4 (Reward: 0.0)
  Q_MF:  [0.157432, 0.806884, 0.242798, 0.023347, 0.107557, 0.086194, 0.142770, 0.175752, 0.224357]
  Q_MB:  [0.000000, 0.000000, 0.000000, 0.000000, 0.000000, 0.000000, 0.000000, 0.000000, 0.000000]
  Q_MIX: [0.000000, 0.000000, 0.000000, 0.000000, 0.000000, 0.000000, 0.000000, 0.000000, 0.000000]
  MODEL_COUNTS(s,a,*):  [0.000, 0.000, 0.000, 0.001, 2.329, 0.000, 0.000, 0.000, 0.000, 0.000, 0.000, 0.000, 0.000, 0.000, 0.000, 0.000, 0.000, 0.000, 0.000, 0.000, 0.000, 0.000]
  MODEL_REWARDS(s,a,*): [0.000, 0.000, 0.000, 0.000, 0.000, 0.000, 0.000, 0.000, 0.000, 0.000, 0.000, 0.000, 0.000, 0.000, 0.000, 0.000, 0.000, 0.000, 0.000, 0.000, 0.000, 0.000]
----------------------------------------
[DEBUG] Beta=1.0 Phase=addiction Step=765
  State: 4 -> Action: as4 -> Next: 3 (Reward: 0.0)
  Q_MF:  [0.007405, 0.011802, 0.161481, 0.006534, 0.000000, 0.000000, 0.018081, 0.006052, 0.011802]
  Q_MB:  [0.585579, 0.585579, 0.650876, 0.585579, 0.043272, 0.585579, 0.585579, 0.585579, 0.585579]
  Q_MIX: [0.585579, 0.585579, 0.650876, 0.585579, 0.043272, 0.585579, 0.585579, 0.585579, 0.585579]
  MODEL_COUNTS(s,a,*):  [0.000, 0.000, 0.000, 2.391, 0.001, 0.000, 0.000, 0.000, 0.000, 0.000, 0.000, 0.000, 0.000, 0.000, 0.000, 0.000, 0.000, 0.000, 0.000, 0.000, 0.000, 0.000]
  MODEL_REWARDS(s,a,*): [0.000, 0.000, 0.000, 0.000, 0.000, 0.000, 0.000, 0.000, 0.000, 0.000, 0.000, 0.000, 0.000, 0.000, 0.000, 0.000, 0.000, 0.000, 0.000, 0.000, 0.000, 0.000]
----------------------------------------
[DEBUG] Beta=1.0 Phase=addiction Step=766
  State: 3 -> Action: as2 -> Next: 3 (Reward: 0.0)
  Q_MF:  [0.157432, 0.806884, 0.242798, 0.029446, 0.107557, 0.086194, 0.142770, 0.175752, 0.224357]
  Q_MB:  [0.000000, 0.000000, 0.000000, 0.000000, 0.000000, 0.000000, 0.000000, 0.000000, 0.000000]
  Q_MIX: [0.000000, 0.000000, 0.000000, 0.000000, 0.000000, 0.000000, 0.000000, 0.000000, 0.000000]
  MODEL_COUNTS(s,a,*):  [0.000, 0.000, 0.000, 2.210, 0.000, 0.000, 0.000, 0.000, 0.000, 0.000, 0.000, 0.000, 0.000, 0.000, 0.000, 0.000, 0.000, 0.000, 0.000, 0.000, 0.000, 0.000]
  MODEL_REWARDS(s,a,*): [0.000, 0.000, 0.000, 0.000, 0.000, 0.000, 0.000, 0.000, 0.000, 0.000, 0.000, 0.000, 0.000, 0.000, 0.000, 0.000, 0.000, 0.000, 0.000, 0.000, 0.000, 0.000]
----------------------------------------
[DEBUG] Beta=1.0 Phase=addiction Step=767
  State: 3 -> Action: as2 -> Next: 3 (Reward: 0.0)
  Q_MF:  [0.185870, 0.806884, 0.242798, 0.029446, 0.107557, 0.086194, 0.142770, 0.175752, 0.224357]
  Q_MB:  [0.000000, 0.000000, 0.000000, 0.000000, 0.000000, 0.000000, 0.000000, 0.000000, 0.000000]
  Q_MIX: [0.000000, 0.000000, 0.000000, 0.000000, 0.000000, 0.000000, 0.000000, 0.000000, 0.000000]
  MODEL_COUNTS(s,a,*):  [0.000, 0.000, 0.000, 3.188, 0.000, 0.000, 0.000, 0.000, 0.000, 0.000, 0.000, 0.000, 0.000, 0.000, 0.000, 0.000, 0.000, 0.000, 0.000, 0.000, 0.000, 0.000]
  MODEL_REWARDS(s,a,*): [0.000, 0.000, 0.000, 0.000, 0.000, 0.000, 0.000, 0.000, 0.000, 0.000, 0.000, 0.000, 0.000, 0.000, 0.000, 0.000, 0.000, 0.000, 0.000, 0.000, 0.000, 0.000]
----------------------------------------
[DEBUG] Beta=1.0 Phase=addiction Step=768
  State: 3 -> Action: as6 -> Next: 3 (Reward: 0.0)
  Q_MF:  [0.212886, 0.806884, 0.242798, 0.029446, 0.107557, 0.086194, 0.142770, 0.175752, 0.224357]
  Q_MB:  [0.000000, 0.000000, 0.000000, 0.000000, 0.000000, 0.000000, 0.000000, 0.000000, 0.000000]
  Q_MIX: [0.000000, 0.000000, 0.000000, 0.000000, 0.000000, 0.000000, 0.000000, 0.000000, 0.000000]
  MODEL_COUNTS(s,a,*):  [0.000, 0.000, 0.000, 2.027, 0.000, 0.000, 0.000, 0.000, 0.000, 0.000, 0.000, 0.000, 0.000, 0.000, 0.000, 0.000, 0.000, 0.000, 0.000, 0.000, 0.000, 0.000]
  MODEL_REWARDS(s,a,*): [0.000, 0.000, 0.000, 0.000, 0.000, 0.000, 0.000, 0.000, 0.000, 0.000, 0.000, 0.000, 0.000, 0.000, 0.000, 0.000, 0.000, 0.000, 0.000, 0.000, 0.000, 0.000]
----------------------------------------
[DEBUG] Beta=1.0 Phase=addiction Step=769
  State: 3 -> Action: as3 -> Next: 2 (Reward: 0.0)
  Q_MF:  [0.212886, 0.806884, 0.242798, 0.029446, 0.138489, 0.086194, 0.142770, 0.175752, 0.224357]
  Q_MB:  [0.000000, 0.723865, 0.000000, 0.000000, 0.000000, 0.000000, 0.000000, 0.000000, 0.000000]
  Q_MIX: [0.000000, 0.723865, 0.000000, 0.000000, 0.000000, 0.000000, 0.000000, 0.000000, 0.000000]
  MODEL_COUNTS(s,a,*):  [0.000, 0.000, 17.968, 0.118, 0.000, 0.000, 0.000, 0.000, 0.000, 0.000, 0.000, 0.000, 0.000, 0.000, 0.000, 0.000, 0.000, 0.000, 0.000, 0.000, 0.000, 0.000]
  MODEL_REWARDS(s,a,*): [0.000, 0.000, 0.000, 0.000, 0.000, 0.000, 0.000, 0.000, 0.000, 0.000, 0.000, 0.000, 0.000, 0.000, 0.000, 0.000, 0.000, 0.000, 0.000, 0.000, 0.000, 0.000]
----------------------------------------
[DEBUG] Beta=1.0 Phase=addiction Step=770
  State: 2 -> Action: as2 -> Next: 1 (Reward: 0.0)
  Q_MF:  [1.034370, 0.111624, 0.160390, 0.107614, 0.142926, 0.152547, 0.083945, 0.038824, 0.179085]
  Q_MB:  [0.809915, 0.728923, 0.651502, 0.728923, 0.728923, 0.728923, 0.728923, 0.728923, 0.728923]
  Q_MIX: [0.809915, 0.728923, 0.651502, 0.728923, 0.728923, 0.728923, 0.728923, 0.728923, 0.728923]
  MODEL_COUNTS(s,a,*):  [0.000, 16.735, 0.016, 0.000, 0.000, 0.000, 0.000, 0.000, 0.000, 0.000, 0.000, 0.000, 0.000, 0.000, 0.000, 0.000, 0.000, 0.000, 0.000, 0.000, 0.000, 0.000]
  MODEL_REWARDS(s,a,*): [0.000, 0.000, 0.000, 0.000, 0.000, 0.000, 0.000, 0.000, 0.000, 0.000, 0.000, 0.000, 0.000, 0.000, 0.000, 0.000, 0.000, 0.000, 0.000, 0.000, 0.000, 0.000]
----------------------------------------
[DEBUG] Beta=1.0 Phase=addiction Step=771
  State: 1 -> Action: ag -> Next: 0 (Reward: 0.0)
  Q_MF:  [0.022326, 0.070183, 0.104000, 0.082133, 0.111363, 0.043734, 1.296170, 0.033592, 0.059048]
  Q_MB:  [0.809970, 0.000893, 0.809970, 0.809970, 0.809970, 0.809970, 0.899994, 0.809970, 0.809970]
  Q_MIX: [0.809970, 0.000893, 0.809970, 0.809970, 0.809970, 0.809970, 0.899994, 0.809970, 0.809970]
  MODEL_COUNTS(s,a,*):  [16.289, 0.001, 0.000, 0.000, 0.000, 0.000, 0.000, 0.000, 0.000, 0.000, 0.000, 0.000, 0.000, 0.000, 0.000, 0.000, 0.000, 0.000, 0.000, 0.000, 0.000, 0.000]
  MODEL_REWARDS(s,a,*): [0.000, 0.000, 0.000, 0.000, 0.000, 0.000, 0.000, 0.000, 0.000, 0.000, 0.000, 0.000, 0.000, 0.000, 0.000, 0.000, 0.000, 0.000, 0.000, 0.000, 0.000, 0.000]
----------------------------------------
[DEBUG] Beta=1.0 Phase=addiction Step=772
  State: 0 -> Action: ag -> Next: 3 (Reward: 1.0)
  Q_MF:  [0.038522, 0.052804, 0.183487, 0.039484, 0.105203, 0.090006, 1.592658, 0.000000, 0.117681]
  Q_MB:  [1.486085, 1.486085, 1.486085, 1.486085, 1.486085, 1.486085, 1.651205, 1.486085, 1.486085]
  Q_MIX: [1.486085, 1.486085, 1.486085, 1.486085, 1.486085, 1.486085, 1.651205, 1.486085, 1.486085]
  MODEL_COUNTS(s,a,*):  [0.001, 0.000, 0.000, 16.302, 0.000, 0.000, 0.000, 0.000, 0.000, 0.000, 0.000, 0.000, 0.000, 0.000, 0.000, 0.000, 0.000, 0.000, 0.000, 0.000, 0.000, 0.000]
  MODEL_REWARDS(s,a,*): [0.000, 0.000, 0.000, 16.302, 0.000, 0.000, 0.000, 0.000, 0.000, 0.000, 0.000, 0.000, 0.000, 0.000, 0.000, 0.000, 0.000, 0.000, 0.000, 0.000, 0.000, 0.000]
----------------------------------------
[DEBUG] Beta=1.0 Phase=addiction Step=773
  State: 3 -> Action: as6 -> Next: 3 (Reward: 0.0)
  Q_MF:  [0.212886, 0.813086, 0.242798, 0.029446, 0.138489, 0.086194, 0.142770, 0.175752, 0.224357]
  Q_MB:  [0.000000, 0.000000, 0.000000, 0.000000, 0.000000, 0.000000, 0.000000, 0.000000, 0.000000]
  Q_MIX: [0.000000, 0.000000, 0.000000, 0.000000, 0.000000, 0.000000, 0.000000, 0.000000, 0.000000]
  MODEL_COUNTS(s,a,*):  [0.000, 0.000, 0.000, 2.927, 0.000, 0.000, 0.000, 0.000, 0.000, 0.000, 0.000, 0.000, 0.000, 0.000, 0.000, 0.000, 0.000, 0.000, 0.000, 0.000, 0.000, 0.000]
  MODEL_REWARDS(s,a,*): [0.000, 0.000, 0.000, 0.000, 0.000, 0.000, 0.000, 0.000, 0.000, 0.000, 0.000, 0.000, 0.000, 0.000, 0.000, 0.000, 0.000, 0.000, 0.000, 0.000, 0.000, 0.000]
----------------------------------------
[DEBUG] Beta=1.0 Phase=addiction Step=774
  State: 3 -> Action: as2 -> Next: 3 (Reward: 0.0)
  Q_MF:  [0.212886, 0.813086, 0.242798, 0.029446, 0.168153, 0.086194, 0.142770, 0.175752, 0.224357]
  Q_MB:  [0.000000, 0.000000, 0.000000, 0.000000, 0.000000, 0.000000, 0.000000, 0.000000, 0.000000]
  Q_MIX: [0.000000, 0.000000, 0.000000, 0.000000, 0.000000, 0.000000, 0.000000, 0.000000, 0.000000]
  MODEL_COUNTS(s,a,*):  [0.000, 0.000, 0.000, 3.971, 0.000, 0.000, 0.000, 0.000, 0.000, 0.000, 0.000, 0.000, 0.000, 0.000, 0.000, 0.000, 0.000, 0.000, 0.000, 0.000, 0.000, 0.000]
  MODEL_REWARDS(s,a,*): [0.000, 0.000, 0.000, 0.000, 0.000, 0.000, 0.000, 0.000, 0.000, 0.000, 0.000, 0.000, 0.000, 0.000, 0.000, 0.000, 0.000, 0.000, 0.000, 0.000, 0.000, 0.000]
----------------------------------------
[DEBUG] Beta=1.0 Phase=addiction Step=775
  State: 3 -> Action: as6 -> Next: 3 (Reward: 0.0)
  Q_MF:  [0.238831, 0.813086, 0.242798, 0.029446, 0.168153, 0.086194, 0.142770, 0.175752, 0.224357]
  Q_MB:  [0.000000, 0.000000, 0.000000, 0.000000, 0.000000, 0.000000, 0.000000, 0.000000, 0.000000]
  Q_MIX: [0.000000, 0.000000, 0.000000, 0.000000, 0.000000, 0.000000, 0.000000, 0.000000, 0.000000]
  MODEL_COUNTS(s,a,*):  [0.000, 0.000, 0.000, 3.869, 0.000, 0.000, 0.000, 0.000, 0.000, 0.000, 0.000, 0.000, 0.000, 0.000, 0.000, 0.000, 0.000, 0.000, 0.000, 0.000, 0.000, 0.000]
  MODEL_REWARDS(s,a,*): [0.000, 0.000, 0.000, 0.000, 0.000, 0.000, 0.000, 0.000, 0.000, 0.000, 0.000, 0.000, 0.000, 0.000, 0.000, 0.000, 0.000, 0.000, 0.000, 0.000, 0.000, 0.000]
----------------------------------------
[DEBUG] Beta=1.0 Phase=addiction Step=776
  State: 3 -> Action: as3 -> Next: 2 (Reward: 0.0)
  Q_MF:  [0.238831, 0.813086, 0.242798, 0.029446, 0.196335, 0.086194, 0.142770, 0.175752, 0.224357]
  Q_MB:  [0.000000, 0.000000, 0.000000, 0.000000, 0.000000, 0.000000, 0.000000, 0.000000, 0.000000]
  Q_MIX: [0.000000, 0.000000, 0.000000, 0.000000, 0.000000, 0.000000, 0.000000, 0.000000, 0.000000]
  MODEL_COUNTS(s,a,*):  [0.000, 0.000, 17.748, 0.110, 0.000, 0.000, 0.000, 0.000, 0.000, 0.000, 0.000, 0.000, 0.000, 0.000, 0.000, 0.000, 0.000, 0.000, 0.000, 0.000, 0.000, 0.000]
  MODEL_REWARDS(s,a,*): [0.000, 0.000, 0.000, 0.000, 0.000, 0.000, 0.000, 0.000, 0.000, 0.000, 0.000, 0.000, 0.000, 0.000, 0.000, 0.000, 0.000, 0.000, 0.000, 0.000, 0.000, 0.000]
----------------------------------------
[DEBUG] Beta=1.0 Phase=addiction Step=777
  State: 2 -> Action: as4 -> Next: 3 (Reward: 0.0)
  Q_MF:  [1.040980, 0.111624, 0.160390, 0.107614, 0.142926, 0.152547, 0.083945, 0.038824, 0.179085]
  Q_MB:  [0.000000, 0.000000, 0.000000, 0.000000, 0.000000, 0.000000, 0.000000, 0.000000, 0.000000]
  Q_MIX: [0.000000, 0.000000, 0.000000, 0.000000, 0.000000, 0.000000, 0.000000, 0.000000, 0.000000]
  MODEL_COUNTS(s,a,*):  [0.000, 0.000, 0.000, 2.644, 0.000, 0.000, 0.000, 0.000, 0.000, 0.000, 0.000, 0.000, 0.000, 0.000, 0.000, 0.000, 0.000, 0.000, 0.000, 0.000, 0.000, 0.000]
  MODEL_REWARDS(s,a,*): [0.000, 0.000, 0.000, 0.000, 0.000, 0.000, 0.000, 0.000, 0.000, 0.000, 0.000, 0.000, 0.000, 0.000, 0.000, 0.000, 0.000, 0.000, 0.000, 0.000, 0.000, 0.000]
----------------------------------------
[DEBUG] Beta=1.0 Phase=addiction Step=778
  State: 3 -> Action: as7 -> Next: 3 (Reward: 0.0)
  Q_MF:  [0.238831, 0.819276, 0.242798, 0.029446, 0.196335, 0.086194, 0.142770, 0.175752, 0.224357]
  Q_MB:  [0.651432, 0.728450, 0.651432, 0.586290, 0.651432, 0.651432, 0.651432, 0.651432, 0.651432]
  Q_MIX: [0.651432, 0.728450, 0.651432, 0.586290, 0.651432, 0.651432, 0.651432, 0.651432, 0.651432]
  MODEL_COUNTS(s,a,*):  [0.000, 0.000, 0.000, 1.477, 0.000, 0.000, 0.000, 0.000, 0.000, 0.000, 0.000, 0.000, 0.000, 0.000, 0.000, 0.000, 0.000, 0.000, 0.000, 0.000, 0.000, 0.000]
  MODEL_REWARDS(s,a,*): [0.000, 0.000, 0.000, 0.000, 0.000, 0.000, 0.000, 0.000, 0.000, 0.000, 0.000, 0.000, 0.000, 0.000, 0.000, 0.000, 0.000, 0.000, 0.000, 0.000, 0.000, 0.000]
----------------------------------------
[DEBUG] Beta=1.0 Phase=addiction Step=779
  State: 3 -> Action: as3 -> Next: 2 (Reward: 0.0)
  Q_MF:  [0.238831, 0.819276, 0.242798, 0.029446, 0.196335, 0.118752, 0.142770, 0.175752, 0.224357]
  Q_MB:  [0.000000, 0.724437, 0.000000, 0.000000, 0.000000, 0.000000, 0.000000, 0.000000, 0.000000]
  Q_MIX: [0.000000, 0.724437, 0.000000, 0.000000, 0.000000, 0.000000, 0.000000, 0.000000, 0.000000]
  MODEL_COUNTS(s,a,*):  [0.000, 0.000, 18.220, 0.107, 0.000, 0.000, 0.000, 0.000, 0.000, 0.000, 0.000, 0.000, 0.000, 0.000, 0.000, 0.000, 0.000, 0.000, 0.000, 0.000, 0.000, 0.000]
  MODEL_REWARDS(s,a,*): [0.000, 0.000, 0.000, 0.000, 0.000, 0.000, 0.000, 0.000, 0.000, 0.000, 0.000, 0.000, 0.000, 0.000, 0.000, 0.000, 0.000, 0.000, 0.000, 0.000, 0.000, 0.000]
----------------------------------------
[DEBUG] Beta=1.0 Phase=addiction Step=780
  State: 2 -> Action: ag -> Next: 2 (Reward: 0.0)
  Q_MF:  [1.040980, 0.111624, 0.189238, 0.107614, 0.142926, 0.152547, 0.083945, 0.038824, 0.179085]
  Q_MB:  [0.000000, 0.000000, 0.000000, 0.000000, 0.000000, 0.000000, 0.000000, 0.000000, 0.000000]
  Q_MIX: [0.000000, 0.000000, 0.000000, 0.000000, 0.000000, 0.000000, 0.000000, 0.000000, 0.000000]
  MODEL_COUNTS(s,a,*):  [0.000, 0.000, 1.176, 0.000, 0.000, 0.000, 0.000, 0.000, 0.000, 0.000, 0.000, 0.000, 0.000, 0.000, 0.000, 0.000, 0.000, 0.000, 0.000, 0.000, 0.000, 0.000]
  MODEL_REWARDS(s,a,*): [0.000, 0.000, 0.000, 0.000, 0.000, 0.000, 0.000, 0.000, 0.000, 0.000, 0.000, 0.000, 0.000, 0.000, 0.000, 0.000, 0.000, 0.000, 0.000, 0.000, 0.000, 0.000]
----------------------------------------
[DEBUG] Beta=1.0 Phase=addiction Step=781
  State: 2 -> Action: as2 -> Next: 1 (Reward: 0.0)
  Q_MF:  [1.040980, 0.111624, 0.189238, 0.107614, 0.142926, 0.152547, 0.126592, 0.038824, 0.179085]
  Q_MB:  [0.809920, 0.728927, 0.655100, 0.728927, 0.728927, 0.728927, 0.728927, 0.728927, 0.728927]
  Q_MIX: [0.809920, 0.728927, 0.655100, 0.728927, 0.728927, 0.728927, 0.728927, 0.728927, 0.728927]
  MODEL_COUNTS(s,a,*):  [0.000, 15.983, 0.014, 0.000, 0.000, 0.000, 0.000, 0.000, 0.000, 0.000, 0.000, 0.000, 0.000, 0.000, 0.000, 0.000, 0.000, 0.000, 0.000, 0.000, 0.000, 0.000]
  MODEL_REWARDS(s,a,*): [0.000, 0.000, 0.000, 0.000, 0.000, 0.000, 0.000, 0.000, 0.000, 0.000, 0.000, 0.000, 0.000, 0.000, 0.000, 0.000, 0.000, 0.000, 0.000, 0.000, 0.000, 0.000]
----------------------------------------
[DEBUG] Beta=1.0 Phase=addiction Step=782
  State: 1 -> Action: ag -> Next: 0 (Reward: 0.0)
  Q_MF:  [0.022326, 0.070183, 0.104000, 0.082133, 0.111363, 0.043734, 1.303031, 0.033592, 0.059048]
  Q_MB:  [0.809995, 0.000893, 0.809995, 0.809995, 0.809995, 0.809995, 0.899994, 0.809995, 0.809995]
  Q_MIX: [0.809995, 0.000893, 0.809995, 0.809995, 0.809995, 0.809995, 0.899994, 0.809995, 0.809995]
  MODEL_COUNTS(s,a,*):  [15.585, 0.000, 0.000, 0.000, 0.000, 0.000, 0.000, 0.000, 0.000, 0.000, 0.000, 0.000, 0.000, 0.000, 0.000, 0.000, 0.000, 0.000, 0.000, 0.000, 0.000, 0.000]
  MODEL_REWARDS(s,a,*): [0.000, 0.000, 0.000, 0.000, 0.000, 0.000, 0.000, 0.000, 0.000, 0.000, 0.000, 0.000, 0.000, 0.000, 0.000, 0.000, 0.000, 0.000, 0.000, 0.000, 0.000, 0.000]
----------------------------------------
[DEBUG] Beta=1.0 Phase=addiction Step=783
  State: 0 -> Action: ag -> Next: 3 (Reward: 1.0)
  Q_MF:  [0.038522, 0.052804, 0.183487, 0.039484, 0.105203, 0.090006, 1.599614, 0.000000, 0.117681]
  Q_MB:  [0.899971, 0.899971, 0.899971, 0.899971, 0.899971, 0.899971, 0.999997, 0.899971, 0.899971]
  Q_MIX: [0.899971, 0.899971, 0.899971, 0.899971, 0.899971, 0.899971, 0.999997, 0.899971, 0.899971]
  MODEL_COUNTS(s,a,*):  [0.000, 0.000, 0.000, 15.596, 0.000, 0.000, 0.000, 0.000, 0.000, 0.000, 0.000, 0.000, 0.000, 0.000, 0.000, 0.000, 0.000, 0.000, 0.000, 0.000, 0.000, 0.000]
  MODEL_REWARDS(s,a,*): [0.000, 0.000, 0.000, 15.596, 0.000, 0.000, 0.000, 0.000, 0.000, 0.000, 0.000, 0.000, 0.000, 0.000, 0.000, 0.000, 0.000, 0.000, 0.000, 0.000, 0.000, 0.000]
----------------------------------------
[DEBUG] Beta=1.0 Phase=addiction Step=784
  State: 3 -> Action: as2 -> Next: 3 (Reward: 0.0)
  Q_MF:  [0.238831, 0.825156, 0.242798, 0.029446, 0.196335, 0.118752, 0.142770, 0.175752, 0.224357]
  Q_MB:  [0.000000, 0.000000, 0.000000, 0.000000, 0.000000, 0.000000, 0.000000, 0.000000, 0.000000]
  Q_MIX: [0.000000, 0.000000, 0.000000, 0.000000, 0.000000, 0.000000, 0.000000, 0.000000, 0.000000]
  MODEL_COUNTS(s,a,*):  [0.000, 0.000, 0.000, 4.591, 0.000, 0.000, 0.000, 0.000, 0.000, 0.000, 0.000, 0.000, 0.000, 0.000, 0.000, 0.000, 0.000, 0.000, 0.000, 0.000, 0.000, 0.000]
  MODEL_REWARDS(s,a,*): [0.000, 0.000, 0.000, 0.000, 0.000, 0.000, 0.000, 0.000, 0.000, 0.000, 0.000, 0.000, 0.000, 0.000, 0.000, 0.000, 0.000, 0.000, 0.000, 0.000, 0.000, 0.000]
----------------------------------------
[DEBUG] Beta=1.0 Phase=addiction Step=785
  State: 3 -> Action: as3 -> Next: 2 (Reward: 0.0)
  Q_MF:  [0.264021, 0.825156, 0.242798, 0.029446, 0.196335, 0.118752, 0.142770, 0.175752, 0.224357]
  Q_MB:  [0.655637, 1.200777, 0.655637, 0.586999, 0.655637, 0.655637, 0.655637, 0.655637, 0.655637]
  Q_MIX: [0.655637, 1.200777, 0.655637, 0.586999, 0.655637, 0.655637, 0.655637, 0.655637, 0.655637]
  MODEL_COUNTS(s,a,*):  [0.000, 0.000, 18.154, 0.100, 0.000, 0.000, 0.000, 0.000, 0.000, 0.000, 0.000, 0.000, 0.000, 0.000, 0.000, 0.000, 0.000, 0.000, 0.000, 0.000, 0.000, 0.000]
  MODEL_REWARDS(s,a,*): [0.000, 0.000, 0.000, 0.000, 0.000, 0.000, 0.000, 0.000, 0.000, 0.000, 0.000, 0.000, 0.000, 0.000, 0.000, 0.000, 0.000, 0.000, 0.000, 0.000, 0.000, 0.000]
----------------------------------------
[DEBUG] Beta=1.0 Phase=addiction Step=786
  State: 2 -> Action: as2 -> Next: 1 (Reward: 0.0)
  Q_MF:  [1.047567, 0.111624, 0.189238, 0.107614, 0.142926, 0.152547, 0.126592, 0.038824, 0.179085]
  Q_MB:  [0.809881, 0.728893, 0.000135, 0.728893, 0.728893, 0.728893, 0.728893, 0.728893, 0.728893]
  Q_MIX: [0.809881, 0.728893, 0.000135, 0.728893, 0.728893, 0.728893, 0.728893, 0.728893, 0.728893]
  MODEL_COUNTS(s,a,*):  [0.000, 16.200, 0.013, 0.000, 0.000, 0.000, 0.000, 0.000, 0.000, 0.000, 0.000, 0.000, 0.000, 0.000, 0.000, 0.000, 0.000, 0.000, 0.000, 0.000, 0.000, 0.000]
  MODEL_REWARDS(s,a,*): [0.000, 0.000, 0.000, 0.000, 0.000, 0.000, 0.000, 0.000, 0.000, 0.000, 0.000, 0.000, 0.000, 0.000, 0.000, 0.000, 0.000, 0.000, 0.000, 0.000, 0.000, 0.000]
----------------------------------------
[DEBUG] Beta=1.0 Phase=addiction Step=787
  State: 1 -> Action: ag -> Next: 0 (Reward: 0.0)
  Q_MF:  [0.022326, 0.070183, 0.104000, 0.082133, 0.111363, 0.043734, 1.309862, 0.033592, 0.059048]
  Q_MB:  [0.809995, 0.728492, 0.809995, 0.809995, 0.809995, 0.809995, 0.899995, 0.809995, 0.809995]
  Q_MIX: [0.809995, 0.728492, 0.809995, 0.809995, 0.809995, 0.809995, 0.899995, 0.809995, 0.809995]
  MODEL_COUNTS(s,a,*):  [15.821, 0.000, 0.000, 0.000, 0.000, 0.000, 0.000, 0.000, 0.000, 0.000, 0.000, 0.000, 0.000, 0.000, 0.000, 0.000, 0.000, 0.000, 0.000, 0.000, 0.000, 0.000]
  MODEL_REWARDS(s,a,*): [0.000, 0.000, 0.000, 0.000, 0.000, 0.000, 0.000, 0.000, 0.000, 0.000, 0.000, 0.000, 0.000, 0.000, 0.000, 0.000, 0.000, 0.000, 0.000, 0.000, 0.000, 0.000]
----------------------------------------
[DEBUG] Beta=1.0 Phase=addiction Step=788
  State: 0 -> Action: ag -> Next: 3 (Reward: 1.0)
  Q_MF:  [0.038522, 0.052804, 0.183487, 0.039484, 0.105203, 0.090006, 1.606765, 0.000000, 0.117681]
  Q_MB:  [1.487168, 1.487168, 1.487168, 1.487168, 1.487168, 1.487168, 1.655658, 1.487168, 1.487168]
  Q_MIX: [1.487168, 1.487168, 1.487168, 1.487168, 1.487168, 1.487168, 1.655658, 1.487168, 1.487168]
  MODEL_COUNTS(s,a,*):  [0.000, 0.000, 0.000, 15.832, 0.000, 0.000, 0.000, 0.000, 0.000, 0.000, 0.000, 0.000, 0.000, 0.000, 0.000, 0.000, 0.000, 0.000, 0.000, 0.000, 0.000, 0.000]
  MODEL_REWARDS(s,a,*): [0.000, 0.000, 0.000, 15.832, 0.000, 0.000, 0.000, 0.000, 0.000, 0.000, 0.000, 0.000, 0.000, 0.000, 0.000, 0.000, 0.000, 0.000, 0.000, 0.000, 0.000, 0.000]
----------------------------------------
[DEBUG] Beta=1.0 Phase=addiction Step=789
  State: 3 -> Action: ad -> Next: 3 (Reward: 0.0)
  Q_MF:  [0.264021, 0.831039, 0.242798, 0.029446, 0.196335, 0.118752, 0.142770, 0.175752, 0.224357]
  Q_MB:  [0.000000, 0.000000, 0.000000, 0.000000, 0.000000, 0.000000, 0.000000, 0.000000, 0.000000]
  Q_MIX: [0.000000, 0.000000, 0.000000, 0.000000, 0.000000, 0.000000, 0.000000, 0.000000, 0.000000]
  MODEL_COUNTS(s,a,*):  [0.000, 0.000, 0.000, 2.647, 0.000, 0.000, 0.000, 0.000, 0.000, 0.000, 0.000, 0.000, 0.000, 0.000, 0.000, 0.000, 0.000, 0.000, 0.000, 0.000, 0.000, 0.000]
  MODEL_REWARDS(s,a,*): [0.000, 0.000, 0.000, 0.000, 0.000, 0.000, 0.000, 0.000, 0.000, 0.000, 0.000, 0.000, 0.000, 0.000, 0.000, 0.000, 0.000, 0.000, 0.000, 0.000, 0.000, 0.000]
----------------------------------------
[DEBUG] Beta=1.0 Phase=addiction Step=790
  State: 3 -> Action: as3 -> Next: 2 (Reward: 0.0)
  Q_MF:  [0.264021, 0.831039, 0.242798, 0.029446, 0.196335, 0.118752, 0.142770, 0.204361, 0.224357]
  Q_MB:  [0.000000, 0.724392, 0.000000, 0.000000, 0.000000, 0.000000, 0.000000, 0.000000, 0.000000]
  Q_MIX: [0.000000, 0.724392, 0.000000, 0.000000, 0.000000, 0.000000, 0.000000, 0.000000, 0.000000]
  MODEL_COUNTS(s,a,*):  [0.000, 0.000, 18.264, 0.096, 0.000, 0.000, 0.000, 0.000, 0.000, 0.000, 0.000, 0.000, 0.000, 0.000, 0.000, 0.000, 0.000, 0.000, 0.000, 0.000, 0.000, 0.000]
  MODEL_REWARDS(s,a,*): [0.000, 0.000, 0.000, 0.000, 0.000, 0.000, 0.000, 0.000, 0.000, 0.000, 0.000, 0.000, 0.000, 0.000, 0.000, 0.000, 0.000, 0.000, 0.000, 0.000, 0.000, 0.000]
----------------------------------------
[DEBUG] Beta=1.0 Phase=addiction Step=791
  State: 2 -> Action: as2 -> Next: 1 (Reward: 0.0)
  Q_MF:  [1.054132, 0.111624, 0.189238, 0.107614, 0.142926, 0.152547, 0.126592, 0.038824, 0.179085]
  Q_MB:  [0.809909, 0.728384, 0.000135, 0.728384, 0.728384, 0.728384, 0.728384, 0.728384, 0.728384]
  Q_MIX: [0.809909, 0.728384, 0.000135, 0.728384, 0.728384, 0.728384, 0.728384, 0.728384, 0.728384]
  MODEL_COUNTS(s,a,*):  [0.000, 16.406, 0.013, 0.000, 0.000, 0.000, 0.000, 0.000, 0.000, 0.000, 0.000, 0.000, 0.000, 0.000, 0.000, 0.000, 0.000, 0.000, 0.000, 0.000, 0.000, 0.000]
  MODEL_REWARDS(s,a,*): [0.000, 0.000, 0.000, 0.000, 0.000, 0.000, 0.000, 0.000, 0.000, 0.000, 0.000, 0.000, 0.000, 0.000, 0.000, 0.000, 0.000, 0.000, 0.000, 0.000, 0.000, 0.000]
----------------------------------------
[DEBUG] Beta=1.0 Phase=addiction Step=792
  State: 1 -> Action: ag -> Next: 0 (Reward: 0.0)
  Q_MF:  [0.022326, 0.070183, 0.104000, 0.082133, 0.111363, 0.043734, 1.316673, 0.033592, 0.059048]
  Q_MB:  [0.809955, 0.000893, 0.809955, 0.809955, 0.809955, 0.809955, 0.899995, 0.809955, 0.809955]
  Q_MIX: [0.809955, 0.000893, 0.809955, 0.809955, 0.809955, 0.809955, 0.899995, 0.809955, 0.809955]
  MODEL_COUNTS(s,a,*):  [16.045, 0.000, 0.000, 0.000, 0.000, 0.000, 0.000, 0.000, 0.000, 0.000, 0.000, 0.000, 0.000, 0.000, 0.000, 0.000, 0.000, 0.000, 0.000, 0.000, 0.000, 0.000]
  MODEL_REWARDS(s,a,*): [0.000, 0.000, 0.000, 0.000, 0.000, 0.000, 0.000, 0.000, 0.000, 0.000, 0.000, 0.000, 0.000, 0.000, 0.000, 0.000, 0.000, 0.000, 0.000, 0.000, 0.000, 0.000]
----------------------------------------
[DEBUG] Beta=1.0 Phase=addiction Step=793
  State: 0 -> Action: ag -> Next: 3 (Reward: 1.0)
  Q_MF:  [0.038522, 0.052804, 0.183487, 0.039484, 0.105203, 0.090006, 1.613824, 0.000000, 0.117681]
  Q_MB:  [0.899975, 0.899975, 0.899975, 0.899975, 0.899975, 0.899975, 1.652578, 0.899975, 0.899975]
  Q_MIX: [0.899975, 0.899975, 0.899975, 0.899975, 0.899975, 0.899975, 1.652578, 0.899975, 0.899975]
  MODEL_COUNTS(s,a,*):  [0.000, 0.000, 0.000, 16.056, 0.000, 0.000, 0.000, 0.000, 0.000, 0.000, 0.000, 0.000, 0.000, 0.000, 0.000, 0.000, 0.000, 0.000, 0.000, 0.000, 0.000, 0.000]
  MODEL_REWARDS(s,a,*): [0.000, 0.000, 0.000, 16.056, 0.000, 0.000, 0.000, 0.000, 0.000, 0.000, 0.000, 0.000, 0.000, 0.000, 0.000, 0.000, 0.000, 0.000, 0.000, 0.000, 0.000, 0.000]
----------------------------------------
[DEBUG] Beta=1.0 Phase=addiction Step=794
  State: 3 -> Action: as3 -> Next: 3 (Reward: 0.0)
  Q_MF:  [0.264021, 0.836923, 0.242798, 0.029446, 0.196335, 0.118752, 0.142770, 0.204361, 0.224357]
  Q_MB:  [0.655703, 0.728559, 0.655703, 0.587371, 0.655703, 0.655703, 0.655703, 0.655703, 0.655703]
  Q_MIX: [0.655703, 0.728559, 0.655703, 0.587371, 0.655703, 0.655703, 0.655703, 0.655703, 0.655703]
  MODEL_COUNTS(s,a,*):  [0.000, 0.000, 17.545, 1.092, 0.000, 0.000, 0.000, 0.000, 0.000, 0.000, 0.000, 0.000, 0.000, 0.000, 0.000, 0.000, 0.000, 0.000, 0.000, 0.000, 0.000, 0.000]
  MODEL_REWARDS(s,a,*): [0.000, 0.000, 0.000, 0.000, 0.000, 0.000, 0.000, 0.000, 0.000, 0.000, 0.000, 0.000, 0.000, 0.000, 0.000, 0.000, 0.000, 0.000, 0.000, 0.000, 0.000, 0.000]
----------------------------------------
[DEBUG] Beta=1.0 Phase=addiction Step=795
  State: 3 -> Action: as3 -> Next: 2 (Reward: 0.0)
  Q_MF:  [0.264021, 0.832738, 0.242798, 0.029446, 0.196335, 0.118752, 0.142770, 0.204361, 0.224357]
  Q_MB:  [0.617612, 0.722418, 0.617612, 0.000148, 0.617612, 0.617612, 0.617612, 0.617612, 0.617612]
  Q_MIX: [0.617612, 0.722418, 0.617612, 0.000148, 0.617612, 0.617612, 0.617612, 0.617612, 0.617612]
  MODEL_COUNTS(s,a,*):  [0.000, 0.000, 18.369, 1.081, 0.000, 0.000, 0.000, 0.000, 0.000, 0.000, 0.000, 0.000, 0.000, 0.000, 0.000, 0.000, 0.000, 0.000, 0.000, 0.000, 0.000, 0.000]
  MODEL_REWARDS(s,a,*): [0.000, 0.000, 0.000, 0.000, 0.000, 0.000, 0.000, 0.000, 0.000, 0.000, 0.000, 0.000, 0.000, 0.000, 0.000, 0.000, 0.000, 0.000, 0.000, 0.000, 0.000, 0.000]
----------------------------------------
[DEBUG] Beta=1.0 Phase=addiction Step=796
  State: 2 -> Action: as7 -> Next: 2 (Reward: 0.0)
  Q_MF:  [1.060676, 0.111624, 0.189238, 0.107614, 0.142926, 0.152547, 0.126592, 0.038824, 0.179085]
  Q_MB:  [0.000000, 0.000000, 0.000000, 0.000000, 0.000000, 0.000000, 0.000000, 0.000000, 0.000000]
  Q_MIX: [0.000000, 0.000000, 0.000000, 0.000000, 0.000000, 0.000000, 0.000000, 0.000000, 0.000000]
  MODEL_COUNTS(s,a,*):  [0.000, 0.000, 1.462, 0.000, 0.000, 0.000, 0.000, 0.000, 0.000, 0.000, 0.000, 0.000, 0.000, 0.000, 0.000, 0.000, 0.000, 0.000, 0.000, 0.000, 0.000, 0.000]
  MODEL_REWARDS(s,a,*): [0.000, 0.000, 0.000, 0.000, 0.000, 0.000, 0.000, 0.000, 0.000, 0.000, 0.000, 0.000, 0.000, 0.000, 0.000, 0.000, 0.000, 0.000, 0.000, 0.000, 0.000, 0.000]
----------------------------------------
[DEBUG] Beta=1.0 Phase=addiction Step=797
  State: 2 -> Action: as2 -> Next: 1 (Reward: 0.0)
  Q_MF:  [1.060676, 0.111624, 0.189238, 0.107614, 0.142926, 0.192650, 0.126592, 0.038824, 0.179085]
  Q_MB:  [0.809895, 0.728404, 0.619153, 0.728404, 0.728404, 0.728404, 0.728404, 0.728404, 0.728404]
  Q_MIX: [0.809895, 0.728404, 0.619153, 0.728404, 0.728404, 0.728404, 0.728404, 0.728404, 0.728404]
  MODEL_COUNTS(s,a,*):  [0.000, 16.446, 0.012, 0.000, 0.000, 0.000, 0.000, 0.000, 0.000, 0.000, 0.000, 0.000, 0.000, 0.000, 0.000, 0.000, 0.000, 0.000, 0.000, 0.000, 0.000, 0.000]
  MODEL_REWARDS(s,a,*): [0.000, 0.000, 0.000, 0.000, 0.000, 0.000, 0.000, 0.000, 0.000, 0.000, 0.000, 0.000, 0.000, 0.000, 0.000, 0.000, 0.000, 0.000, 0.000, 0.000, 0.000, 0.000]
----------------------------------------
[DEBUG] Beta=1.0 Phase=addiction Step=798
  State: 1 -> Action: ag -> Next: 0 (Reward: 0.0)
  Q_MF:  [0.022326, 0.070183, 0.104000, 0.082133, 0.111363, 0.043734, 1.323462, 0.033592, 0.059048]
  Q_MB:  [0.000000, 0.000000, 0.000000, 0.000000, 0.000000, 0.000000, 0.899974, 0.000000, 0.000000]
  Q_MIX: [0.000000, 0.000000, 0.000000, 0.000000, 0.000000, 0.000000, 0.899974, 0.000000, 0.000000]
  MODEL_COUNTS(s,a,*):  [16.106, 0.000, 0.000, 0.000, 0.000, 0.000, 0.000, 0.000, 0.000, 0.000, 0.000, 0.000, 0.000, 0.000, 0.000, 0.000, 0.000, 0.000, 0.000, 0.000, 0.000, 0.000]
  MODEL_REWARDS(s,a,*): [0.000, 0.000, 0.000, 0.000, 0.000, 0.000, 0.000, 0.000, 0.000, 0.000, 0.000, 0.000, 0.000, 0.000, 0.000, 0.000, 0.000, 0.000, 0.000, 0.000, 0.000, 0.000]
----------------------------------------
[DEBUG] Beta=1.0 Phase=addiction Step=799
  State: 0 -> Action: ag -> Next: 3 (Reward: 1.0)
  Q_MF:  [0.038522, 0.052804, 0.183487, 0.039484, 0.105203, 0.090006, 1.620794, 0.000000, 0.117681]
  Q_MB:  [0.899977, 0.899977, 0.899977, 0.899977, 0.899977, 0.899977, 0.999997, 0.899977, 0.899977]
  Q_MIX: [0.899977, 0.899977, 0.899977, 0.899977, 0.899977, 0.899977, 0.999997, 0.899977, 0.899977]
  MODEL_COUNTS(s,a,*):  [0.000, 0.000, 0.000, 16.116, 0.000, 0.000, 0.000, 0.000, 0.000, 0.000, 0.000, 0.000, 0.000, 0.000, 0.000, 0.000, 0.000, 0.000, 0.000, 0.000, 0.000, 0.000]
  MODEL_REWARDS(s,a,*): [0.000, 0.000, 0.000, 16.116, 0.000, 0.000, 0.000, 0.000, 0.000, 0.000, 0.000, 0.000, 0.000, 0.000, 0.000, 0.000, 0.000, 0.000, 0.000, 0.000, 0.000, 0.000]
----------------------------------------
[DEBUG] Beta=1.0 Phase=addiction Step=800
  State: 3 -> Action: as3 -> Next: 2 (Reward: 0.0)
  Q_MF:  [0.264021, 0.838832, 0.242798, 0.029446, 0.196335, 0.118752, 0.142770, 0.204361, 0.224357]
  Q_MB:  [0.000000, 0.688435, 0.000000, 0.000000, 0.000000, 0.000000, 0.000000, 0.000000, 0.000000]
  Q_MIX: [0.000000, 0.688435, 0.000000, 0.000000, 0.000000, 0.000000, 0.000000, 0.000000, 0.000000]
  MODEL_COUNTS(s,a,*):  [0.000, 0.000, 18.469, 1.028, 0.000, 0.000, 0.000, 0.000, 0.000, 0.000, 0.000, 0.000, 0.000, 0.000, 0.000, 0.000, 0.000, 0.000, 0.000, 0.000, 0.000, 0.000]
  MODEL_REWARDS(s,a,*): [0.000, 0.000, 0.000, 0.000, 0.000, 0.000, 0.000, 0.000, 0.000, 0.000, 0.000, 0.000, 0.000, 0.000, 0.000, 0.000, 0.000, 0.000, 0.000, 0.000, 0.000, 0.000]
----------------------------------------
[DEBUG] Beta=1.0 Phase=addiction Step=801
  State: 2 -> Action: as2 -> Next: 1 (Reward: 0.0)
  Q_MF:  [1.067198, 0.111624, 0.189238, 0.107614, 0.142926, 0.192650, 0.126592, 0.038824, 0.179085]
  Q_MB:  [0.809920, 0.728928, 0.650950, 0.728928, 0.728928, 0.728928, 0.728928, 0.728928, 0.728928]
  Q_MIX: [0.809920, 0.728928, 0.650950, 0.728928, 0.728928, 0.728928, 0.728928, 0.728928, 0.728928]
  MODEL_COUNTS(s,a,*):  [0.000, 16.798, 0.011, 0.000, 0.000, 0.000, 0.000, 0.000, 0.000, 0.000, 0.000, 0.000, 0.000, 0.000, 0.000, 0.000, 0.000, 0.000, 0.000, 0.000, 0.000, 0.000]
  MODEL_REWARDS(s,a,*): [0.000, 0.000, 0.000, 0.000, 0.000, 0.000, 0.000, 0.000, 0.000, 0.000, 0.000, 0.000, 0.000, 0.000, 0.000, 0.000, 0.000, 0.000, 0.000, 0.000, 0.000, 0.000]
----------------------------------------
[DEBUG] Beta=1.0 Phase=addiction Step=802
  State: 1 -> Action: ag -> Next: 0 (Reward: 0.0)
  Q_MF:  [0.022326, 0.070183, 0.104000, 0.082133, 0.111363, 0.043734, 1.330224, 0.033592, 0.059048]
  Q_MB:  [0.809996, 0.729036, 0.809996, 0.809996, 0.809996, 0.809996, 0.899996, 0.809996, 0.809996]
  Q_MIX: [0.809996, 0.729036, 0.809996, 0.809996, 0.809996, 0.809996, 0.899996, 0.809996, 0.809996]
  MODEL_COUNTS(s,a,*):  [16.472, 0.000, 0.000, 0.000, 0.000, 0.000, 0.000, 0.000, 0.000, 0.000, 0.000, 0.000, 0.000, 0.000, 0.000, 0.000, 0.000, 0.000, 0.000, 0.000, 0.000, 0.000]
  MODEL_REWARDS(s,a,*): [0.000, 0.000, 0.000, 0.000, 0.000, 0.000, 0.000, 0.000, 0.000, 0.000, 0.000, 0.000, 0.000, 0.000, 0.000, 0.000, 0.000, 0.000, 0.000, 0.000, 0.000, 0.000]
----------------------------------------
[DEBUG] Beta=1.0 Phase=addiction Step=803
  State: 0 -> Action: ag -> Next: 3 (Reward: 1.0)
  Q_MF:  [0.038522, 0.052804, 0.183487, 0.039484, 0.105203, 0.090006, 1.627502, 0.000000, 0.117681]
  Q_MB:  [0.899998, 0.899998, 0.899998, 0.899998, 0.899998, 0.899998, 1.621446, 0.899998, 0.899998]
  Q_MIX: [0.899998, 0.899998, 0.899998, 0.899998, 0.899998, 0.899998, 1.621446, 0.899998, 0.899998]
  MODEL_COUNTS(s,a,*):  [0.000, 0.000, 0.000, 16.481, 0.000, 0.000, 0.000, 0.000, 0.000, 0.000, 0.000, 0.000, 0.000, 0.000, 0.000, 0.000, 0.000, 0.000, 0.000, 0.000, 0.000, 0.000]
  MODEL_REWARDS(s,a,*): [0.000, 0.000, 0.000, 16.481, 0.000, 0.000, 0.000, 0.000, 0.000, 0.000, 0.000, 0.000, 0.000, 0.000, 0.000, 0.000, 0.000, 0.000, 0.000, 0.000, 0.000, 0.000]
----------------------------------------
[DEBUG] Beta=1.0 Phase=addiction Step=804
  State: 3 -> Action: as5 -> Next: 4 (Reward: 0.0)
  Q_MF:  [0.264021, 0.844914, 0.242798, 0.029446, 0.196335, 0.118752, 0.142770, 0.204361, 0.224357]
  Q_MB:  [0.000000, 0.000000, 0.000000, 0.000000, 0.000000, 0.000000, 0.000000, 0.000000, 0.000000]
  Q_MIX: [0.000000, 0.000000, 0.000000, 0.000000, 0.000000, 0.000000, 0.000000, 0.000000, 0.000000]
  MODEL_COUNTS(s,a,*):  [0.000, 0.000, 0.000, 0.000, 2.558, 0.000, 0.000, 0.000, 0.000, 0.000, 0.000, 0.000, 0.000, 0.000, 0.000, 0.000, 0.000, 0.000, 0.000, 0.000, 0.000, 0.000]
  MODEL_REWARDS(s,a,*): [0.000, 0.000, 0.000, 0.000, 0.000, 0.000, 0.000, 0.000, 0.000, 0.000, 0.000, 0.000, 0.000, 0.000, 0.000, 0.000, 0.000, 0.000, 0.000, 0.000, 0.000, 0.000]
----------------------------------------
[DEBUG] Beta=1.0 Phase=addiction Step=805
  State: 4 -> Action: as4 -> Next: 3 (Reward: 0.0)
  Q_MF:  [0.007405, 0.011802, 0.189717, 0.006534, 0.000000, 0.000000, 0.018081, 0.006052, 0.011802]
  Q_MB:  [0.585341, 0.585341, 0.652316, 0.585341, 0.498102, 0.585341, 0.585341, 0.585341, 0.585341]
  Q_MIX: [0.585341, 0.585341, 0.652316, 0.585341, 0.498102, 0.585341, 0.585341, 0.585341, 0.585341]
  MODEL_COUNTS(s,a,*):  [0.000, 0.000, 0.000, 2.600, 0.000, 0.000, 0.000, 0.000, 0.000, 0.000, 0.000, 0.000, 0.000, 0.000, 0.000, 0.000, 0.000, 0.000, 0.000, 0.000, 0.000, 0.000]
  MODEL_REWARDS(s,a,*): [0.000, 0.000, 0.000, 0.000, 0.000, 0.000, 0.000, 0.000, 0.000, 0.000, 0.000, 0.000, 0.000, 0.000, 0.000, 0.000, 0.000, 0.000, 0.000, 0.000, 0.000, 0.000]
----------------------------------------
[DEBUG] Beta=1.0 Phase=addiction Step=806
  State: 3 -> Action: as3 -> Next: 2 (Reward: 0.0)
  Q_MF:  [0.264021, 0.844914, 0.242798, 0.036511, 0.196335, 0.118752, 0.142770, 0.204361, 0.224357]
  Q_MB:  [1.056358, 1.195127, 1.056358, 0.000155, 1.056358, 1.056358, 1.056358, 1.056358, 1.056358]
  Q_MIX: [1.056358, 1.195127, 1.056358, 0.000155, 1.056358, 1.056358, 1.056358, 1.056358, 1.056358]
  MODEL_COUNTS(s,a,*):  [0.000, 0.000, 18.388, 0.968, 0.000, 0.000, 0.000, 0.000, 0.000, 0.000, 0.000, 0.000, 0.000, 0.000, 0.000, 0.000, 0.000, 0.000, 0.000, 0.000, 0.000, 0.000]
  MODEL_REWARDS(s,a,*): [0.000, 0.000, 0.000, 0.000, 0.000, 0.000, 0.000, 0.000, 0.000, 0.000, 0.000, 0.000, 0.000, 0.000, 0.000, 0.000, 0.000, 0.000, 0.000, 0.000, 0.000, 0.000]
----------------------------------------
[DEBUG] Beta=1.0 Phase=addiction Step=807
  State: 2 -> Action: as2 -> Next: 1 (Reward: 0.0)
  Q_MF:  [1.073698, 0.111624, 0.189238, 0.107614, 0.142926, 0.192650, 0.126592, 0.038824, 0.179085]
  Q_MB:  [0.809941, 0.728504, 0.000135, 0.728504, 0.728504, 0.728504, 0.728504, 0.728504, 0.728504]
  Q_MIX: [0.809941, 0.728504, 0.000135, 0.728504, 0.728504, 0.728504, 0.728504, 0.728504, 0.728504]
  MODEL_COUNTS(s,a,*):  [0.000, 16.815, 0.011, 0.000, 0.000, 0.000, 0.000, 0.000, 0.000, 0.000, 0.000, 0.000, 0.000, 0.000, 0.000, 0.000, 0.000, 0.000, 0.000, 0.000, 0.000, 0.000]
  MODEL_REWARDS(s,a,*): [0.000, 0.000, 0.000, 0.000, 0.000, 0.000, 0.000, 0.000, 0.000, 0.000, 0.000, 0.000, 0.000, 0.000, 0.000, 0.000, 0.000, 0.000, 0.000, 0.000, 0.000, 0.000]
----------------------------------------
[DEBUG] Beta=1.0 Phase=addiction Step=808
  State: 1 -> Action: ag -> Next: 0 (Reward: 0.0)
  Q_MF:  [0.022326, 0.070183, 0.104000, 0.082133, 0.111363, 0.043734, 1.336951, 0.033592, 0.059048]
  Q_MB:  [0.809996, 0.728608, 0.809996, 0.809996, 0.809996, 0.809996, 0.899996, 0.809996, 0.809996]
  Q_MIX: [0.809996, 0.728608, 0.809996, 0.809996, 0.809996, 0.809996, 0.899996, 0.809996, 0.809996]
  MODEL_COUNTS(s,a,*):  [16.508, 0.000, 0.000, 0.000, 0.000, 0.000, 0.000, 0.000, 0.000, 0.000, 0.000, 0.000, 0.000, 0.000, 0.000, 0.000, 0.000, 0.000, 0.000, 0.000, 0.000, 0.000]
  MODEL_REWARDS(s,a,*): [0.000, 0.000, 0.000, 0.000, 0.000, 0.000, 0.000, 0.000, 0.000, 0.000, 0.000, 0.000, 0.000, 0.000, 0.000, 0.000, 0.000, 0.000, 0.000, 0.000, 0.000, 0.000]
----------------------------------------
[DEBUG] Beta=1.0 Phase=addiction Step=809
  State: 0 -> Action: as7 -> Next: 0 (Reward: 0.0)
  Q_MF:  [0.038522, 0.052804, 0.183487, 0.039484, 0.105203, 0.090006, 1.634148, 0.000000, 0.117681]
  Q_MB:  [0.899998, 0.899998, 0.899998, 0.899998, 0.899998, 0.899998, 0.999998, 0.899998, 0.899998]
  Q_MIX: [0.899998, 0.899998, 0.899998, 0.899998, 0.899998, 0.899998, 0.999998, 0.899998, 0.899998]
  MODEL_COUNTS(s,a,*):  [1.022, 0.000, 0.000, 0.000, 0.000, 0.000, 0.000, 0.000, 0.000, 0.000, 0.000, 0.000, 0.000, 0.000, 0.000, 0.000, 0.000, 0.000, 0.000, 0.000, 0.000, 0.000]
  MODEL_REWARDS(s,a,*): [0.000, 0.000, 0.000, 0.000, 0.000, 0.000, 0.000, 0.000, 0.000, 0.000, 0.000, 0.000, 0.000, 0.000, 0.000, 0.000, 0.000, 0.000, 0.000, 0.000, 0.000, 0.000]
----------------------------------------
[DEBUG] Beta=1.0 Phase=addiction Step=810
  State: 0 -> Action: ag -> Next: 3 (Reward: 1.0)
  Q_MF:  [0.038522, 0.052804, 0.183487, 0.039484, 0.105203, 0.159042, 1.634148, 0.000000, 0.117681]
  Q_MB:  [0.899979, 0.899979, 0.899979, 0.899979, 0.899979, 0.899979, 1.650883, 0.899979, 0.899979]
  Q_MIX: [0.899979, 0.899979, 0.899979, 0.899979, 0.899979, 0.899979, 1.650883, 0.899979, 0.899979]
  MODEL_COUNTS(s,a,*):  [0.000, 0.000, 0.000, 16.361, 0.000, 0.000, 0.000, 0.000, 0.000, 0.000, 0.000, 0.000, 0.000, 0.000, 0.000, 0.000, 0.000, 0.000, 0.000, 0.000, 0.000, 0.000]
  MODEL_REWARDS(s,a,*): [0.000, 0.000, 0.000, 16.361, 0.000, 0.000, 0.000, 0.000, 0.000, 0.000, 0.000, 0.000, 0.000, 0.000, 0.000, 0.000, 0.000, 0.000, 0.000, 0.000, 0.000, 0.000]
----------------------------------------
[DEBUG] Beta=1.0 Phase=addiction Step=811
  State: 3 -> Action: as3 -> Next: 2 (Reward: 0.0)
  Q_MF:  [0.264021, 0.850985, 0.242798, 0.036511, 0.196335, 0.118752, 0.142770, 0.204361, 0.224357]
  Q_MB:  [0.652245, 0.725115, 0.652245, 0.560541, 0.652245, 0.652245, 0.652245, 0.652245, 0.652245]
  Q_MIX: [0.652245, 0.725115, 0.652245, 0.560541, 0.652245, 0.652245, 0.652245, 0.652245, 0.652245]
  MODEL_COUNTS(s,a,*):  [0.000, 0.000, 18.487, 0.920, 0.000, 0.000, 0.000, 0.000, 0.000, 0.000, 0.000, 0.000, 0.000, 0.000, 0.000, 0.000, 0.000, 0.000, 0.000, 0.000, 0.000, 0.000]
  MODEL_REWARDS(s,a,*): [0.000, 0.000, 0.000, 0.000, 0.000, 0.000, 0.000, 0.000, 0.000, 0.000, 0.000, 0.000, 0.000, 0.000, 0.000, 0.000, 0.000, 0.000, 0.000, 0.000, 0.000, 0.000]
----------------------------------------
[DEBUG] Beta=1.0 Phase=addiction Step=812
  State: 2 -> Action: as2 -> Next: 1 (Reward: 0.0)
  Q_MF:  [1.080176, 0.111624, 0.189238, 0.107614, 0.142926, 0.192650, 0.126592, 0.038824, 0.179085]
  Q_MB:  [0.809945, 0.728922, 0.624939, 0.728922, 0.728922, 0.728922, 0.728922, 0.728922, 0.728922]
  Q_MIX: [0.809945, 0.728922, 0.624939, 0.728922, 0.728922, 0.728922, 0.728922, 0.728922, 0.728922]
  MODEL_COUNTS(s,a,*):  [0.000, 16.991, 0.010, 0.000, 0.000, 0.000, 0.000, 0.000, 0.000, 0.000, 0.000, 0.000, 0.000, 0.000, 0.000, 0.000, 0.000, 0.000, 0.000, 0.000, 0.000, 0.000]
  MODEL_REWARDS(s,a,*): [0.000, 0.000, 0.000, 0.000, 0.000, 0.000, 0.000, 0.000, 0.000, 0.000, 0.000, 0.000, 0.000, 0.000, 0.000, 0.000, 0.000, 0.000, 0.000, 0.000, 0.000, 0.000]
----------------------------------------
[DEBUG] Beta=1.0 Phase=addiction Step=813
  State: 1 -> Action: ag -> Next: 0 (Reward: 0.0)
  Q_MF:  [0.022326, 0.070183, 0.104000, 0.082133, 0.111363, 0.043734, 1.343640, 0.033592, 0.059048]
  Q_MB:  [0.000000, 0.000000, 0.000000, 0.000000, 0.000000, 0.000000, 0.899978, 0.000000, 0.000000]
  Q_MIX: [0.000000, 0.000000, 0.000000, 0.000000, 0.000000, 0.000000, 0.899978, 0.000000, 0.000000]
  MODEL_COUNTS(s,a,*):  [16.699, 0.000, 0.000, 0.000, 0.000, 0.000, 0.000, 0.000, 0.000, 0.000, 0.000, 0.000, 0.000, 0.000, 0.000, 0.000, 0.000, 0.000, 0.000, 0.000, 0.000, 0.000]
  MODEL_REWARDS(s,a,*): [0.000, 0.000, 0.000, 0.000, 0.000, 0.000, 0.000, 0.000, 0.000, 0.000, 0.000, 0.000, 0.000, 0.000, 0.000, 0.000, 0.000, 0.000, 0.000, 0.000, 0.000, 0.000]
----------------------------------------
[DEBUG] Beta=1.0 Phase=addiction Step=814
  State: 0 -> Action: ag -> Next: 3 (Reward: 1.0)
  Q_MF:  [0.038522, 0.052804, 0.183487, 0.039484, 0.105203, 0.159042, 1.640735, 0.000000, 0.117681]
  Q_MB:  [0.899981, 0.899981, 0.899981, 0.899981, 0.899981, 0.899981, 1.624907, 0.899981, 0.899981]
  Q_MIX: [0.899981, 0.899981, 0.899981, 0.899981, 0.899981, 0.899981, 1.624907, 0.899981, 0.899981]
  MODEL_COUNTS(s,a,*):  [0.000, 0.000, 0.000, 16.717, 0.000, 0.000, 0.000, 0.000, 0.000, 0.000, 0.000, 0.000, 0.000, 0.000, 0.000, 0.000, 0.000, 0.000, 0.000, 0.000, 0.000, 0.000]
  MODEL_REWARDS(s,a,*): [0.000, 0.000, 0.000, 16.717, 0.000, 0.000, 0.000, 0.000, 0.000, 0.000, 0.000, 0.000, 0.000, 0.000, 0.000, 0.000, 0.000, 0.000, 0.000, 0.000, 0.000, 0.000]
----------------------------------------
[DEBUG] Beta=1.0 Phase=addiction Step=815
  State: 3 -> Action: as3 -> Next: 2 (Reward: 0.0)
  Q_MF:  [0.264021, 0.857044, 0.242798, 0.036511, 0.196335, 0.118752, 0.142770, 0.204361, 0.224357]
  Q_MB:  [0.000000, 0.694359, 0.000000, 0.000000, 0.000000, 0.000000, 0.000000, 0.000000, 0.000000]
  Q_MIX: [0.000000, 0.694359, 0.000000, 0.000000, 0.000000, 0.000000, 0.000000, 0.000000, 0.000000]
  MODEL_COUNTS(s,a,*):  [0.000, 0.000, 18.759, 0.884, 0.000, 0.000, 0.000, 0.000, 0.000, 0.000, 0.000, 0.000, 0.000, 0.000, 0.000, 0.000, 0.000, 0.000, 0.000, 0.000, 0.000, 0.000]
  MODEL_REWARDS(s,a,*): [0.000, 0.000, 0.000, 0.000, 0.000, 0.000, 0.000, 0.000, 0.000, 0.000, 0.000, 0.000, 0.000, 0.000, 0.000, 0.000, 0.000, 0.000, 0.000, 0.000, 0.000, 0.000]
----------------------------------------
[DEBUG] Beta=1.0 Phase=addiction Step=816
  State: 2 -> Action: as2 -> Next: 1 (Reward: 0.0)
  Q_MF:  [1.086631, 0.111624, 0.189238, 0.107614, 0.142926, 0.192650, 0.126592, 0.038824, 0.179085]
  Q_MB:  [0.809948, 0.728953, 0.651924, 0.728953, 0.728953, 0.728953, 0.728953, 0.728953, 0.728953]
  Q_MIX: [0.809948, 0.728953, 0.651924, 0.728953, 0.728953, 0.728953, 0.728953, 0.728953, 0.728953]
  MODEL_COUNTS(s,a,*):  [0.000, 17.321, 0.010, 0.000, 0.000, 0.000, 0.000, 0.000, 0.000, 0.000, 0.000, 0.000, 0.000, 0.000, 0.000, 0.000, 0.000, 0.000, 0.000, 0.000, 0.000, 0.000]
  MODEL_REWARDS(s,a,*): [0.000, 0.000, 0.000, 0.000, 0.000, 0.000, 0.000, 0.000, 0.000, 0.000, 0.000, 0.000, 0.000, 0.000, 0.000, 0.000, 0.000, 0.000, 0.000, 0.000, 0.000, 0.000]
----------------------------------------
[DEBUG] Beta=1.0 Phase=addiction Step=817
  State: 1 -> Action: ag -> Next: 0 (Reward: 0.0)
  Q_MF:  [0.022326, 0.070183, 0.104000, 0.082133, 0.111363, 0.043734, 1.350291, 0.033592, 0.059048]
  Q_MB:  [0.000000, 0.000000, 0.000000, 0.000000, 0.000000, 0.000000, 0.899963, 0.000000, 0.000000]
  Q_MIX: [0.000000, 0.000000, 0.000000, 0.000000, 0.000000, 0.000000, 0.899963, 0.000000, 0.000000]
  MODEL_COUNTS(s,a,*):  [17.041, 0.000, 0.000, 0.000, 0.000, 0.000, 0.000, 0.000, 0.000, 0.000, 0.000, 0.000, 0.000, 0.000, 0.000, 0.000, 0.000, 0.000, 0.000, 0.000, 0.000, 0.000]
  MODEL_REWARDS(s,a,*): [0.000, 0.000, 0.000, 0.000, 0.000, 0.000, 0.000, 0.000, 0.000, 0.000, 0.000, 0.000, 0.000, 0.000, 0.000, 0.000, 0.000, 0.000, 0.000, 0.000, 0.000, 0.000]
----------------------------------------
[DEBUG] Beta=1.0 Phase=addiction Step=818
  State: 0 -> Action: ag -> Next: 3 (Reward: 1.0)
  Q_MF:  [0.038522, 0.052804, 0.183487, 0.039484, 0.105203, 0.159042, 1.647265, 0.000000, 0.117681]
  Q_MB:  [0.899982, 0.899982, 0.899982, 0.899982, 0.899982, 0.899982, 0.999998, 0.899982, 0.899982]
  Q_MIX: [0.899982, 0.899982, 0.899982, 0.899982, 0.899982, 0.899982, 0.999998, 0.899982, 0.899982]
  MODEL_COUNTS(s,a,*):  [0.000, 0.000, 0.000, 17.058, 0.000, 0.000, 0.000, 0.000, 0.000, 0.000, 0.000, 0.000, 0.000, 0.000, 0.000, 0.000, 0.000, 0.000, 0.000, 0.000, 0.000, 0.000]
  MODEL_REWARDS(s,a,*): [0.000, 0.000, 0.000, 17.058, 0.000, 0.000, 0.000, 0.000, 0.000, 0.000, 0.000, 0.000, 0.000, 0.000, 0.000, 0.000, 0.000, 0.000, 0.000, 0.000, 0.000, 0.000]
----------------------------------------
[DEBUG] Beta=1.0 Phase=addiction Step=819
  State: 3 -> Action: as2 -> Next: 3 (Reward: 0.0)
  Q_MF:  [0.264021, 0.863090, 0.242798, 0.036511, 0.196335, 0.118752, 0.142770, 0.204361, 0.224357]
  Q_MB:  [0.000000, 0.000000, 0.000000, 0.000000, 0.000000, 0.000000, 0.000000, 0.000000, 0.000000]
  Q_MIX: [0.000000, 0.000000, 0.000000, 0.000000, 0.000000, 0.000000, 0.000000, 0.000000, 0.000000]
  MODEL_COUNTS(s,a,*):  [0.000, 0.000, 0.000, 4.230, 0.000, 0.000, 0.000, 0.000, 0.000, 0.000, 0.000, 0.000, 0.000, 0.000, 0.000, 0.000, 0.000, 0.000, 0.000, 0.000, 0.000, 0.000]
  MODEL_REWARDS(s,a,*): [0.000, 0.000, 0.000, 0.000, 0.000, 0.000, 0.000, 0.000, 0.000, 0.000, 0.000, 0.000, 0.000, 0.000, 0.000, 0.000, 0.000, 0.000, 0.000, 0.000, 0.000, 0.000]
----------------------------------------
[DEBUG] Beta=1.0 Phase=addiction Step=820
  State: 3 -> Action: as3 -> Next: 2 (Reward: 0.0)
  Q_MF:  [0.289659, 0.863090, 0.242798, 0.036511, 0.196335, 0.118752, 0.142770, 0.204361, 0.224357]
  Q_MB:  [0.000000, 0.695771, 0.000000, 0.000000, 0.000000, 0.000000, 0.000000, 0.000000, 0.000000]
  Q_MIX: [0.000000, 0.695771, 0.000000, 0.000000, 0.000000, 0.000000, 0.000000, 0.000000, 0.000000]
  MODEL_COUNTS(s,a,*):  [0.000, 0.000, 18.839, 0.841, 0.000, 0.000, 0.000, 0.000, 0.000, 0.000, 0.000, 0.000, 0.000, 0.000, 0.000, 0.000, 0.000, 0.000, 0.000, 0.000, 0.000, 0.000]
  MODEL_REWARDS(s,a,*): [0.000, 0.000, 0.000, 0.000, 0.000, 0.000, 0.000, 0.000, 0.000, 0.000, 0.000, 0.000, 0.000, 0.000, 0.000, 0.000, 0.000, 0.000, 0.000, 0.000, 0.000, 0.000]
----------------------------------------
[DEBUG] Beta=1.0 Phase=addiction Step=821
  State: 2 -> Action: as2 -> Next: 1 (Reward: 0.0)
  Q_MF:  [1.093063, 0.111624, 0.189238, 0.107614, 0.142926, 0.192650, 0.126592, 0.038824, 0.179085]
  Q_MB:  [0.809540, 0.000000, 0.000000, 0.000000, 0.000000, 0.000000, 0.000000, 0.000000, 0.000000]
  Q_MIX: [0.809540, 0.000000, 0.000000, 0.000000, 0.000000, 0.000000, 0.000000, 0.000000, 0.000000]
  MODEL_COUNTS(s,a,*):  [0.000, 17.472, 0.009, 0.000, 0.000, 0.000, 0.000, 0.000, 0.000, 0.000, 0.000, 0.000, 0.000, 0.000, 0.000, 0.000, 0.000, 0.000, 0.000, 0.000, 0.000, 0.000]
  MODEL_REWARDS(s,a,*): [0.000, 0.000, 0.000, 0.000, 0.000, 0.000, 0.000, 0.000, 0.000, 0.000, 0.000, 0.000, 0.000, 0.000, 0.000, 0.000, 0.000, 0.000, 0.000, 0.000, 0.000, 0.000]
----------------------------------------
[DEBUG] Beta=1.0 Phase=addiction Step=822
  State: 1 -> Action: ag -> Next: 0 (Reward: 0.0)
  Q_MF:  [0.022326, 0.070183, 0.104000, 0.082133, 0.111363, 0.043734, 1.356903, 0.033592, 0.059048]
  Q_MB:  [0.809969, 0.729022, 0.809969, 0.809969, 0.809969, 0.809969, 1.464917, 0.809969, 0.809969]
  Q_MIX: [0.809969, 0.729022, 0.809969, 0.809969, 0.809969, 0.809969, 1.464917, 0.809969, 0.809969]
  MODEL_COUNTS(s,a,*):  [17.206, 0.000, 0.000, 0.000, 0.000, 0.000, 0.000, 0.000, 0.000, 0.000, 0.000, 0.000, 0.000, 0.000, 0.000, 0.000, 0.000, 0.000, 0.000, 0.000, 0.000, 0.000]
  MODEL_REWARDS(s,a,*): [0.000, 0.000, 0.000, 0.000, 0.000, 0.000, 0.000, 0.000, 0.000, 0.000, 0.000, 0.000, 0.000, 0.000, 0.000, 0.000, 0.000, 0.000, 0.000, 0.000, 0.000, 0.000]
----------------------------------------
[DEBUG] Beta=1.0 Phase=addiction Step=823
  State: 0 -> Action: ag -> Next: 3 (Reward: 1.0)
  Q_MF:  [0.038522, 0.052804, 0.183487, 0.039484, 0.105203, 0.159042, 1.653741, 0.000000, 0.117681]
  Q_MB:  [0.000000, 0.000000, 0.000000, 0.000000, 0.000000, 0.000000, 0.999981, 0.000000, 0.000000]
  Q_MIX: [0.000000, 0.000000, 0.000000, 0.000000, 0.000000, 0.000000, 0.999981, 0.000000, 0.000000]
  MODEL_COUNTS(s,a,*):  [0.000, 0.000, 0.000, 17.222, 0.000, 0.000, 0.000, 0.000, 0.000, 0.000, 0.000, 0.000, 0.000, 0.000, 0.000, 0.000, 0.000, 0.000, 0.000, 0.000, 0.000, 0.000]
  MODEL_REWARDS(s,a,*): [0.000, 0.000, 0.000, 17.222, 0.000, 0.000, 0.000, 0.000, 0.000, 0.000, 0.000, 0.000, 0.000, 0.000, 0.000, 0.000, 0.000, 0.000, 0.000, 0.000, 0.000, 0.000]
----------------------------------------
[DEBUG] Beta=1.0 Phase=addiction Step=824
  State: 3 -> Action: as4 -> Next: 3 (Reward: 0.0)
  Q_MF:  [0.289659, 0.869123, 0.242798, 0.036511, 0.196335, 0.118752, 0.142770, 0.204361, 0.224357]
  Q_MB:  [0.000000, 0.000000, 0.000000, 0.000000, 0.000000, 0.000000, 0.000000, 0.000000, 0.000000]
  Q_MIX: [0.000000, 0.000000, 0.000000, 0.000000, 0.000000, 0.000000, 0.000000, 0.000000, 0.000000]
  MODEL_COUNTS(s,a,*):  [0.000, 0.000, 0.000, 2.944, 0.000, 0.000, 0.000, 0.000, 0.000, 0.000, 0.000, 0.000, 0.000, 0.000, 0.000, 0.000, 0.000, 0.000, 0.000, 0.000, 0.000, 0.000]
  MODEL_REWARDS(s,a,*): [0.000, 0.000, 0.000, 0.000, 0.000, 0.000, 0.000, 0.000, 0.000, 0.000, 0.000, 0.000, 0.000, 0.000, 0.000, 0.000, 0.000, 0.000, 0.000, 0.000, 0.000, 0.000]
----------------------------------------
[DEBUG] Beta=1.0 Phase=addiction Step=825
  State: 3 -> Action: as4 -> Next: 3 (Reward: 0.0)
  Q_MF:  [0.289659, 0.869123, 0.269768, 0.036511, 0.196335, 0.118752, 0.142770, 0.204361, 0.224357]
  Q_MB:  [0.000000, 0.000000, 0.000000, 0.000000, 0.000000, 0.000000, 0.000000, 0.000000, 0.000000]
  Q_MIX: [0.000000, 0.000000, 0.000000, 0.000000, 0.000000, 0.000000, 0.000000, 0.000000, 0.000000]
  MODEL_COUNTS(s,a,*):  [0.000, 0.000, 0.000, 3.915, 0.000, 0.000, 0.000, 0.000, 0.000, 0.000, 0.000, 0.000, 0.000, 0.000, 0.000, 0.000, 0.000, 0.000, 0.000, 0.000, 0.000, 0.000]
  MODEL_REWARDS(s,a,*): [0.000, 0.000, 0.000, 0.000, 0.000, 0.000, 0.000, 0.000, 0.000, 0.000, 0.000, 0.000, 0.000, 0.000, 0.000, 0.000, 0.000, 0.000, 0.000, 0.000, 0.000, 0.000]
----------------------------------------
[DEBUG] Beta=1.0 Phase=addiction Step=826
  State: 3 -> Action: as3 -> Next: 2 (Reward: 0.0)
  Q_MF:  [0.289659, 0.869123, 0.295390, 0.036511, 0.196335, 0.118752, 0.142770, 0.204361, 0.224357]
  Q_MB:  [0.653100, 1.181230, 0.653100, 0.586880, 0.653100, 0.653100, 0.653100, 0.653100, 0.653100]
  Q_MIX: [0.653100, 1.181230, 0.653100, 0.586880, 0.653100, 0.653100, 0.653100, 0.653100, 0.653100]
  MODEL_COUNTS(s,a,*):  [0.000, 0.000, 18.737, 0.792, 0.000, 0.000, 0.000, 0.000, 0.000, 0.000, 0.000, 0.000, 0.000, 0.000, 0.000, 0.000, 0.000, 0.000, 0.000, 0.000, 0.000, 0.000]
  MODEL_REWARDS(s,a,*): [0.000, 0.000, 0.000, 0.000, 0.000, 0.000, 0.000, 0.000, 0.000, 0.000, 0.000, 0.000, 0.000, 0.000, 0.000, 0.000, 0.000, 0.000, 0.000, 0.000, 0.000, 0.000]
----------------------------------------
[DEBUG] Beta=1.0 Phase=addiction Step=827
  State: 2 -> Action: as6 -> Next: 2 (Reward: 0.0)
  Q_MF:  [1.099470, 0.111624, 0.189238, 0.107614, 0.142926, 0.192650, 0.126592, 0.038824, 0.179085]
  Q_MB:  [0.000000, 0.000000, 0.000000, 0.000000, 0.000000, 0.000000, 0.000000, 0.000000, 0.000000]
  Q_MIX: [0.000000, 0.000000, 0.000000, 0.000000, 0.000000, 0.000000, 0.000000, 0.000000, 0.000000]
  MODEL_COUNTS(s,a,*):  [0.000, 0.000, 1.435, 0.000, 0.000, 0.000, 0.000, 0.000, 0.000, 0.000, 0.000, 0.000, 0.000, 0.000, 0.000, 0.000, 0.000, 0.000, 0.000, 0.000, 0.000, 0.000]
  MODEL_REWARDS(s,a,*): [0.000, 0.000, 0.000, 0.000, 0.000, 0.000, 0.000, 0.000, 0.000, 0.000, 0.000, 0.000, 0.000, 0.000, 0.000, 0.000, 0.000, 0.000, 0.000, 0.000, 0.000, 0.000]
----------------------------------------
[DEBUG] Beta=1.0 Phase=addiction Step=828
  State: 2 -> Action: as2 -> Next: 1 (Reward: 0.0)
  Q_MF:  [1.099470, 0.111624, 0.189238, 0.107614, 0.185256, 0.192650, 0.126592, 0.038824, 0.179085]
  Q_MB:  [0.809567, 0.000000, 0.000000, 0.000000, 0.000000, 0.000000, 0.000000, 0.000000, 0.000000]
  Q_MIX: [0.809567, 0.000000, 0.000000, 0.000000, 0.000000, 0.000000, 0.000000, 0.000000, 0.000000]
  MODEL_COUNTS(s,a,*):  [0.000, 17.285, 0.009, 0.000, 0.000, 0.000, 0.000, 0.000, 0.000, 0.000, 0.000, 0.000, 0.000, 0.000, 0.000, 0.000, 0.000, 0.000, 0.000, 0.000, 0.000, 0.000]
  MODEL_REWARDS(s,a,*): [0.000, 0.000, 0.000, 0.000, 0.000, 0.000, 0.000, 0.000, 0.000, 0.000, 0.000, 0.000, 0.000, 0.000, 0.000, 0.000, 0.000, 0.000, 0.000, 0.000, 0.000, 0.000]
----------------------------------------
[DEBUG] Beta=1.0 Phase=addiction Step=829
  State: 1 -> Action: ag -> Next: 0 (Reward: 0.0)
  Q_MF:  [0.022326, 0.070183, 0.104000, 0.082133, 0.111363, 0.043734, 1.363476, 0.033592, 0.059048]
  Q_MB:  [1.338212, 1.204478, 1.338212, 1.338212, 1.338212, 1.338212, 1.486903, 1.338212, 1.338212]
  Q_MIX: [1.338212, 1.204478, 1.338212, 1.338212, 1.338212, 1.338212, 1.486903, 1.338212, 1.338212]
  MODEL_COUNTS(s,a,*):  [17.037, 0.000, 0.000, 0.000, 0.000, 0.000, 0.000, 0.000, 0.000, 0.000, 0.000, 0.000, 0.000, 0.000, 0.000, 0.000, 0.000, 0.000, 0.000, 0.000, 0.000, 0.000]
  MODEL_REWARDS(s,a,*): [0.000, 0.000, 0.000, 0.000, 0.000, 0.000, 0.000, 0.000, 0.000, 0.000, 0.000, 0.000, 0.000, 0.000, 0.000, 0.000, 0.000, 0.000, 0.000, 0.000, 0.000, 0.000]
----------------------------------------
[DEBUG] Beta=1.0 Phase=addiction Step=830
  State: 0 -> Action: ad -> Next: 0 (Reward: 0.0)
  Q_MF:  [0.038522, 0.052804, 0.183487, 0.039484, 0.105203, 0.159042, 1.660164, 0.000000, 0.117681]
  Q_MB:  [0.000000, 0.000000, 0.000000, 0.000000, 0.000000, 0.000000, 0.999982, 0.000000, 0.000000]
  Q_MIX: [0.000000, 0.000000, 0.000000, 0.000000, 0.000000, 0.000000, 0.999982, 0.000000, 0.000000]
  MODEL_COUNTS(s,a,*):  [1.000, 0.000, 0.000, 0.000, 0.000, 0.000, 0.000, 0.000, 0.000, 0.000, 0.000, 0.000, 0.000, 0.000, 0.000, 0.000, 0.000, 0.000, 0.000, 0.000, 0.000, 0.000]
  MODEL_REWARDS(s,a,*): [0.000, 0.000, 0.000, 0.000, 0.000, 0.000, 0.000, 0.000, 0.000, 0.000, 0.000, 0.000, 0.000, 0.000, 0.000, 0.000, 0.000, 0.000, 0.000, 0.000, 0.000, 0.000]
----------------------------------------
[DEBUG] Beta=1.0 Phase=addiction Step=831
  State: 0 -> Action: ag -> Next: 3 (Reward: 1.0)
  Q_MF:  [0.038522, 0.052804, 0.183487, 0.039484, 0.105203, 0.159042, 1.660164, 0.074707, 0.117681]
  Q_MB:  [0.899998, 0.899998, 0.899998, 0.899998, 0.899998, 0.899998, 0.999998, 0.899998, 0.899998]
  Q_MIX: [0.899998, 0.899998, 0.899998, 0.899998, 0.899998, 0.899998, 0.999998, 0.899998, 0.899998]
  MODEL_COUNTS(s,a,*):  [0.000, 0.000, 0.000, 16.891, 0.000, 0.000, 0.000, 0.000, 0.000, 0.000, 0.000, 0.000, 0.000, 0.000, 0.000, 0.000, 0.000, 0.000, 0.000, 0.000, 0.000, 0.000]
  MODEL_REWARDS(s,a,*): [0.000, 0.000, 0.000, 16.891, 0.000, 0.000, 0.000, 0.000, 0.000, 0.000, 0.000, 0.000, 0.000, 0.000, 0.000, 0.000, 0.000, 0.000, 0.000, 0.000, 0.000, 0.000]
----------------------------------------
[DEBUG] Beta=1.0 Phase=addiction Step=832
  State: 3 -> Action: as3 -> Next: 2 (Reward: 0.0)
  Q_MF:  [0.289659, 0.875143, 0.295390, 0.036511, 0.196335, 0.118752, 0.142770, 0.204361, 0.224357]
  Q_MB:  [0.629473, 0.724928, 0.629473, 0.000092, 0.629473, 0.629473, 0.629473, 0.629473, 0.629473]
  Q_MIX: [0.629473, 0.724928, 0.629473, 0.000092, 0.629473, 0.629473, 0.629473, 0.629473, 0.629473]
  MODEL_COUNTS(s,a,*):  [0.000, 0.000, 18.640, 0.745, 0.000, 0.000, 0.000, 0.000, 0.000, 0.000, 0.000, 0.000, 0.000, 0.000, 0.000, 0.000, 0.000, 0.000, 0.000, 0.000, 0.000, 0.000]
  MODEL_REWARDS(s,a,*): [0.000, 0.000, 0.000, 0.000, 0.000, 0.000, 0.000, 0.000, 0.000, 0.000, 0.000, 0.000, 0.000, 0.000, 0.000, 0.000, 0.000, 0.000, 0.000, 0.000, 0.000, 0.000]
----------------------------------------
[DEBUG] Beta=1.0 Phase=addiction Step=833
  State: 2 -> Action: as2 -> Next: 1 (Reward: 0.0)
  Q_MF:  [1.105853, 0.111624, 0.189238, 0.107614, 0.185256, 0.192650, 0.126592, 0.038824, 0.179085]
  Q_MB:  [0.809567, 0.000000, 0.000000, 0.000000, 0.000000, 0.000000, 0.000000, 0.000000, 0.000000]
  Q_MIX: [0.809567, 0.000000, 0.000000, 0.000000, 0.000000, 0.000000, 0.000000, 0.000000, 0.000000]
  MODEL_COUNTS(s,a,*):  [0.000, 17.438, 0.008, 0.000, 0.000, 0.000, 0.000, 0.000, 0.000, 0.000, 0.000, 0.000, 0.000, 0.000, 0.000, 0.000, 0.000, 0.000, 0.000, 0.000, 0.000, 0.000]
  MODEL_REWARDS(s,a,*): [0.000, 0.000, 0.000, 0.000, 0.000, 0.000, 0.000, 0.000, 0.000, 0.000, 0.000, 0.000, 0.000, 0.000, 0.000, 0.000, 0.000, 0.000, 0.000, 0.000, 0.000, 0.000]
----------------------------------------
[DEBUG] Beta=1.0 Phase=addiction Step=834
  State: 1 -> Action: aw -> Next: 1 (Reward: 0.0)
  Q_MF:  [0.022326, 0.070183, 0.104000, 0.082133, 0.111363, 0.043734, 1.370010, 0.033592, 0.059048]
  Q_MB:  [0.000000, 0.000000, 0.000000, 0.000000, 0.000000, 0.000000, 0.000000, 0.000000, 0.000000]
  Q_MIX: [0.000000, 0.000000, 0.000000, 0.000000, 0.000000, 0.000000, 0.000000, 0.000000, 0.000000]
  MODEL_COUNTS(s,a,*):  [0.000, 1.162, 0.000, 0.000, 0.000, 0.000, 0.000, 0.000, 0.000, 0.000, 0.000, 0.000, 0.000, 0.000, 0.000, 0.000, 0.000, 0.000, 0.000, 0.000, 0.000, 0.000]
  MODEL_REWARDS(s,a,*): [0.000, 0.000, 0.000, 0.000, 0.000, 0.000, 0.000, 0.000, 0.000, 0.000, 0.000, 0.000, 0.000, 0.000, 0.000, 0.000, 0.000, 0.000, 0.000, 0.000, 0.000, 0.000]
----------------------------------------
[DEBUG] Beta=1.0 Phase=addiction Step=835
  State: 1 -> Action: ag -> Next: 0 (Reward: 0.0)
  Q_MF:  [0.022326, 0.070183, 0.104000, 0.082133, 0.111363, 0.043734, 1.370010, 0.033592, 0.117746]
  Q_MB:  [0.809972, 0.729030, 0.809972, 0.809972, 0.809972, 0.809972, 1.487355, 0.809972, 0.809972]
  Q_MIX: [0.809972, 0.729030, 0.809972, 0.809972, 0.809972, 0.809972, 1.487355, 0.809972, 0.809972]
  MODEL_COUNTS(s,a,*):  [17.040, 0.000, 0.000, 0.000, 0.000, 0.000, 0.000, 0.000, 0.000, 0.000, 0.000, 0.000, 0.000, 0.000, 0.000, 0.000, 0.000, 0.000, 0.000, 0.000, 0.000, 0.000]
  MODEL_REWARDS(s,a,*): [0.000, 0.000, 0.000, 0.000, 0.000, 0.000, 0.000, 0.000, 0.000, 0.000, 0.000, 0.000, 0.000, 0.000, 0.000, 0.000, 0.000, 0.000, 0.000, 0.000, 0.000, 0.000]
----------------------------------------
[DEBUG] Beta=1.0 Phase=addiction Step=836
  State: 0 -> Action: ag -> Next: 3 (Reward: 1.0)
  Q_MF:  [0.038522, 0.052804, 0.183487, 0.039484, 0.105203, 0.159042, 1.666537, 0.074707, 0.117681]
  Q_MB:  [0.899998, 0.899998, 0.899998, 0.899998, 0.899998, 0.899998, 1.652373, 0.899998, 0.899998]
  Q_MIX: [0.899998, 0.899998, 0.899998, 0.899998, 0.899998, 0.899998, 1.652373, 0.899998, 0.899998]
  MODEL_COUNTS(s,a,*):  [0.000, 0.000, 0.000, 17.064, 0.000, 0.000, 0.000, 0.000, 0.000, 0.000, 0.000, 0.000, 0.000, 0.000, 0.000, 0.000, 0.000, 0.000, 0.000, 0.000, 0.000, 0.000]
  MODEL_REWARDS(s,a,*): [0.000, 0.000, 0.000, 17.064, 0.000, 0.000, 0.000, 0.000, 0.000, 0.000, 0.000, 0.000, 0.000, 0.000, 0.000, 0.000, 0.000, 0.000, 0.000, 0.000, 0.000, 0.000]
----------------------------------------
[DEBUG] Beta=1.0 Phase=addiction Step=837
  State: 3 -> Action: as4 -> Next: 3 (Reward: 0.0)
  Q_MF:  [0.289659, 0.881149, 0.295390, 0.036511, 0.196335, 0.118752, 0.142770, 0.204361, 0.224357]
  Q_MB:  [0.000000, 0.000000, 0.000000, 0.000000, 0.000000, 0.000000, 0.000000, 0.000000, 0.000000]
  Q_MIX: [0.000000, 0.000000, 0.000000, 0.000000, 0.000000, 0.000000, 0.000000, 0.000000, 0.000000]
  MODEL_COUNTS(s,a,*):  [0.000, 0.000, 0.000, 4.470, 0.000, 0.000, 0.000, 0.000, 0.000, 0.000, 0.000, 0.000, 0.000, 0.000, 0.000, 0.000, 0.000, 0.000, 0.000, 0.000, 0.000, 0.000]
  MODEL_REWARDS(s,a,*): [0.000, 0.000, 0.000, 0.000, 0.000, 0.000, 0.000, 0.000, 0.000, 0.000, 0.000, 0.000, 0.000, 0.000, 0.000, 0.000, 0.000, 0.000, 0.000, 0.000, 0.000, 0.000]
----------------------------------------
[DEBUG] Beta=1.0 Phase=addiction Step=838
  State: 3 -> Action: as6 -> Next: 3 (Reward: 0.0)
  Q_MF:  [0.289659, 0.881149, 0.320273, 0.036511, 0.196335, 0.118752, 0.142770, 0.204361, 0.224357]
  Q_MB:  [0.000000, 0.000000, 0.000000, 0.000000, 0.000000, 0.000000, 0.000000, 0.000000, 0.000000]
  Q_MIX: [0.000000, 0.000000, 0.000000, 0.000000, 0.000000, 0.000000, 0.000000, 0.000000, 0.000000]
  MODEL_COUNTS(s,a,*):  [0.000, 0.000, 0.000, 3.054, 0.000, 0.000, 0.000, 0.000, 0.000, 0.000, 0.000, 0.000, 0.000, 0.000, 0.000, 0.000, 0.000, 0.000, 0.000, 0.000, 0.000, 0.000]
  MODEL_REWARDS(s,a,*): [0.000, 0.000, 0.000, 0.000, 0.000, 0.000, 0.000, 0.000, 0.000, 0.000, 0.000, 0.000, 0.000, 0.000, 0.000, 0.000, 0.000, 0.000, 0.000, 0.000, 0.000, 0.000]
----------------------------------------
[DEBUG] Beta=1.0 Phase=addiction Step=839
  State: 3 -> Action: ad -> Next: 3 (Reward: 0.0)
  Q_MF:  [0.289659, 0.881149, 0.320273, 0.036511, 0.226170, 0.118752, 0.142770, 0.204361, 0.224357]
  Q_MB:  [0.000000, 0.000000, 0.000000, 0.000000, 0.000000, 0.000000, 0.000000, 0.000000, 0.000000]
  Q_MIX: [0.000000, 0.000000, 0.000000, 0.000000, 0.000000, 0.000000, 0.000000, 0.000000, 0.000000]
  MODEL_COUNTS(s,a,*):  [0.000, 0.000, 0.000, 2.602, 0.000, 0.000, 0.000, 0.000, 0.000, 0.000, 0.000, 0.000, 0.000, 0.000, 0.000, 0.000, 0.000, 0.000, 0.000, 0.000, 0.000, 0.000]
  MODEL_REWARDS(s,a,*): [0.000, 0.000, 0.000, 0.000, 0.000, 0.000, 0.000, 0.000, 0.000, 0.000, 0.000, 0.000, 0.000, 0.000, 0.000, 0.000, 0.000, 0.000, 0.000, 0.000, 0.000, 0.000]
----------------------------------------
[DEBUG] Beta=1.0 Phase=addiction Step=840
  State: 3 -> Action: aw -> Next: 3 (Reward: 0.0)
  Q_MF:  [0.289659, 0.881149, 0.320273, 0.036511, 0.226170, 0.118752, 0.142770, 0.233795, 0.224357]
  Q_MB:  [0.000000, 0.000000, 0.000000, 0.000000, 0.000000, 0.000000, 0.000000, 0.000000, 0.000000]
  Q_MIX: [0.000000, 0.000000, 0.000000, 0.000000, 0.000000, 0.000000, 0.000000, 0.000000, 0.000000]
  MODEL_COUNTS(s,a,*):  [0.000, 0.000, 0.000, 2.387, 0.000, 0.000, 0.000, 0.000, 0.000, 0.000, 0.000, 0.000, 0.000, 0.000, 0.000, 0.000, 0.000, 0.000, 0.000, 0.000, 0.000, 0.000]
  MODEL_REWARDS(s,a,*): [0.000, 0.000, 0.000, 0.000, 0.000, 0.000, 0.000, 0.000, 0.000, 0.000, 0.000, 0.000, 0.000, 0.000, 0.000, 0.000, 0.000, 0.000, 0.000, 0.000, 0.000, 0.000]
----------------------------------------
[DEBUG] Beta=1.0 Phase=addiction Step=841
  State: 3 -> Action: ad -> Next: 3 (Reward: 0.0)
  Q_MF:  [0.289659, 0.881149, 0.320273, 0.036511, 0.226170, 0.118752, 0.142770, 0.233795, 0.252791]
  Q_MB:  [0.000000, 0.000000, 0.000000, 0.000000, 0.000000, 0.000000, 0.000000, 0.000000, 0.000000]
  Q_MIX: [0.000000, 0.000000, 0.000000, 0.000000, 0.000000, 0.000000, 0.000000, 0.000000, 0.000000]
  MODEL_COUNTS(s,a,*):  [0.000, 0.000, 0.000, 3.550, 0.000, 0.000, 0.000, 0.000, 0.000, 0.000, 0.000, 0.000, 0.000, 0.000, 0.000, 0.000, 0.000, 0.000, 0.000, 0.000, 0.000, 0.000]
  MODEL_REWARDS(s,a,*): [0.000, 0.000, 0.000, 0.000, 0.000, 0.000, 0.000, 0.000, 0.000, 0.000, 0.000, 0.000, 0.000, 0.000, 0.000, 0.000, 0.000, 0.000, 0.000, 0.000, 0.000, 0.000]
----------------------------------------
[DEBUG] Beta=1.0 Phase=addiction Step=842
  State: 3 -> Action: as2 -> Next: 3 (Reward: 0.0)
  Q_MF:  [0.289659, 0.881149, 0.320273, 0.036511, 0.226170, 0.118752, 0.142770, 0.261757, 0.252791]
  Q_MB:  [0.000000, 0.000000, 0.000000, 0.000000, 0.000000, 0.000000, 0.000000, 0.000000, 0.000000]
  Q_MIX: [0.000000, 0.000000, 0.000000, 0.000000, 0.000000, 0.000000, 0.000000, 0.000000, 0.000000]
  MODEL_COUNTS(s,a,*):  [0.000, 0.000, 0.000, 4.357, 0.000, 0.000, 0.000, 0.000, 0.000, 0.000, 0.000, 0.000, 0.000, 0.000, 0.000, 0.000, 0.000, 0.000, 0.000, 0.000, 0.000, 0.000]
  MODEL_REWARDS(s,a,*): [0.000, 0.000, 0.000, 0.000, 0.000, 0.000, 0.000, 0.000, 0.000, 0.000, 0.000, 0.000, 0.000, 0.000, 0.000, 0.000, 0.000, 0.000, 0.000, 0.000, 0.000, 0.000]
----------------------------------------
[DEBUG] Beta=1.0 Phase=addiction Step=843
  State: 3 -> Action: ad -> Next: 3 (Reward: 0.0)
  Q_MF:  [0.314828, 0.881149, 0.320273, 0.036511, 0.226170, 0.118752, 0.142770, 0.261757, 0.252791]
  Q_MB:  [0.000000, 0.000000, 0.000000, 0.000000, 0.000000, 0.000000, 0.000000, 0.000000, 0.000000]
  Q_MIX: [0.000000, 0.000000, 0.000000, 0.000000, 0.000000, 0.000000, 0.000000, 0.000000, 0.000000]
  MODEL_COUNTS(s,a,*):  [0.000, 0.000, 0.000, 4.479, 0.000, 0.000, 0.000, 0.000, 0.000, 0.000, 0.000, 0.000, 0.000, 0.000, 0.000, 0.000, 0.000, 0.000, 0.000, 0.000, 0.000, 0.000]
  MODEL_REWARDS(s,a,*): [0.000, 0.000, 0.000, 0.000, 0.000, 0.000, 0.000, 0.000, 0.000, 0.000, 0.000, 0.000, 0.000, 0.000, 0.000, 0.000, 0.000, 0.000, 0.000, 0.000, 0.000, 0.000]
----------------------------------------
[DEBUG] Beta=1.0 Phase=addiction Step=844
  State: 3 -> Action: as3 -> Next: 2 (Reward: 0.0)
  Q_MF:  [0.314828, 0.881149, 0.320273, 0.036511, 0.226170, 0.118752, 0.142770, 0.288321, 0.252791]
  Q_MB:  [0.000000, 0.700623, 0.000000, 0.000000, 0.000000, 0.000000, 0.000000, 0.000000, 0.000000]
  Q_MIX: [0.000000, 0.700623, 0.000000, 0.000000, 0.000000, 0.000000, 0.000000, 0.000000, 0.000000]
  MODEL_COUNTS(s,a,*):  [0.000, 0.000, 17.522, 0.661, 0.000, 0.000, 0.000, 0.000, 0.000, 0.000, 0.000, 0.000, 0.000, 0.000, 0.000, 0.000, 0.000, 0.000, 0.000, 0.000, 0.000, 0.000]
  MODEL_REWARDS(s,a,*): [0.000, 0.000, 0.000, 0.000, 0.000, 0.000, 0.000, 0.000, 0.000, 0.000, 0.000, 0.000, 0.000, 0.000, 0.000, 0.000, 0.000, 0.000, 0.000, 0.000, 0.000, 0.000]
----------------------------------------
[DEBUG] Beta=1.0 Phase=addiction Step=845
  State: 2 -> Action: as2 -> Next: 1 (Reward: 0.0)
  Q_MF:  [1.112211, 0.111624, 0.189238, 0.107614, 0.185256, 0.192650, 0.126592, 0.038824, 0.179085]
  Q_MB:  [0.809959, 0.728963, 0.630579, 0.728963, 0.728963, 0.728963, 0.728963, 0.728963, 0.728963]
  Q_MIX: [0.809959, 0.728963, 0.630579, 0.728963, 0.728963, 0.728963, 0.728963, 0.728963, 0.728963]
  MODEL_COUNTS(s,a,*):  [0.000, 16.457, 0.007, 0.000, 0.000, 0.000, 0.000, 0.000, 0.000, 0.000, 0.000, 0.000, 0.000, 0.000, 0.000, 0.000, 0.000, 0.000, 0.000, 0.000, 0.000, 0.000]
  MODEL_REWARDS(s,a,*): [0.000, 0.000, 0.000, 0.000, 0.000, 0.000, 0.000, 0.000, 0.000, 0.000, 0.000, 0.000, 0.000, 0.000, 0.000, 0.000, 0.000, 0.000, 0.000, 0.000, 0.000, 0.000]
----------------------------------------
[DEBUG] Beta=1.0 Phase=addiction Step=846
  State: 1 -> Action: ag -> Next: 0 (Reward: 0.0)
  Q_MF:  [0.022326, 0.070183, 0.104000, 0.082133, 0.111363, 0.043734, 1.376504, 0.033592, 0.117746]
  Q_MB:  [0.000000, 0.000000, 0.000000, 0.000000, 0.000000, 0.000000, 0.000000, 0.000000, 0.000000]
  Q_MIX: [0.000000, 0.000000, 0.000000, 0.000000, 0.000000, 0.000000, 0.000000, 0.000000, 0.000000]
  MODEL_COUNTS(s,a,*):  [16.256, 0.000, 0.000, 0.000, 0.000, 0.000, 0.000, 0.000, 0.000, 0.000, 0.000, 0.000, 0.000, 0.000, 0.000, 0.000, 0.000, 0.000, 0.000, 0.000, 0.000, 0.000]
  MODEL_REWARDS(s,a,*): [0.000, 0.000, 0.000, 0.000, 0.000, 0.000, 0.000, 0.000, 0.000, 0.000, 0.000, 0.000, 0.000, 0.000, 0.000, 0.000, 0.000, 0.000, 0.000, 0.000, 0.000, 0.000]
----------------------------------------
[DEBUG] Beta=1.0 Phase=addiction Step=847
  State: 0 -> Action: ag -> Next: 3 (Reward: 1.0)
  Q_MF:  [0.038522, 0.052804, 0.183487, 0.039484, 0.105203, 0.159042, 1.672862, 0.074707, 0.117681]
  Q_MB:  [0.899999, 0.899999, 0.899999, 0.899999, 0.899999, 0.899999, 1.631971, 0.899999, 0.899999]
  Q_MIX: [0.899999, 0.899999, 0.899999, 0.899999, 0.899999, 0.899999, 1.631971, 0.899999, 0.899999]
  MODEL_COUNTS(s,a,*):  [0.000, 0.000, 0.000, 16.278, 0.000, 0.000, 0.000, 0.000, 0.000, 0.000, 0.000, 0.000, 0.000, 0.000, 0.000, 0.000, 0.000, 0.000, 0.000, 0.000, 0.000, 0.000]
  MODEL_REWARDS(s,a,*): [0.000, 0.000, 0.000, 16.278, 0.000, 0.000, 0.000, 0.000, 0.000, 0.000, 0.000, 0.000, 0.000, 0.000, 0.000, 0.000, 0.000, 0.000, 0.000, 0.000, 0.000, 0.000]
----------------------------------------
[DEBUG] Beta=1.0 Phase=addiction Step=848
  State: 3 -> Action: as6 -> Next: 3 (Reward: 0.0)
  Q_MF:  [0.314828, 0.887141, 0.320273, 0.036511, 0.226170, 0.118752, 0.142770, 0.288321, 0.252791]
  Q_MB:  [0.000000, 0.000000, 0.000000, 0.000000, 0.000000, 0.000000, 0.000000, 0.000000, 0.000000]
  Q_MIX: [0.000000, 0.000000, 0.000000, 0.000000, 0.000000, 0.000000, 0.000000, 0.000000, 0.000000]
  MODEL_COUNTS(s,a,*):  [0.000, 0.000, 0.000, 3.762, 0.000, 0.000, 0.000, 0.000, 0.000, 0.000, 0.000, 0.000, 0.000, 0.000, 0.000, 0.000, 0.000, 0.000, 0.000, 0.000, 0.000, 0.000]
  MODEL_REWARDS(s,a,*): [0.000, 0.000, 0.000, 0.000, 0.000, 0.000, 0.000, 0.000, 0.000, 0.000, 0.000, 0.000, 0.000, 0.000, 0.000, 0.000, 0.000, 0.000, 0.000, 0.000, 0.000, 0.000]
----------------------------------------
[DEBUG] Beta=1.0 Phase=addiction Step=849
  State: 3 -> Action: as3 -> Next: 2 (Reward: 0.0)
  Q_MF:  [0.314828, 0.887141, 0.320273, 0.036511, 0.254783, 0.118752, 0.142770, 0.288321, 0.252791]
  Q_MB:  [0.632218, 0.725451, 0.632218, 0.568924, 0.632218, 0.632218, 0.632218, 0.632218, 0.632218]
  Q_MIX: [0.632218, 0.725451, 0.632218, 0.568924, 0.632218, 0.632218, 0.632218, 0.632218, 0.632218]
  MODEL_COUNTS(s,a,*):  [0.000, 0.000, 17.664, 0.628, 0.000, 0.000, 0.000, 0.000, 0.000, 0.000, 0.000, 0.000, 0.000, 0.000, 0.000, 0.000, 0.000, 0.000, 0.000, 0.000, 0.000, 0.000]
  MODEL_REWARDS(s,a,*): [0.000, 0.000, 0.000, 0.000, 0.000, 0.000, 0.000, 0.000, 0.000, 0.000, 0.000, 0.000, 0.000, 0.000, 0.000, 0.000, 0.000, 0.000, 0.000, 0.000, 0.000, 0.000]
----------------------------------------
[DEBUG] Beta=1.0 Phase=addiction Step=850
  State: 2 -> Action: as2 -> Next: 1 (Reward: 0.0)
  Q_MF:  [1.118543, 0.111624, 0.189238, 0.107614, 0.185256, 0.192650, 0.126592, 0.038824, 0.179085]
  Q_MB:  [0.809962, 0.728665, 0.000135, 0.728665, 0.728665, 0.728665, 0.728665, 0.728665, 0.728665]
  Q_MIX: [0.809962, 0.728665, 0.000135, 0.728665, 0.728665, 0.728665, 0.728665, 0.728665, 0.728665]
  MODEL_COUNTS(s,a,*):  [0.000, 16.650, 0.007, 0.000, 0.000, 0.000, 0.000, 0.000, 0.000, 0.000, 0.000, 0.000, 0.000, 0.000, 0.000, 0.000, 0.000, 0.000, 0.000, 0.000, 0.000, 0.000]
  MODEL_REWARDS(s,a,*): [0.000, 0.000, 0.000, 0.000, 0.000, 0.000, 0.000, 0.000, 0.000, 0.000, 0.000, 0.000, 0.000, 0.000, 0.000, 0.000, 0.000, 0.000, 0.000, 0.000, 0.000, 0.000]
----------------------------------------
[DEBUG] Beta=1.0 Phase=addiction Step=851
  State: 1 -> Action: ag -> Next: 0 (Reward: 0.0)
  Q_MF:  [0.022326, 0.070183, 0.104000, 0.082133, 0.111363, 0.043734, 1.382957, 0.033592, 0.117746]
  Q_MB:  [0.809998, 0.728784, 0.809998, 0.809998, 0.809998, 0.809998, 1.469952, 0.809998, 0.809998]
  Q_MIX: [0.809998, 0.728784, 0.809998, 0.809998, 0.809998, 0.809998, 1.469952, 0.809998, 0.809998]
  MODEL_COUNTS(s,a,*):  [16.460, 0.000, 0.000, 0.000, 0.000, 0.000, 0.000, 0.000, 0.000, 0.000, 0.000, 0.000, 0.000, 0.000, 0.000, 0.000, 0.000, 0.000, 0.000, 0.000, 0.000, 0.000]
  MODEL_REWARDS(s,a,*): [0.000, 0.000, 0.000, 0.000, 0.000, 0.000, 0.000, 0.000, 0.000, 0.000, 0.000, 0.000, 0.000, 0.000, 0.000, 0.000, 0.000, 0.000, 0.000, 0.000, 0.000, 0.000]
----------------------------------------
[DEBUG] Beta=1.0 Phase=addiction Step=852
  State: 0 -> Action: ag -> Next: 3 (Reward: 1.0)
  Q_MF:  [0.038522, 0.052804, 0.183487, 0.039484, 0.105203, 0.159042, 1.679141, 0.074707, 0.117681]
  Q_MB:  [0.899999, 0.899999, 0.899999, 0.899999, 0.899999, 0.899999, 0.999999, 0.899999, 0.899999]
  Q_MIX: [0.899999, 0.899999, 0.899999, 0.899999, 0.899999, 0.899999, 0.999999, 0.899999, 0.899999]
  MODEL_COUNTS(s,a,*):  [0.000, 0.000, 0.000, 16.480, 0.000, 0.000, 0.000, 0.000, 0.000, 0.000, 0.000, 0.000, 0.000, 0.000, 0.000, 0.000, 0.000, 0.000, 0.000, 0.000, 0.000, 0.000]
  MODEL_REWARDS(s,a,*): [0.000, 0.000, 0.000, 16.480, 0.000, 0.000, 0.000, 0.000, 0.000, 0.000, 0.000, 0.000, 0.000, 0.000, 0.000, 0.000, 0.000, 0.000, 0.000, 0.000, 0.000, 0.000]
----------------------------------------
[DEBUG] Beta=1.0 Phase=addiction Step=853
  State: 3 -> Action: as3 -> Next: 2 (Reward: 0.0)
  Q_MF:  [0.314828, 0.893119, 0.320273, 0.036511, 0.254783, 0.118752, 0.142770, 0.288321, 0.252791]
  Q_MB:  [0.653105, 0.726344, 0.653105, 0.587720, 0.653105, 0.653105, 0.653105, 0.653105, 0.653105]
  Q_MIX: [0.653105, 0.726344, 0.653105, 0.587720, 0.653105, 0.653105, 0.653105, 0.653105, 0.653105]
  MODEL_COUNTS(s,a,*):  [0.000, 0.000, 17.968, 0.603, 0.000, 0.000, 0.000, 0.000, 0.000, 0.000, 0.000, 0.000, 0.000, 0.000, 0.000, 0.000, 0.000, 0.000, 0.000, 0.000, 0.000, 0.000]
  MODEL_REWARDS(s,a,*): [0.000, 0.000, 0.000, 0.000, 0.000, 0.000, 0.000, 0.000, 0.000, 0.000, 0.000, 0.000, 0.000, 0.000, 0.000, 0.000, 0.000, 0.000, 0.000, 0.000, 0.000, 0.000]
----------------------------------------
[DEBUG] Beta=1.0 Phase=addiction Step=854
  State: 2 -> Action: as2 -> Next: 1 (Reward: 0.0)
  Q_MF:  [1.124849, 0.111624, 0.189238, 0.107614, 0.185256, 0.192650, 0.126592, 0.038824, 0.179085]
  Q_MB:  [1.324078, 1.191497, 0.653416, 1.191497, 1.191497, 1.191497, 1.191497, 1.191497, 1.191497]
  Q_MIX: [1.324078, 1.191497, 0.653416, 1.191497, 1.191497, 1.191497, 1.191497, 1.191497, 1.191497]
  MODEL_COUNTS(s,a,*):  [0.000, 16.994, 0.007, 0.000, 0.000, 0.000, 0.000, 0.000, 0.000, 0.000, 0.000, 0.000, 0.000, 0.000, 0.000, 0.000, 0.000, 0.000, 0.000, 0.000, 0.000, 0.000]
  MODEL_REWARDS(s,a,*): [0.000, 0.000, 0.000, 0.000, 0.000, 0.000, 0.000, 0.000, 0.000, 0.000, 0.000, 0.000, 0.000, 0.000, 0.000, 0.000, 0.000, 0.000, 0.000, 0.000, 0.000, 0.000]
----------------------------------------
[DEBUG] Beta=1.0 Phase=addiction Step=855
  State: 1 -> Action: ag -> Next: 0 (Reward: 0.0)
  Q_MF:  [0.022326, 0.070183, 0.104000, 0.082133, 0.111363, 0.043734, 1.389371, 0.033592, 0.117746]
  Q_MB:  [0.000000, 0.000000, 0.000000, 0.000000, 0.000000, 0.000000, 0.899975, 0.000000, 0.000000]
  Q_MIX: [0.000000, 0.000000, 0.000000, 0.000000, 0.000000, 0.000000, 0.899975, 0.000000, 0.000000]
  MODEL_COUNTS(s,a,*):  [16.811, 0.000, 0.000, 0.000, 0.000, 0.000, 0.000, 0.000, 0.000, 0.000, 0.000, 0.000, 0.000, 0.000, 0.000, 0.000, 0.000, 0.000, 0.000, 0.000, 0.000, 0.000]
  MODEL_REWARDS(s,a,*): [0.000, 0.000, 0.000, 0.000, 0.000, 0.000, 0.000, 0.000, 0.000, 0.000, 0.000, 0.000, 0.000, 0.000, 0.000, 0.000, 0.000, 0.000, 0.000, 0.000, 0.000, 0.000]
----------------------------------------
[DEBUG] Beta=1.0 Phase=addiction Step=856
  State: 0 -> Action: ag -> Next: 3 (Reward: 1.0)
  Q_MF:  [0.038522, 0.052804, 0.183487, 0.039484, 0.105203, 0.159042, 1.685374, 0.074707, 0.117681]
  Q_MB:  [0.899987, 0.899987, 0.899987, 0.899987, 0.899987, 0.899987, 0.999999, 0.899987, 0.899987]
  Q_MIX: [0.899987, 0.899987, 0.899987, 0.899987, 0.899987, 0.899987, 0.999999, 0.899987, 0.899987]
  MODEL_COUNTS(s,a,*):  [0.000, 0.000, 0.000, 16.831, 0.000, 0.000, 0.000, 0.000, 0.000, 0.000, 0.000, 0.000, 0.000, 0.000, 0.000, 0.000, 0.000, 0.000, 0.000, 0.000, 0.000, 0.000]
  MODEL_REWARDS(s,a,*): [0.000, 0.000, 0.000, 16.831, 0.000, 0.000, 0.000, 0.000, 0.000, 0.000, 0.000, 0.000, 0.000, 0.000, 0.000, 0.000, 0.000, 0.000, 0.000, 0.000, 0.000, 0.000]
----------------------------------------
[DEBUG] Beta=1.0 Phase=addiction Step=857
  State: 3 -> Action: as3 -> Next: 2 (Reward: 0.0)
  Q_MF:  [0.314828, 0.899081, 0.320273, 0.036511, 0.254783, 0.118752, 0.142770, 0.288321, 0.252791]
  Q_MB:  [0.000000, 0.705016, 0.000000, 0.000000, 0.000000, 0.000000, 0.000000, 0.000000, 0.000000]
  Q_MIX: [0.000000, 0.705016, 0.000000, 0.000000, 0.000000, 0.000000, 0.000000, 0.000000, 0.000000]
  MODEL_COUNTS(s,a,*):  [0.000, 0.000, 18.260, 0.580, 0.000, 0.000, 0.000, 0.000, 0.000, 0.000, 0.000, 0.000, 0.000, 0.000, 0.000, 0.000, 0.000, 0.000, 0.000, 0.000, 0.000, 0.000]
  MODEL_REWARDS(s,a,*): [0.000, 0.000, 0.000, 0.000, 0.000, 0.000, 0.000, 0.000, 0.000, 0.000, 0.000, 0.000, 0.000, 0.000, 0.000, 0.000, 0.000, 0.000, 0.000, 0.000, 0.000, 0.000]
----------------------------------------
[DEBUG] Beta=1.0 Phase=addiction Step=858
  State: 2 -> Action: as4 -> Next: 3 (Reward: 0.0)
  Q_MF:  [1.131128, 0.111624, 0.189238, 0.107614, 0.185256, 0.192650, 0.126592, 0.038824, 0.179085]
  Q_MB:  [0.809671, 0.000000, 0.000000, 0.000000, 0.000000, 0.000000, 0.000000, 0.000000, 0.000000]
  Q_MIX: [0.809671, 0.000000, 0.000000, 0.000000, 0.000000, 0.000000, 0.000000, 0.000000, 0.000000]
  MODEL_COUNTS(s,a,*):  [0.000, 0.000, 0.000, 2.171, 0.000, 0.000, 0.000, 0.000, 0.000, 0.000, 0.000, 0.000, 0.000, 0.000, 0.000, 0.000, 0.000, 0.000, 0.000, 0.000, 0.000, 0.000]
  MODEL_REWARDS(s,a,*): [0.000, 0.000, 0.000, 0.000, 0.000, 0.000, 0.000, 0.000, 0.000, 0.000, 0.000, 0.000, 0.000, 0.000, 0.000, 0.000, 0.000, 0.000, 0.000, 0.000, 0.000, 0.000]
----------------------------------------
[DEBUG] Beta=1.0 Phase=addiction Step=859
  State: 3 -> Action: as3 -> Next: 2 (Reward: 0.0)
  Q_MF:  [0.314828, 0.905028, 0.320273, 0.036511, 0.254783, 0.118752, 0.142770, 0.288321, 0.252791]
  Q_MB:  [0.635886, 0.726105, 0.635886, 0.000093, 0.635886, 0.635886, 0.635886, 0.635886, 0.635886]
  Q_MIX: [0.635886, 0.726105, 0.635886, 0.000093, 0.635886, 0.635886, 0.635886, 0.635886, 0.635886]
  MODEL_COUNTS(s,a,*):  [0.000, 0.000, 18.896, 0.568, 0.000, 0.000, 0.000, 0.000, 0.000, 0.000, 0.000, 0.000, 0.000, 0.000, 0.000, 0.000, 0.000, 0.000, 0.000, 0.000, 0.000, 0.000]
  MODEL_REWARDS(s,a,*): [0.000, 0.000, 0.000, 0.000, 0.000, 0.000, 0.000, 0.000, 0.000, 0.000, 0.000, 0.000, 0.000, 0.000, 0.000, 0.000, 0.000, 0.000, 0.000, 0.000, 0.000, 0.000]
----------------------------------------
[DEBUG] Beta=1.0 Phase=addiction Step=860
  State: 2 -> Action: as2 -> Next: 1 (Reward: 0.0)
  Q_MF:  [1.131128, 0.111624, 0.220502, 0.107614, 0.185256, 0.192650, 0.126592, 0.038824, 0.179085]
  Q_MB:  [0.809966, 0.728712, 0.000073, 0.728712, 0.728712, 0.728712, 0.728712, 0.728712, 0.728712]
  Q_MIX: [0.809966, 0.728712, 0.000073, 0.728712, 0.728712, 0.728712, 0.728712, 0.728712, 0.728712]
  MODEL_COUNTS(s,a,*):  [0.000, 17.000, 0.006, 0.000, 0.000, 0.000, 0.000, 0.000, 0.000, 0.000, 0.000, 0.000, 0.000, 0.000, 0.000, 0.000, 0.000, 0.000, 0.000, 0.000, 0.000, 0.000]
  MODEL_REWARDS(s,a,*): [0.000, 0.000, 0.000, 0.000, 0.000, 0.000, 0.000, 0.000, 0.000, 0.000, 0.000, 0.000, 0.000, 0.000, 0.000, 0.000, 0.000, 0.000, 0.000, 0.000, 0.000, 0.000]
----------------------------------------
[DEBUG] Beta=1.0 Phase=addiction Step=861
  State: 1 -> Action: ag -> Next: 0 (Reward: 0.0)
  Q_MF:  [0.022326, 0.070183, 0.104000, 0.082133, 0.111363, 0.043734, 1.395744, 0.033592, 0.117746]
  Q_MB:  [0.809998, 0.728810, 0.809998, 0.809998, 0.809998, 0.809998, 0.899998, 0.809998, 0.809998]
  Q_MIX: [0.809998, 0.728810, 0.809998, 0.809998, 0.809998, 0.809998, 0.899998, 0.809998, 0.809998]
  MODEL_COUNTS(s,a,*):  [16.827, 0.000, 0.000, 0.000, 0.000, 0.000, 0.000, 0.000, 0.000, 0.000, 0.000, 0.000, 0.000, 0.000, 0.000, 0.000, 0.000, 0.000, 0.000, 0.000, 0.000, 0.000]
  MODEL_REWARDS(s,a,*): [0.000, 0.000, 0.000, 0.000, 0.000, 0.000, 0.000, 0.000, 0.000, 0.000, 0.000, 0.000, 0.000, 0.000, 0.000, 0.000, 0.000, 0.000, 0.000, 0.000, 0.000, 0.000]
----------------------------------------
[DEBUG] Beta=1.0 Phase=addiction Step=862
  State: 0 -> Action: ag -> Next: 3 (Reward: 1.0)
  Q_MF:  [0.038522, 0.052804, 0.183487, 0.039484, 0.105203, 0.159042, 1.691564, 0.074707, 0.117681]
  Q_MB:  [0.899988, 0.899988, 0.899988, 0.899988, 0.899988, 0.899988, 0.999999, 0.899988, 0.899988]
  Q_MIX: [0.899988, 0.899988, 0.899988, 0.899988, 0.899988, 0.899988, 0.999999, 0.899988, 0.899988]
  MODEL_COUNTS(s,a,*):  [0.000, 0.000, 0.000, 16.846, 0.000, 0.000, 0.000, 0.000, 0.000, 0.000, 0.000, 0.000, 0.000, 0.000, 0.000, 0.000, 0.000, 0.000, 0.000, 0.000, 0.000, 0.000]
  MODEL_REWARDS(s,a,*): [0.000, 0.000, 0.000, 16.846, 0.000, 0.000, 0.000, 0.000, 0.000, 0.000, 0.000, 0.000, 0.000, 0.000, 0.000, 0.000, 0.000, 0.000, 0.000, 0.000, 0.000, 0.000]
----------------------------------------
[DEBUG] Beta=1.0 Phase=addiction Step=863
  State: 3 -> Action: as2 -> Next: 3 (Reward: 0.0)
  Q_MF:  [0.314828, 0.910677, 0.320273, 0.036511, 0.254783, 0.118752, 0.142770, 0.288321, 0.252791]
  Q_MB:  [0.000000, 0.000000, 0.000000, 0.000000, 0.000000, 0.000000, 0.000000, 0.000000, 0.000000]
  Q_MIX: [0.000000, 0.000000, 0.000000, 0.000000, 0.000000, 0.000000, 0.000000, 0.000000, 0.000000]
  MODEL_COUNTS(s,a,*):  [0.000, 0.000, 0.000, 4.528, 0.000, 0.000, 0.000, 0.000, 0.000, 0.000, 0.000, 0.000, 0.000, 0.000, 0.000, 0.000, 0.000, 0.000, 0.000, 0.000, 0.000, 0.000]
  MODEL_REWARDS(s,a,*): [0.000, 0.000, 0.000, 0.000, 0.000, 0.000, 0.000, 0.000, 0.000, 0.000, 0.000, 0.000, 0.000, 0.000, 0.000, 0.000, 0.000, 0.000, 0.000, 0.000, 0.000, 0.000]
----------------------------------------
[DEBUG] Beta=1.0 Phase=addiction Step=864
  State: 3 -> Action: as3 -> Next: 2 (Reward: 0.0)
  Q_MF:  [0.340067, 0.910677, 0.320273, 0.036511, 0.254783, 0.118752, 0.142770, 0.288321, 0.252791]
  Q_MB:  [0.653649, 0.726773, 0.653649, 0.588210, 0.653649, 0.653649, 0.653649, 0.653649, 0.653649]
  Q_MIX: [0.653649, 0.726773, 0.653649, 0.588210, 0.653649, 0.653649, 0.653649, 0.653649, 0.653649]
  MODEL_COUNTS(s,a,*):  [0.000, 0.000, 18.970, 0.540, 0.000, 0.000, 0.000, 0.000, 0.000, 0.000, 0.000, 0.000, 0.000, 0.000, 0.000, 0.000, 0.000, 0.000, 0.000, 0.000, 0.000, 0.000]
  MODEL_REWARDS(s,a,*): [0.000, 0.000, 0.000, 0.000, 0.000, 0.000, 0.000, 0.000, 0.000, 0.000, 0.000, 0.000, 0.000, 0.000, 0.000, 0.000, 0.000, 0.000, 0.000, 0.000, 0.000, 0.000]
----------------------------------------
[DEBUG] Beta=1.0 Phase=addiction Step=865
  State: 2 -> Action: as2 -> Next: 1 (Reward: 0.0)
  Q_MF:  [1.137380, 0.111624, 0.220502, 0.107614, 0.185256, 0.192650, 0.126592, 0.038824, 0.179085]
  Q_MB:  [0.809968, 0.728971, 0.653807, 0.728971, 0.728971, 0.728971, 0.728971, 0.728971, 0.728971]
  Q_MIX: [0.809968, 0.728971, 0.653807, 0.728971, 0.728971, 0.728971, 0.728971, 0.728971, 0.728971]
  MODEL_COUNTS(s,a,*):  [0.000, 17.167, 0.006, 0.000, 0.000, 0.000, 0.000, 0.000, 0.000, 0.000, 0.000, 0.000, 0.000, 0.000, 0.000, 0.000, 0.000, 0.000, 0.000, 0.000, 0.000, 0.000]
  MODEL_REWARDS(s,a,*): [0.000, 0.000, 0.000, 0.000, 0.000, 0.000, 0.000, 0.000, 0.000, 0.000, 0.000, 0.000, 0.000, 0.000, 0.000, 0.000, 0.000, 0.000, 0.000, 0.000, 0.000, 0.000]
----------------------------------------
[DEBUG] Beta=1.0 Phase=addiction Step=866
  State: 1 -> Action: as4 -> Next: 1 (Reward: 0.0)
  Q_MF:  [0.022326, 0.070183, 0.104000, 0.082133, 0.111363, 0.043734, 1.402077, 0.033592, 0.117746]
  Q_MB:  [0.000000, 0.000000, 0.000000, 0.000000, 0.000000, 0.000000, 0.000000, 0.000000, 0.000000]
  Q_MIX: [0.000000, 0.000000, 0.000000, 0.000000, 0.000000, 0.000000, 0.000000, 0.000000, 0.000000]
  MODEL_COUNTS(s,a,*):  [0.000, 1.187, 0.000, 0.000, 0.000, 0.000, 0.000, 0.000, 0.000, 0.000, 0.000, 0.000, 0.000, 0.000, 0.000, 0.000, 0.000, 0.000, 0.000, 0.000, 0.000, 0.000]
  MODEL_REWARDS(s,a,*): [0.000, 0.000, 0.000, 0.000, 0.000, 0.000, 0.000, 0.000, 0.000, 0.000, 0.000, 0.000, 0.000, 0.000, 0.000, 0.000, 0.000, 0.000, 0.000, 0.000, 0.000, 0.000]
----------------------------------------
[DEBUG] Beta=1.0 Phase=addiction Step=867
  State: 1 -> Action: ag -> Next: 0 (Reward: 0.0)
  Q_MF:  [0.022326, 0.070183, 0.161894, 0.082133, 0.111363, 0.043734, 1.402077, 0.033592, 0.117746]
  Q_MB:  [0.000000, 0.000000, 0.000000, 0.000000, 0.000000, 0.000000, 0.000000, 0.000000, 0.000000]
  Q_MIX: [0.000000, 0.000000, 0.000000, 0.000000, 0.000000, 0.000000, 0.000000, 0.000000, 0.000000]
  MODEL_COUNTS(s,a,*):  [16.843, 0.000, 0.000, 0.000, 0.000, 0.000, 0.000, 0.000, 0.000, 0.000, 0.000, 0.000, 0.000, 0.000, 0.000, 0.000, 0.000, 0.000, 0.000, 0.000, 0.000, 0.000]
  MODEL_REWARDS(s,a,*): [0.000, 0.000, 0.000, 0.000, 0.000, 0.000, 0.000, 0.000, 0.000, 0.000, 0.000, 0.000, 0.000, 0.000, 0.000, 0.000, 0.000, 0.000, 0.000, 0.000, 0.000, 0.000]
----------------------------------------
[DEBUG] Beta=1.0 Phase=addiction Step=868
  State: 0 -> Action: ag -> Next: 3 (Reward: 1.0)
  Q_MF:  [0.038522, 0.052804, 0.183487, 0.039484, 0.105203, 0.159042, 1.697966, 0.074707, 0.117681]
  Q_MB:  [1.488227, 1.488227, 1.488227, 1.488227, 1.488227, 1.488227, 1.653585, 1.488227, 1.488227]
  Q_MIX: [1.488227, 1.488227, 1.488227, 1.488227, 1.488227, 1.488227, 1.653585, 1.488227, 1.488227]
  MODEL_COUNTS(s,a,*):  [0.000, 0.000, 0.000, 16.860, 0.000, 0.000, 0.000, 0.000, 0.000, 0.000, 0.000, 0.000, 0.000, 0.000, 0.000, 0.000, 0.000, 0.000, 0.000, 0.000, 0.000, 0.000]
  MODEL_REWARDS(s,a,*): [0.000, 0.000, 0.000, 16.860, 0.000, 0.000, 0.000, 0.000, 0.000, 0.000, 0.000, 0.000, 0.000, 0.000, 0.000, 0.000, 0.000, 0.000, 0.000, 0.000, 0.000, 0.000]
----------------------------------------
[DEBUG] Beta=1.0 Phase=addiction Step=869
  State: 3 -> Action: as3 -> Next: 2 (Reward: 0.0)
  Q_MF:  [0.340067, 0.916325, 0.320273, 0.036511, 0.254783, 0.118752, 0.142770, 0.288321, 0.252791]
  Q_MB:  [0.637709, 0.726224, 0.637709, 0.000093, 0.637709, 0.637709, 0.637709, 0.637709, 0.637709]
  Q_MIX: [0.637709, 0.726224, 0.637709, 0.000093, 0.637709, 0.637709, 0.637709, 0.637709, 0.637709]
  MODEL_COUNTS(s,a,*):  [0.000, 0.000, 19.040, 0.514, 0.000, 0.000, 0.000, 0.000, 0.000, 0.000, 0.000, 0.000, 0.000, 0.000, 0.000, 0.000, 0.000, 0.000, 0.000, 0.000, 0.000, 0.000]
  MODEL_REWARDS(s,a,*): [0.000, 0.000, 0.000, 0.000, 0.000, 0.000, 0.000, 0.000, 0.000, 0.000, 0.000, 0.000, 0.000, 0.000, 0.000, 0.000, 0.000, 0.000, 0.000, 0.000, 0.000, 0.000]
----------------------------------------
[DEBUG] Beta=1.0 Phase=addiction Step=870
  State: 2 -> Action: as7 -> Next: 2 (Reward: 0.0)
  Q_MF:  [1.143605, 0.111624, 0.220502, 0.107614, 0.185256, 0.192650, 0.126592, 0.038824, 0.179085]
  Q_MB:  [0.000000, 0.000000, 0.000000, 0.000000, 0.000000, 0.000000, 0.000000, 0.000000, 0.000000]
  Q_MIX: [0.000000, 0.000000, 0.000000, 0.000000, 0.000000, 0.000000, 0.000000, 0.000000, 0.000000]
  MODEL_COUNTS(s,a,*):  [0.000, 0.000, 1.695, 0.000, 0.000, 0.000, 0.000, 0.000, 0.000, 0.000, 0.000, 0.000, 0.000, 0.000, 0.000, 0.000, 0.000, 0.000, 0.000, 0.000, 0.000, 0.000]
  MODEL_REWARDS(s,a,*): [0.000, 0.000, 0.000, 0.000, 0.000, 0.000, 0.000, 0.000, 0.000, 0.000, 0.000, 0.000, 0.000, 0.000, 0.000, 0.000, 0.000, 0.000, 0.000, 0.000, 0.000, 0.000]
----------------------------------------
[DEBUG] Beta=1.0 Phase=addiction Step=871
  State: 2 -> Action: as5 -> Next: 2 (Reward: 0.0)
  Q_MF:  [1.143605, 0.111624, 0.220502, 0.107614, 0.185256, 0.234479, 0.126592, 0.038824, 0.179085]
  Q_MB:  [0.000000, 0.000000, 0.000000, 0.000000, 0.000000, 0.000000, 0.000000, 0.000000, 0.000000]
  Q_MIX: [0.000000, 0.000000, 0.000000, 0.000000, 0.000000, 0.000000, 0.000000, 0.000000, 0.000000]
  MODEL_COUNTS(s,a,*):  [0.000, 0.000, 1.065, 0.000, 0.000, 0.000, 0.000, 0.000, 0.000, 0.000, 0.000, 0.000, 0.000, 0.000, 0.000, 0.000, 0.000, 0.000, 0.000, 0.000, 0.000, 0.000]
  MODEL_REWARDS(s,a,*): [0.000, 0.000, 0.000, 0.000, 0.000, 0.000, 0.000, 0.000, 0.000, 0.000, 0.000, 0.000, 0.000, 0.000, 0.000, 0.000, 0.000, 0.000, 0.000, 0.000, 0.000, 0.000]
----------------------------------------
[DEBUG] Beta=1.0 Phase=addiction Step=872
  State: 2 -> Action: as2 -> Next: 1 (Reward: 0.0)
  Q_MF:  [1.143605, 0.111624, 0.220502, 0.153695, 0.185256, 0.234479, 0.126592, 0.038824, 0.179085]
  Q_MB:  [0.809970, 0.728973, 0.638846, 0.728973, 0.728973, 0.728973, 0.728973, 0.728973, 0.728973]
  Q_MIX: [0.809970, 0.728973, 0.638846, 0.728973, 0.728973, 0.728973, 0.728973, 0.728973, 0.728973]
  MODEL_COUNTS(s,a,*):  [0.000, 17.000, 0.006, 0.000, 0.000, 0.000, 0.000, 0.000, 0.000, 0.000, 0.000, 0.000, 0.000, 0.000, 0.000, 0.000, 0.000, 0.000, 0.000, 0.000, 0.000, 0.000]
  MODEL_REWARDS(s,a,*): [0.000, 0.000, 0.000, 0.000, 0.000, 0.000, 0.000, 0.000, 0.000, 0.000, 0.000, 0.000, 0.000, 0.000, 0.000, 0.000, 0.000, 0.000, 0.000, 0.000, 0.000, 0.000]
----------------------------------------
[DEBUG] Beta=1.0 Phase=addiction Step=873
  State: 1 -> Action: ag -> Next: 0 (Reward: 0.0)
  Q_MF:  [0.022326, 0.070183, 0.161894, 0.082133, 0.111363, 0.043734, 1.408382, 0.033592, 0.117746]
  Q_MB:  [0.809998, 0.729064, 0.809998, 0.809998, 0.809998, 0.809998, 0.899998, 0.809998, 0.809998]
  Q_MIX: [0.809998, 0.729064, 0.809998, 0.809998, 0.809998, 0.809998, 0.899998, 0.809998, 0.809998]
  MODEL_COUNTS(s,a,*):  [16.857, 0.000, 0.000, 0.000, 0.000, 0.000, 0.000, 0.000, 0.000, 0.000, 0.000, 0.000, 0.000, 0.000, 0.000, 0.000, 0.000, 0.000, 0.000, 0.000, 0.000, 0.000]
  MODEL_REWARDS(s,a,*): [0.000, 0.000, 0.000, 0.000, 0.000, 0.000, 0.000, 0.000, 0.000, 0.000, 0.000, 0.000, 0.000, 0.000, 0.000, 0.000, 0.000, 0.000, 0.000, 0.000, 0.000, 0.000]
----------------------------------------
[DEBUG] Beta=1.0 Phase=addiction Step=874
  State: 0 -> Action: ag -> Next: 3 (Reward: 1.0)
  Q_MF:  [0.038522, 0.052804, 0.183487, 0.039484, 0.105203, 0.159042, 1.704302, 0.074707, 0.117681]
  Q_MB:  [0.899999, 0.899999, 0.899999, 0.899999, 0.899999, 0.899999, 0.999999, 0.899999, 0.899999]
  Q_MIX: [0.899999, 0.899999, 0.899999, 0.899999, 0.899999, 0.899999, 0.999999, 0.899999, 0.899999]
  MODEL_COUNTS(s,a,*):  [0.000, 0.000, 0.000, 16.873, 0.000, 0.000, 0.000, 0.000, 0.000, 0.000, 0.000, 0.000, 0.000, 0.000, 0.000, 0.000, 0.000, 0.000, 0.000, 0.000, 0.000, 0.000]
  MODEL_REWARDS(s,a,*): [0.000, 0.000, 0.000, 16.873, 0.000, 0.000, 0.000, 0.000, 0.000, 0.000, 0.000, 0.000, 0.000, 0.000, 0.000, 0.000, 0.000, 0.000, 0.000, 0.000, 0.000, 0.000]
----------------------------------------
[DEBUG] Beta=1.0 Phase=addiction Step=875
  State: 3 -> Action: as3 -> Next: 2 (Reward: 0.0)
  Q_MF:  [0.340067, 0.921971, 0.320273, 0.036511, 0.254783, 0.118752, 0.142770, 0.288321, 0.252791]
  Q_MB:  [0.000000, 0.709821, 0.000000, 0.000000, 0.000000, 0.000000, 0.000000, 0.000000, 0.000000]
  Q_MIX: [0.000000, 0.709821, 0.000000, 0.000000, 0.000000, 0.000000, 0.000000, 0.000000, 0.000000]
  MODEL_COUNTS(s,a,*):  [0.000, 0.000, 18.926, 0.484, 0.000, 0.000, 0.000, 0.000, 0.000, 0.000, 0.000, 0.000, 0.000, 0.000, 0.000, 0.000, 0.000, 0.000, 0.000, 0.000, 0.000, 0.000]
  MODEL_REWARDS(s,a,*): [0.000, 0.000, 0.000, 0.000, 0.000, 0.000, 0.000, 0.000, 0.000, 0.000, 0.000, 0.000, 0.000, 0.000, 0.000, 0.000, 0.000, 0.000, 0.000, 0.000, 0.000, 0.000]
----------------------------------------
[DEBUG] Beta=1.0 Phase=addiction Step=876
  State: 2 -> Action: as2 -> Next: 1 (Reward: 0.0)
  Q_MF:  [1.149802, 0.111624, 0.220502, 0.153695, 0.185256, 0.234479, 0.126592, 0.038824, 0.179085]
  Q_MB:  [1.328117, 1.195168, 0.639776, 1.195168, 1.195168, 1.195168, 1.195168, 1.195168, 1.195168]
  Q_MIX: [1.328117, 1.195168, 0.639776, 1.195168, 1.195168, 1.195168, 1.195168, 1.195168, 1.195168]
  MODEL_COUNTS(s,a,*):  [0.000, 17.331, 0.005, 0.000, 0.000, 0.000, 0.000, 0.000, 0.000, 0.000, 0.000, 0.000, 0.000, 0.000, 0.000, 0.000, 0.000, 0.000, 0.000, 0.000, 0.000, 0.000]
  MODEL_REWARDS(s,a,*): [0.000, 0.000, 0.000, 0.000, 0.000, 0.000, 0.000, 0.000, 0.000, 0.000, 0.000, 0.000, 0.000, 0.000, 0.000, 0.000, 0.000, 0.000, 0.000, 0.000, 0.000, 0.000]
----------------------------------------
[DEBUG] Beta=1.0 Phase=addiction Step=877
  State: 1 -> Action: ag -> Next: 0 (Reward: 0.0)
  Q_MF:  [0.022326, 0.070183, 0.161894, 0.082133, 0.111363, 0.043734, 1.414656, 0.033592, 0.117746]
  Q_MB:  [0.000000, 0.000000, 0.000000, 0.000000, 0.000000, 0.000000, 0.899989, 0.000000, 0.000000]
  Q_MIX: [0.000000, 0.000000, 0.000000, 0.000000, 0.000000, 0.000000, 0.899989, 0.000000, 0.000000]
  MODEL_COUNTS(s,a,*):  [17.193, 0.000, 0.000, 0.000, 0.000, 0.000, 0.000, 0.000, 0.000, 0.000, 0.000, 0.000, 0.000, 0.000, 0.000, 0.000, 0.000, 0.000, 0.000, 0.000, 0.000, 0.000]
  MODEL_REWARDS(s,a,*): [0.000, 0.000, 0.000, 0.000, 0.000, 0.000, 0.000, 0.000, 0.000, 0.000, 0.000, 0.000, 0.000, 0.000, 0.000, 0.000, 0.000, 0.000, 0.000, 0.000, 0.000, 0.000]
----------------------------------------
[DEBUG] Beta=1.0 Phase=addiction Step=878
  State: 0 -> Action: ag -> Next: 3 (Reward: 1.0)
  Q_MF:  [0.038522, 0.052804, 0.183487, 0.039484, 0.105203, 0.159042, 1.710576, 0.074707, 0.117681]
  Q_MB:  [0.000000, 0.000000, 0.000000, 0.000000, 0.000000, 0.000000, 0.999989, 0.000000, 0.000000]
  Q_MIX: [0.000000, 0.000000, 0.000000, 0.000000, 0.000000, 0.000000, 0.999989, 0.000000, 0.000000]
  MODEL_COUNTS(s,a,*):  [0.000, 0.000, 0.000, 17.208, 0.000, 0.000, 0.000, 0.000, 0.000, 0.000, 0.000, 0.000, 0.000, 0.000, 0.000, 0.000, 0.000, 0.000, 0.000, 0.000, 0.000, 0.000]
  MODEL_REWARDS(s,a,*): [0.000, 0.000, 0.000, 17.208, 0.000, 0.000, 0.000, 0.000, 0.000, 0.000, 0.000, 0.000, 0.000, 0.000, 0.000, 0.000, 0.000, 0.000, 0.000, 0.000, 0.000, 0.000]
----------------------------------------
[DEBUG] Beta=1.0 Phase=addiction Step=879
  State: 3 -> Action: as3 -> Next: 2 (Reward: 0.0)
  Q_MF:  [0.340067, 0.927614, 0.320273, 0.036511, 0.254783, 0.118752, 0.142770, 0.288321, 0.252791]
  Q_MB:  [0.639728, 0.726752, 0.639728, 0.000094, 0.639728, 0.639728, 0.639728, 0.639728, 0.639728]
  Q_MIX: [0.639728, 0.726752, 0.639728, 0.000094, 0.639728, 0.639728, 0.639728, 0.639728, 0.639728]
  MODEL_COUNTS(s,a,*):  [0.000, 0.000, 19.180, 0.465, 0.000, 0.000, 0.000, 0.000, 0.000, 0.000, 0.000, 0.000, 0.000, 0.000, 0.000, 0.000, 0.000, 0.000, 0.000, 0.000, 0.000, 0.000]
  MODEL_REWARDS(s,a,*): [0.000, 0.000, 0.000, 0.000, 0.000, 0.000, 0.000, 0.000, 0.000, 0.000, 0.000, 0.000, 0.000, 0.000, 0.000, 0.000, 0.000, 0.000, 0.000, 0.000, 0.000, 0.000]
----------------------------------------
[DEBUG] Beta=1.0 Phase=addiction Step=880
  State: 2 -> Action: as2 -> Next: 1 (Reward: 0.0)
  Q_MF:  [1.155971, 0.111624, 0.220502, 0.153695, 0.185256, 0.234479, 0.126592, 0.038824, 0.179085]
  Q_MB:  [0.809973, 0.728774, 0.640391, 0.728774, 0.728774, 0.728774, 0.728774, 0.728774, 0.728774]
  Q_MIX: [0.809973, 0.728774, 0.640391, 0.728774, 0.728774, 0.728774, 0.728774, 0.728774, 0.728774]
  MODEL_COUNTS(s,a,*):  [0.000, 17.648, 0.005, 0.000, 0.000, 0.000, 0.000, 0.000, 0.000, 0.000, 0.000, 0.000, 0.000, 0.000, 0.000, 0.000, 0.000, 0.000, 0.000, 0.000, 0.000, 0.000]
  MODEL_REWARDS(s,a,*): [0.000, 0.000, 0.000, 0.000, 0.000, 0.000, 0.000, 0.000, 0.000, 0.000, 0.000, 0.000, 0.000, 0.000, 0.000, 0.000, 0.000, 0.000, 0.000, 0.000, 0.000, 0.000]
----------------------------------------
[DEBUG] Beta=1.0 Phase=addiction Step=881
  State: 1 -> Action: ag -> Next: 0 (Reward: 0.0)
  Q_MF:  [0.022326, 0.070183, 0.161894, 0.082133, 0.111363, 0.043734, 1.420899, 0.033592, 0.117746]
  Q_MB:  [0.809991, 0.729060, 0.809991, 0.809991, 0.809991, 0.809991, 0.899990, 0.809991, 0.809991]
  Q_MIX: [0.809991, 0.729060, 0.809991, 0.809991, 0.809991, 0.809991, 0.899990, 0.809991, 0.809991]
  MODEL_COUNTS(s,a,*):  [17.515, 0.000, 0.000, 0.000, 0.000, 0.000, 0.000, 0.000, 0.000, 0.000, 0.000, 0.000, 0.000, 0.000, 0.000, 0.000, 0.000, 0.000, 0.000, 0.000, 0.000, 0.000]
  MODEL_REWARDS(s,a,*): [0.000, 0.000, 0.000, 0.000, 0.000, 0.000, 0.000, 0.000, 0.000, 0.000, 0.000, 0.000, 0.000, 0.000, 0.000, 0.000, 0.000, 0.000, 0.000, 0.000, 0.000, 0.000]
----------------------------------------
[DEBUG] Beta=1.0 Phase=addiction Step=882
  State: 0 -> Action: ag -> Next: 3 (Reward: 1.0)
  Q_MF:  [0.038522, 0.052804, 0.183487, 0.039484, 0.105203, 0.159042, 1.716790, 0.074707, 0.117681]
  Q_MB:  [0.899999, 0.899999, 0.899999, 0.899999, 0.899999, 0.899999, 0.999999, 0.899999, 0.899999]
  Q_MIX: [0.899999, 0.899999, 0.899999, 0.899999, 0.899999, 0.899999, 0.999999, 0.899999, 0.899999]
  MODEL_COUNTS(s,a,*):  [0.000, 0.000, 0.000, 17.530, 0.000, 0.000, 0.000, 0.000, 0.000, 0.000, 0.000, 0.000, 0.000, 0.000, 0.000, 0.000, 0.000, 0.000, 0.000, 0.000, 0.000, 0.000]
  MODEL_REWARDS(s,a,*): [0.000, 0.000, 0.000, 17.530, 0.000, 0.000, 0.000, 0.000, 0.000, 0.000, 0.000, 0.000, 0.000, 0.000, 0.000, 0.000, 0.000, 0.000, 0.000, 0.000, 0.000, 0.000]
----------------------------------------
[DEBUG] Beta=1.0 Phase=addiction Step=883
  State: 3 -> Action: as4 -> Next: 3 (Reward: 0.0)
  Q_MF:  [0.340067, 0.933252, 0.320273, 0.036511, 0.254783, 0.118752, 0.142770, 0.288321, 0.252791]
  Q_MB:  [0.000000, 0.000000, 0.000000, 0.000000, 0.000000, 0.000000, 0.000000, 0.000000, 0.000000]
  Q_MIX: [0.000000, 0.000000, 0.000000, 0.000000, 0.000000, 0.000000, 0.000000, 0.000000, 0.000000]
  MODEL_COUNTS(s,a,*):  [0.000, 0.000, 0.000, 3.815, 0.000, 0.000, 0.000, 0.000, 0.000, 0.000, 0.000, 0.000, 0.000, 0.000, 0.000, 0.000, 0.000, 0.000, 0.000, 0.000, 0.000, 0.000]
  MODEL_REWARDS(s,a,*): [0.000, 0.000, 0.000, 0.000, 0.000, 0.000, 0.000, 0.000, 0.000, 0.000, 0.000, 0.000, 0.000, 0.000, 0.000, 0.000, 0.000, 0.000, 0.000, 0.000, 0.000, 0.000]
----------------------------------------
[DEBUG] Beta=1.0 Phase=addiction Step=884
  State: 3 -> Action: as3 -> Next: 2 (Reward: 0.0)
  Q_MF:  [0.340067, 0.933252, 0.346255, 0.036511, 0.254783, 0.118752, 0.142770, 0.288321, 0.252791]
  Q_MB:  [0.640383, 0.726869, 0.640383, 0.576272, 0.640383, 0.640383, 0.640383, 0.640383, 0.640383]
  Q_MIX: [0.640383, 0.726869, 0.640383, 0.576272, 0.640383, 0.640383, 0.640383, 0.640383, 0.640383]
  MODEL_COUNTS(s,a,*):  [0.000, 0.000, 19.240, 0.442, 0.000, 0.000, 0.000, 0.000, 0.000, 0.000, 0.000, 0.000, 0.000, 0.000, 0.000, 0.000, 0.000, 0.000, 0.000, 0.000, 0.000, 0.000]
  MODEL_REWARDS(s,a,*): [0.000, 0.000, 0.000, 0.000, 0.000, 0.000, 0.000, 0.000, 0.000, 0.000, 0.000, 0.000, 0.000, 0.000, 0.000, 0.000, 0.000, 0.000, 0.000, 0.000, 0.000, 0.000]
----------------------------------------
[DEBUG] Beta=1.0 Phase=addiction Step=885
  State: 2 -> Action: ad -> Next: 2 (Reward: 0.0)
  Q_MF:  [1.162113, 0.111624, 0.220502, 0.153695, 0.185256, 0.234479, 0.126592, 0.038824, 0.179085]
  Q_MB:  [0.809756, 0.000000, 0.000000, 0.000000, 0.000000, 0.000000, 0.000000, 0.000000, 0.000000]
  Q_MIX: [0.809756, 0.000000, 0.000000, 0.000000, 0.000000, 0.000000, 0.000000, 0.000000, 0.000000]
  MODEL_COUNTS(s,a,*):  [0.000, 0.000, 1.020, 0.000, 0.000, 0.000, 0.000, 0.000, 0.000, 0.000, 0.000, 0.000, 0.000, 0.000, 0.000, 0.000, 0.000, 0.000, 0.000, 0.000, 0.000, 0.000]
  MODEL_REWARDS(s,a,*): [0.000, 0.000, 0.000, 0.000, 0.000, 0.000, 0.000, 0.000, 0.000, 0.000, 0.000, 0.000, 0.000, 0.000, 0.000, 0.000, 0.000, 0.000, 0.000, 0.000, 0.000, 0.000]
----------------------------------------
[DEBUG] Beta=1.0 Phase=addiction Step=886
  State: 2 -> Action: as2 -> Next: 1 (Reward: 0.0)
  Q_MF:  [1.162113, 0.111624, 0.220502, 0.153695, 0.185256, 0.234479, 0.126592, 0.089177, 0.179085]
  Q_MB:  [1.340013, 1.205887, 1.074168, 1.205887, 1.205887, 1.205887, 1.205887, 1.205887, 1.205887]
  Q_MIX: [1.340013, 1.205887, 1.074168, 1.205887, 1.205887, 1.205887, 1.205887, 1.205887, 1.205887]
  MODEL_COUNTS(s,a,*):  [0.000, 17.615, 0.005, 0.000, 0.000, 0.000, 0.000, 0.000, 0.000, 0.000, 0.000, 0.000, 0.000, 0.000, 0.000, 0.000, 0.000, 0.000, 0.000, 0.000, 0.000, 0.000]
  MODEL_REWARDS(s,a,*): [0.000, 0.000, 0.000, 0.000, 0.000, 0.000, 0.000, 0.000, 0.000, 0.000, 0.000, 0.000, 0.000, 0.000, 0.000, 0.000, 0.000, 0.000, 0.000, 0.000, 0.000, 0.000]
----------------------------------------
[DEBUG] Beta=1.0 Phase=addiction Step=887
  State: 1 -> Action: ag -> Next: 0 (Reward: 0.0)
  Q_MF:  [0.022326, 0.070183, 0.161894, 0.082133, 0.111363, 0.043734, 1.427110, 0.033592, 0.117746]
  Q_MB:  [0.809984, 0.728875, 0.809984, 0.809984, 0.809984, 0.809984, 0.899998, 0.809984, 0.809984]
  Q_MIX: [0.809984, 0.728875, 0.809984, 0.809984, 0.809984, 0.809984, 0.899998, 0.809984, 0.809984]
  MODEL_COUNTS(s,a,*):  [17.490, 0.000, 0.000, 0.000, 0.000, 0.000, 0.000, 0.000, 0.000, 0.000, 0.000, 0.000, 0.000, 0.000, 0.000, 0.000, 0.000, 0.000, 0.000, 0.000, 0.000, 0.000]
  MODEL_REWARDS(s,a,*): [0.000, 0.000, 0.000, 0.000, 0.000, 0.000, 0.000, 0.000, 0.000, 0.000, 0.000, 0.000, 0.000, 0.000, 0.000, 0.000, 0.000, 0.000, 0.000, 0.000, 0.000, 0.000]
----------------------------------------
[DEBUG] Beta=1.0 Phase=addiction Step=888
  State: 0 -> Action: as5 -> Next: 0 (Reward: 0.0)
  Q_MF:  [0.038522, 0.052804, 0.183487, 0.039484, 0.105203, 0.159042, 1.722947, 0.074707, 0.117681]
  Q_MB:  [0.899999, 0.899999, 0.899999, 0.899999, 0.899999, 0.899999, 1.641174, 0.899999, 0.899999]
  Q_MIX: [0.899999, 0.899999, 0.899999, 0.899999, 0.899999, 0.899999, 1.641174, 0.899999, 0.899999]
  MODEL_COUNTS(s,a,*):  [1.002, 0.000, 0.000, 0.000, 0.000, 0.000, 0.000, 0.000, 0.000, 0.000, 0.000, 0.000, 0.000, 0.000, 0.000, 0.000, 0.000, 0.000, 0.000, 0.000, 0.000, 0.000]
  MODEL_REWARDS(s,a,*): [0.000, 0.000, 0.000, 0.000, 0.000, 0.000, 0.000, 0.000, 0.000, 0.000, 0.000, 0.000, 0.000, 0.000, 0.000, 0.000, 0.000, 0.000, 0.000, 0.000, 0.000, 0.000]
----------------------------------------
[DEBUG] Beta=1.0 Phase=addiction Step=889
  State: 0 -> Action: ag -> Next: 3 (Reward: 1.0)
  Q_MF:  [0.038522, 0.052804, 0.183487, 0.115043, 0.105203, 0.159042, 1.722947, 0.074707, 0.117681]
  Q_MB:  [0.899999, 0.899999, 0.899999, 0.899999, 0.899999, 0.899999, 1.641174, 0.899999, 0.899999]
  Q_MIX: [0.899999, 0.899999, 0.899999, 0.899999, 0.899999, 0.899999, 1.641174, 0.899999, 0.899999]
  MODEL_COUNTS(s,a,*):  [0.000, 0.000, 0.000, 17.339, 0.000, 0.000, 0.000, 0.000, 0.000, 0.000, 0.000, 0.000, 0.000, 0.000, 0.000, 0.000, 0.000, 0.000, 0.000, 0.000, 0.000, 0.000]
  MODEL_REWARDS(s,a,*): [0.000, 0.000, 0.000, 17.339, 0.000, 0.000, 0.000, 0.000, 0.000, 0.000, 0.000, 0.000, 0.000, 0.000, 0.000, 0.000, 0.000, 0.000, 0.000, 0.000, 0.000, 0.000]
----------------------------------------
[DEBUG] Beta=1.0 Phase=addiction Step=890
  State: 3 -> Action: as5 -> Next: 4 (Reward: 0.0)
  Q_MF:  [0.340067, 0.938884, 0.346255, 0.036511, 0.254783, 0.118752, 0.142770, 0.288321, 0.252791]
  Q_MB:  [0.000000, 0.000000, 0.000000, 0.000000, 0.000000, 0.000000, 0.000000, 0.000000, 0.000000]
  Q_MIX: [0.000000, 0.000000, 0.000000, 0.000000, 0.000000, 0.000000, 0.000000, 0.000000, 0.000000]
  MODEL_COUNTS(s,a,*):  [0.000, 0.000, 0.000, 0.000, 2.078, 0.000, 0.000, 0.000, 0.000, 0.000, 0.000, 0.000, 0.000, 0.000, 0.000, 0.000, 0.000, 0.000, 0.000, 0.000, 0.000, 0.000]
  MODEL_REWARDS(s,a,*): [0.000, 0.000, 0.000, 0.000, 0.000, 0.000, 0.000, 0.000, 0.000, 0.000, 0.000, 0.000, 0.000, 0.000, 0.000, 0.000, 0.000, 0.000, 0.000, 0.000, 0.000, 0.000]
----------------------------------------
[DEBUG] Beta=1.0 Phase=addiction Step=891
  State: 4 -> Action: as5 -> Next: 4 (Reward: 0.0)
  Q_MF:  [0.007405, 0.011802, 0.218252, 0.006534, 0.000000, 0.000000, 0.018081, 0.006052, 0.011802]
  Q_MB:  [0.000000, 0.000000, 0.000000, 0.000000, 0.000000, 0.000000, 0.000000, 0.000000, 0.000000]
  Q_MIX: [0.000000, 0.000000, 0.000000, 0.000000, 0.000000, 0.000000, 0.000000, 0.000000, 0.000000]
  MODEL_COUNTS(s,a,*):  [0.000, 0.000, 0.000, 0.000, 1.172, 0.000, 0.000, 0.000, 0.000, 0.000, 0.000, 0.000, 0.000, 0.000, 0.000, 0.000, 0.000, 0.000, 0.000, 0.000, 0.000, 0.000]
  MODEL_REWARDS(s,a,*): [0.000, 0.000, 0.000, 0.000, 0.000, 0.000, 0.000, 0.000, 0.000, 0.000, 0.000, 0.000, 0.000, 0.000, 0.000, 0.000, 0.000, 0.000, 0.000, 0.000, 0.000, 0.000]
----------------------------------------
[DEBUG] Beta=1.0 Phase=addiction Step=892
  State: 4 -> Action: as4 -> Next: 3 (Reward: 0.0)
  Q_MF:  [0.007405, 0.011802, 0.218252, 0.016028, 0.000000, 0.000000, 0.018081, 0.006052, 0.011802]
  Q_MB:  [0.577124, 0.577124, 0.641331, 0.577124, 0.042647, 0.577124, 0.577124, 0.577124, 0.577124]
  Q_MIX: [0.577124, 0.577124, 0.641331, 0.577124, 0.042647, 0.577124, 0.577124, 0.577124, 0.577124]
  MODEL_COUNTS(s,a,*):  [0.000, 0.000, 0.000, 2.084, 0.000, 0.000, 0.000, 0.000, 0.000, 0.000, 0.000, 0.000, 0.000, 0.000, 0.000, 0.000, 0.000, 0.000, 0.000, 0.000, 0.000, 0.000]
  MODEL_REWARDS(s,a,*): [0.000, 0.000, 0.000, 0.000, 0.000, 0.000, 0.000, 0.000, 0.000, 0.000, 0.000, 0.000, 0.000, 0.000, 0.000, 0.000, 0.000, 0.000, 0.000, 0.000, 0.000, 0.000]
----------------------------------------
[DEBUG] Beta=1.0 Phase=addiction Step=893
  State: 3 -> Action: as2 -> Next: 3 (Reward: 0.0)
  Q_MF:  [0.340067, 0.938884, 0.346255, 0.044507, 0.254783, 0.118752, 0.142770, 0.288321, 0.252791]
  Q_MB:  [0.000000, 0.000000, 0.000000, 0.000000, 0.000000, 0.000000, 0.000000, 0.000000, 0.000000]
  Q_MIX: [0.000000, 0.000000, 0.000000, 0.000000, 0.000000, 0.000000, 0.000000, 0.000000, 0.000000]
  MODEL_COUNTS(s,a,*):  [0.000, 0.000, 0.000, 4.349, 0.000, 0.000, 0.000, 0.000, 0.000, 0.000, 0.000, 0.000, 0.000, 0.000, 0.000, 0.000, 0.000, 0.000, 0.000, 0.000, 0.000, 0.000]
  MODEL_REWARDS(s,a,*): [0.000, 0.000, 0.000, 0.000, 0.000, 0.000, 0.000, 0.000, 0.000, 0.000, 0.000, 0.000, 0.000, 0.000, 0.000, 0.000, 0.000, 0.000, 0.000, 0.000, 0.000, 0.000]
----------------------------------------
[DEBUG] Beta=1.0 Phase=addiction Step=894
  State: 3 -> Action: as7 -> Next: 3 (Reward: 0.0)
  Q_MF:  [0.365313, 0.938884, 0.346255, 0.044507, 0.254783, 0.118752, 0.142770, 0.288321, 0.252791]
  Q_MB:  [0.000000, 0.000000, 0.000000, 0.000000, 0.000000, 0.000000, 0.000000, 0.000000, 0.000000]
  Q_MIX: [0.000000, 0.000000, 0.000000, 0.000000, 0.000000, 0.000000, 0.000000, 0.000000, 0.000000]
  MODEL_COUNTS(s,a,*):  [0.000, 0.000, 0.000, 1.460, 0.000, 0.000, 0.000, 0.000, 0.000, 0.000, 0.000, 0.000, 0.000, 0.000, 0.000, 0.000, 0.000, 0.000, 0.000, 0.000, 0.000, 0.000]
  MODEL_REWARDS(s,a,*): [0.000, 0.000, 0.000, 0.000, 0.000, 0.000, 0.000, 0.000, 0.000, 0.000, 0.000, 0.000, 0.000, 0.000, 0.000, 0.000, 0.000, 0.000, 0.000, 0.000, 0.000, 0.000]
----------------------------------------
[DEBUG] Beta=1.0 Phase=addiction Step=895
  State: 3 -> Action: as4 -> Next: 3 (Reward: 0.0)
  Q_MF:  [0.365313, 0.938884, 0.346255, 0.044507, 0.254783, 0.155064, 0.142770, 0.288321, 0.252791]
  Q_MB:  [0.000000, 0.000000, 0.000000, 0.000000, 0.000000, 0.000000, 0.000000, 0.000000, 0.000000]
  Q_MIX: [0.000000, 0.000000, 0.000000, 0.000000, 0.000000, 0.000000, 0.000000, 0.000000, 0.000000]
  MODEL_COUNTS(s,a,*):  [0.000, 0.000, 0.000, 4.382, 0.000, 0.000, 0.000, 0.000, 0.000, 0.000, 0.000, 0.000, 0.000, 0.000, 0.000, 0.000, 0.000, 0.000, 0.000, 0.000, 0.000, 0.000]
  MODEL_REWARDS(s,a,*): [0.000, 0.000, 0.000, 0.000, 0.000, 0.000, 0.000, 0.000, 0.000, 0.000, 0.000, 0.000, 0.000, 0.000, 0.000, 0.000, 0.000, 0.000, 0.000, 0.000, 0.000, 0.000]
----------------------------------------
[DEBUG] Beta=1.0 Phase=addiction Step=896
  State: 3 -> Action: ag -> Next: 3 (Reward: 0.0)
  Q_MF:  [0.365313, 0.938884, 0.371192, 0.044507, 0.254783, 0.155064, 0.142770, 0.288321, 0.252791]
  Q_MB:  [0.000000, 0.000000, 0.000000, 0.000000, 0.000000, 0.000000, 0.000000, 0.000000, 0.000000]
  Q_MIX: [0.000000, 0.000000, 0.000000, 0.000000, 0.000000, 0.000000, 0.000000, 0.000000, 0.000000]
  MODEL_COUNTS(s,a,*):  [0.000, 0.000, 0.000, 1.454, 0.000, 0.000, 0.000, 0.000, 0.000, 0.000, 0.000, 0.000, 0.000, 0.000, 0.000, 0.000, 0.000, 0.000, 0.000, 0.000, 0.000, 0.000]
  MODEL_REWARDS(s,a,*): [0.000, 0.000, 0.000, 0.000, 0.000, 0.000, 0.000, 0.000, 0.000, 0.000, 0.000, 0.000, 0.000, 0.000, 0.000, 0.000, 0.000, 0.000, 0.000, 0.000, 0.000, 0.000]
----------------------------------------
[DEBUG] Beta=1.0 Phase=addiction Step=897
  State: 3 -> Action: as3 -> Next: 2 (Reward: 0.0)
  Q_MF:  [0.365313, 0.938884, 0.371192, 0.044507, 0.254783, 0.155064, 0.177881, 0.288321, 0.252791]
  Q_MB:  [0.641346, 0.727005, 0.641346, 0.577173, 0.641346, 0.641346, 0.641346, 0.641346, 0.641346]
  Q_MIX: [0.641346, 0.727005, 0.641346, 0.577173, 0.641346, 0.641346, 0.641346, 0.641346, 0.641346]
  MODEL_COUNTS(s,a,*):  [0.000, 0.000, 17.884, 0.388, 0.000, 0.000, 0.000, 0.000, 0.000, 0.000, 0.000, 0.000, 0.000, 0.000, 0.000, 0.000, 0.000, 0.000, 0.000, 0.000, 0.000, 0.000]
  MODEL_REWARDS(s,a,*): [0.000, 0.000, 0.000, 0.000, 0.000, 0.000, 0.000, 0.000, 0.000, 0.000, 0.000, 0.000, 0.000, 0.000, 0.000, 0.000, 0.000, 0.000, 0.000, 0.000, 0.000, 0.000]
----------------------------------------
[DEBUG] Beta=1.0 Phase=addiction Step=898
  State: 2 -> Action: as2 -> Next: 1 (Reward: 0.0)
  Q_MF:  [1.168227, 0.111624, 0.220502, 0.153695, 0.185256, 0.234479, 0.126592, 0.089177, 0.179085]
  Q_MB:  [0.809976, 0.728799, 0.654268, 0.728799, 0.728799, 0.728799, 0.728799, 0.728799, 0.728799]
  Q_MIX: [0.809976, 0.728799, 0.654268, 0.728799, 0.728799, 0.728799, 0.728799, 0.728799, 0.728799]
  MODEL_COUNTS(s,a,*):  [0.000, 16.614, 0.004, 0.000, 0.000, 0.000, 0.000, 0.000, 0.000, 0.000, 0.000, 0.000, 0.000, 0.000, 0.000, 0.000, 0.000, 0.000, 0.000, 0.000, 0.000, 0.000]
  MODEL_REWARDS(s,a,*): [0.000, 0.000, 0.000, 0.000, 0.000, 0.000, 0.000, 0.000, 0.000, 0.000, 0.000, 0.000, 0.000, 0.000, 0.000, 0.000, 0.000, 0.000, 0.000, 0.000, 0.000, 0.000]
----------------------------------------
[DEBUG] Beta=1.0 Phase=addiction Step=899
  State: 1 -> Action: aw -> Next: 1 (Reward: 0.0)
  Q_MF:  [0.022326, 0.070183, 0.161894, 0.082133, 0.111363, 0.043734, 1.433287, 0.033592, 0.117746]
  Q_MB:  [0.809999, 0.729069, 0.809999, 0.809999, 0.809999, 0.809999, 1.477930, 0.809999, 0.809999]
  Q_MIX: [0.809999, 0.729069, 0.809999, 0.809999, 0.809999, 0.809999, 1.477930, 0.809999, 0.809999]
  MODEL_COUNTS(s,a,*):  [0.000, 1.605, 0.000, 0.000, 0.000, 0.000, 0.000, 0.000, 0.000, 0.000, 0.000, 0.000, 0.000, 0.000, 0.000, 0.000, 0.000, 0.000, 0.000, 0.000, 0.000, 0.000]
  MODEL_REWARDS(s,a,*): [0.000, 0.000, 0.000, 0.000, 0.000, 0.000, 0.000, 0.000, 0.000, 0.000, 0.000, 0.000, 0.000, 0.000, 0.000, 0.000, 0.000, 0.000, 0.000, 0.000, 0.000, 0.000]
----------------------------------------
[DEBUG] Beta=1.0 Phase=addiction Step=900
  State: 1 -> Action: ag -> Next: 0 (Reward: 0.0)
  Q_MF:  [0.022326, 0.070183, 0.161894, 0.082133, 0.111363, 0.043734, 1.433287, 0.033592, 0.176357]
  Q_MB:  [0.809999, 0.729069, 0.809999, 0.809999, 0.809999, 0.809999, 1.477930, 0.809999, 0.809999]
  Q_MIX: [0.809999, 0.729069, 0.809999, 0.809999, 0.809999, 0.809999, 1.477930, 0.809999, 0.809999]
  MODEL_COUNTS(s,a,*):  [16.348, 0.000, 0.000, 0.000, 0.000, 0.000, 0.000, 0.000, 0.000, 0.000, 0.000, 0.000, 0.000, 0.000, 0.000, 0.000, 0.000, 0.000, 0.000, 0.000, 0.000, 0.000]
  MODEL_REWARDS(s,a,*): [0.000, 0.000, 0.000, 0.000, 0.000, 0.000, 0.000, 0.000, 0.000, 0.000, 0.000, 0.000, 0.000, 0.000, 0.000, 0.000, 0.000, 0.000, 0.000, 0.000, 0.000, 0.000]
----------------------------------------
[DEBUG] Beta=1.0 Phase=addiction Step=901
  State: 0 -> Action: ag -> Next: 3 (Reward: 1.0)
  Q_MF:  [0.038522, 0.052804, 0.183487, 0.115043, 0.105203, 0.159042, 1.729049, 0.074707, 0.117681]
  Q_MB:  [0.899999, 0.899999, 0.899999, 0.899999, 0.899999, 0.899999, 0.999999, 0.899999, 0.899999]
  Q_MIX: [0.899999, 0.899999, 0.899999, 0.899999, 0.899999, 0.899999, 0.999999, 0.899999, 0.899999]
  MODEL_COUNTS(s,a,*):  [0.000, 0.000, 0.000, 16.369, 0.000, 0.000, 0.000, 0.000, 0.000, 0.000, 0.000, 0.000, 0.000, 0.000, 0.000, 0.000, 0.000, 0.000, 0.000, 0.000, 0.000, 0.000]
  MODEL_REWARDS(s,a,*): [0.000, 0.000, 0.000, 16.369, 0.000, 0.000, 0.000, 0.000, 0.000, 0.000, 0.000, 0.000, 0.000, 0.000, 0.000, 0.000, 0.000, 0.000, 0.000, 0.000, 0.000, 0.000]
----------------------------------------
[DEBUG] Beta=1.0 Phase=addiction Step=902
  State: 3 -> Action: as3 -> Next: 2 (Reward: 0.0)
  Q_MF:  [0.365313, 0.944510, 0.371192, 0.044507, 0.254783, 0.155064, 0.177881, 0.288321, 0.252791]
  Q_MB:  [0.642004, 0.726963, 0.642004, 0.577766, 0.642004, 0.642004, 0.642004, 0.642004, 0.642004]
  Q_MIX: [0.642004, 0.726963, 0.642004, 0.577766, 0.642004, 0.642004, 0.642004, 0.642004, 0.642004]
  MODEL_COUNTS(s,a,*):  [0.000, 0.000, 18.007, 0.369, 0.000, 0.000, 0.000, 0.000, 0.000, 0.000, 0.000, 0.000, 0.000, 0.000, 0.000, 0.000, 0.000, 0.000, 0.000, 0.000, 0.000, 0.000]
  MODEL_REWARDS(s,a,*): [0.000, 0.000, 0.000, 0.000, 0.000, 0.000, 0.000, 0.000, 0.000, 0.000, 0.000, 0.000, 0.000, 0.000, 0.000, 0.000, 0.000, 0.000, 0.000, 0.000, 0.000, 0.000]
----------------------------------------
[DEBUG] Beta=1.0 Phase=addiction Step=903
  State: 2 -> Action: as2 -> Next: 1 (Reward: 0.0)
  Q_MF:  [1.174314, 0.111624, 0.220502, 0.153695, 0.185256, 0.234479, 0.126592, 0.089177, 0.179085]
  Q_MB:  [1.340122, 1.205999, 0.654578, 1.205999, 1.205999, 1.205999, 1.205999, 1.205999, 1.205999]
  Q_MIX: [1.340122, 1.205999, 0.654578, 1.205999, 1.205999, 1.205999, 1.205999, 1.205999, 1.205999]
  MODEL_COUNTS(s,a,*):  [0.000, 16.799, 0.004, 0.000, 0.000, 0.000, 0.000, 0.000, 0.000, 0.000, 0.000, 0.000, 0.000, 0.000, 0.000, 0.000, 0.000, 0.000, 0.000, 0.000, 0.000, 0.000]
  MODEL_REWARDS(s,a,*): [0.000, 0.000, 0.000, 0.000, 0.000, 0.000, 0.000, 0.000, 0.000, 0.000, 0.000, 0.000, 0.000, 0.000, 0.000, 0.000, 0.000, 0.000, 0.000, 0.000, 0.000, 0.000]
----------------------------------------
[DEBUG] Beta=1.0 Phase=addiction Step=904
  State: 1 -> Action: ag -> Next: 0 (Reward: 0.0)
  Q_MF:  [0.022326, 0.070183, 0.161894, 0.082133, 0.111363, 0.043734, 1.439430, 0.033592, 0.176357]
  Q_MB:  [0.000000, 0.000000, 0.000000, 0.000000, 0.000000, 0.000000, 0.899984, 0.000000, 0.000000]
  Q_MIX: [0.000000, 0.000000, 0.000000, 0.000000, 0.000000, 0.000000, 0.899984, 0.000000, 0.000000]
  MODEL_COUNTS(s,a,*):  [16.704, 0.000, 0.000, 0.000, 0.000, 0.000, 0.000, 0.000, 0.000, 0.000, 0.000, 0.000, 0.000, 0.000, 0.000, 0.000, 0.000, 0.000, 0.000, 0.000, 0.000, 0.000]
  MODEL_REWARDS(s,a,*): [0.000, 0.000, 0.000, 0.000, 0.000, 0.000, 0.000, 0.000, 0.000, 0.000, 0.000, 0.000, 0.000, 0.000, 0.000, 0.000, 0.000, 0.000, 0.000, 0.000, 0.000, 0.000]
----------------------------------------
[DEBUG] Beta=1.0 Phase=addiction Step=905
  State: 0 -> Action: ag -> Next: 3 (Reward: 1.0)
  Q_MF:  [0.038522, 0.052804, 0.183487, 0.115043, 0.105203, 0.159042, 1.735100, 0.074707, 0.117681]
  Q_MB:  [0.899992, 0.899992, 0.899992, 0.899992, 0.899992, 0.899992, 0.999999, 0.899992, 0.899992]
  Q_MIX: [0.899992, 0.899992, 0.899992, 0.899992, 0.899992, 0.899992, 0.999999, 0.899992, 0.899992]
  MODEL_COUNTS(s,a,*):  [0.000, 0.000, 0.000, 16.724, 0.000, 0.000, 0.000, 0.000, 0.000, 0.000, 0.000, 0.000, 0.000, 0.000, 0.000, 0.000, 0.000, 0.000, 0.000, 0.000, 0.000, 0.000]
  MODEL_REWARDS(s,a,*): [0.000, 0.000, 0.000, 16.724, 0.000, 0.000, 0.000, 0.000, 0.000, 0.000, 0.000, 0.000, 0.000, 0.000, 0.000, 0.000, 0.000, 0.000, 0.000, 0.000, 0.000, 0.000]
----------------------------------------
[DEBUG] Beta=1.0 Phase=addiction Step=906
  State: 3 -> Action: as4 -> Next: 3 (Reward: 0.0)
  Q_MF:  [0.365313, 0.950129, 0.371192, 0.044507, 0.254783, 0.155064, 0.177881, 0.288321, 0.252791]
  Q_MB:  [0.000000, 0.000000, 0.000000, 0.000000, 0.000000, 0.000000, 0.000000, 0.000000, 0.000000]
  Q_MIX: [0.000000, 0.000000, 0.000000, 0.000000, 0.000000, 0.000000, 0.000000, 0.000000, 0.000000]
  MODEL_COUNTS(s,a,*):  [0.000, 0.000, 0.000, 4.923, 0.000, 0.000, 0.000, 0.000, 0.000, 0.000, 0.000, 0.000, 0.000, 0.000, 0.000, 0.000, 0.000, 0.000, 0.000, 0.000, 0.000, 0.000]
  MODEL_REWARDS(s,a,*): [0.000, 0.000, 0.000, 0.000, 0.000, 0.000, 0.000, 0.000, 0.000, 0.000, 0.000, 0.000, 0.000, 0.000, 0.000, 0.000, 0.000, 0.000, 0.000, 0.000, 0.000, 0.000]
----------------------------------------
[DEBUG] Beta=1.0 Phase=addiction Step=907
  State: 3 -> Action: ad -> Next: 3 (Reward: 0.0)
  Q_MF:  [0.365313, 0.950129, 0.395389, 0.044507, 0.254783, 0.155064, 0.177881, 0.288321, 0.252791]
  Q_MB:  [0.000000, 0.714342, 0.000000, 0.000000, 0.000000, 0.000000, 0.000000, 0.000000, 0.000000]
  Q_MIX: [0.000000, 0.714342, 0.000000, 0.000000, 0.000000, 0.000000, 0.000000, 0.000000, 0.000000]
  MODEL_COUNTS(s,a,*):  [0.000, 0.000, 0.000, 3.354, 0.000, 0.000, 0.000, 0.000, 0.000, 0.000, 0.000, 0.000, 0.000, 0.000, 0.000, 0.000, 0.000, 0.000, 0.000, 0.000, 0.000, 0.000]
  MODEL_REWARDS(s,a,*): [0.000, 0.000, 0.000, 0.000, 0.000, 0.000, 0.000, 0.000, 0.000, 0.000, 0.000, 0.000, 0.000, 0.000, 0.000, 0.000, 0.000, 0.000, 0.000, 0.000, 0.000, 0.000]
----------------------------------------
[DEBUG] Beta=1.0 Phase=addiction Step=908
  State: 3 -> Action: as3 -> Next: 2 (Reward: 0.0)
  Q_MF:  [0.365313, 0.950129, 0.395389, 0.044507, 0.254783, 0.155064, 0.177881, 0.316660, 0.252791]
  Q_MB:  [0.000000, 0.714191, 0.000000, 0.000000, 0.000000, 0.000000, 0.000000, 0.000000, 0.000000]
  Q_MIX: [0.000000, 0.714191, 0.000000, 0.000000, 0.000000, 0.000000, 0.000000, 0.000000, 0.000000]
  MODEL_COUNTS(s,a,*):  [0.000, 0.000, 17.954, 0.347, 0.000, 0.000, 0.000, 0.000, 0.000, 0.000, 0.000, 0.000, 0.000, 0.000, 0.000, 0.000, 0.000, 0.000, 0.000, 0.000, 0.000, 0.000]
  MODEL_REWARDS(s,a,*): [0.000, 0.000, 0.000, 0.000, 0.000, 0.000, 0.000, 0.000, 0.000, 0.000, 0.000, 0.000, 0.000, 0.000, 0.000, 0.000, 0.000, 0.000, 0.000, 0.000, 0.000, 0.000]
----------------------------------------
[DEBUG] Beta=1.0 Phase=addiction Step=909
  State: 2 -> Action: as2 -> Next: 1 (Reward: 0.0)
  Q_MF:  [1.180372, 0.111624, 0.220502, 0.153695, 0.185256, 0.234479, 0.126592, 0.089177, 0.179085]
  Q_MB:  [0.809802, 0.000000, 0.000000, 0.000000, 0.000000, 0.000000, 0.000000, 0.000000, 0.000000]
  Q_MIX: [0.809802, 0.000000, 0.000000, 0.000000, 0.000000, 0.000000, 0.000000, 0.000000, 0.000000]
  MODEL_COUNTS(s,a,*):  [0.000, 16.816, 0.004, 0.000, 0.000, 0.000, 0.000, 0.000, 0.000, 0.000, 0.000, 0.000, 0.000, 0.000, 0.000, 0.000, 0.000, 0.000, 0.000, 0.000, 0.000, 0.000]
  MODEL_REWARDS(s,a,*): [0.000, 0.000, 0.000, 0.000, 0.000, 0.000, 0.000, 0.000, 0.000, 0.000, 0.000, 0.000, 0.000, 0.000, 0.000, 0.000, 0.000, 0.000, 0.000, 0.000, 0.000, 0.000]
----------------------------------------
[DEBUG] Beta=1.0 Phase=addiction Step=910
  State: 1 -> Action: ag -> Next: 0 (Reward: 0.0)
  Q_MF:  [0.022326, 0.070183, 0.161894, 0.082133, 0.111363, 0.043734, 1.445538, 0.033592, 0.176357]
  Q_MB:  [0.809987, 0.728911, 0.809987, 0.809987, 0.809987, 0.809987, 0.899992, 0.809987, 0.809987]
  Q_MIX: [0.809987, 0.728911, 0.809987, 0.809987, 0.809987, 0.809987, 0.899992, 0.809987, 0.809987]
  MODEL_COUNTS(s,a,*):  [16.726, 0.000, 0.000, 0.000, 0.000, 0.000, 0.000, 0.000, 0.000, 0.000, 0.000, 0.000, 0.000, 0.000, 0.000, 0.000, 0.000, 0.000, 0.000, 0.000, 0.000, 0.000]
  MODEL_REWARDS(s,a,*): [0.000, 0.000, 0.000, 0.000, 0.000, 0.000, 0.000, 0.000, 0.000, 0.000, 0.000, 0.000, 0.000, 0.000, 0.000, 0.000, 0.000, 0.000, 0.000, 0.000, 0.000, 0.000]
----------------------------------------
[DEBUG] Beta=1.0 Phase=addiction Step=911
  State: 0 -> Action: ag -> Next: 3 (Reward: 1.0)
  Q_MF:  [0.038522, 0.052804, 0.183487, 0.115043, 0.105203, 0.159042, 1.741100, 0.074707, 0.117681]
  Q_MB:  [0.899999, 0.899999, 0.899999, 0.899999, 0.899999, 0.899999, 1.654611, 0.899999, 0.899999]
  Q_MIX: [0.899999, 0.899999, 0.899999, 0.899999, 0.899999, 0.899999, 1.654611, 0.899999, 0.899999]
  MODEL_COUNTS(s,a,*):  [0.000, 0.000, 0.000, 16.746, 0.000, 0.000, 0.000, 0.000, 0.000, 0.000, 0.000, 0.000, 0.000, 0.000, 0.000, 0.000, 0.000, 0.000, 0.000, 0.000, 0.000, 0.000]
  MODEL_REWARDS(s,a,*): [0.000, 0.000, 0.000, 16.746, 0.000, 0.000, 0.000, 0.000, 0.000, 0.000, 0.000, 0.000, 0.000, 0.000, 0.000, 0.000, 0.000, 0.000, 0.000, 0.000, 0.000, 0.000]
----------------------------------------
[DEBUG] Beta=1.0 Phase=addiction Step=912
  State: 3 -> Action: as4 -> Next: 3 (Reward: 0.0)
  Q_MF:  [0.365313, 0.955739, 0.395389, 0.044507, 0.254783, 0.155064, 0.177881, 0.316660, 0.252791]
  Q_MB:  [0.000000, 0.000000, 0.000000, 0.000000, 0.000000, 0.000000, 0.000000, 0.000000, 0.000000]
  Q_MIX: [0.000000, 0.000000, 0.000000, 0.000000, 0.000000, 0.000000, 0.000000, 0.000000, 0.000000]
  MODEL_COUNTS(s,a,*):  [0.000, 0.000, 0.000, 5.635, 0.000, 0.000, 0.000, 0.000, 0.000, 0.000, 0.000, 0.000, 0.000, 0.000, 0.000, 0.000, 0.000, 0.000, 0.000, 0.000, 0.000, 0.000]
  MODEL_REWARDS(s,a,*): [0.000, 0.000, 0.000, 0.000, 0.000, 0.000, 0.000, 0.000, 0.000, 0.000, 0.000, 0.000, 0.000, 0.000, 0.000, 0.000, 0.000, 0.000, 0.000, 0.000, 0.000, 0.000]
----------------------------------------
[DEBUG] Beta=1.0 Phase=addiction Step=913
  State: 3 -> Action: as3 -> Next: 2 (Reward: 0.0)
  Q_MF:  [0.365313, 0.955739, 0.418627, 0.044507, 0.254783, 0.155064, 0.177881, 0.316660, 0.252791]
  Q_MB:  [0.643638, 0.727363, 0.643638, 0.000049, 0.643638, 0.643638, 0.643638, 0.643638, 0.643638]
  Q_MIX: [0.643638, 0.727363, 0.643638, 0.000049, 0.643638, 0.643638, 0.643638, 0.643638, 0.643638]
  MODEL_COUNTS(s,a,*):  [0.000, 0.000, 18.074, 0.330, 0.000, 0.000, 0.000, 0.000, 0.000, 0.000, 0.000, 0.000, 0.000, 0.000, 0.000, 0.000, 0.000, 0.000, 0.000, 0.000, 0.000, 0.000]
  MODEL_REWARDS(s,a,*): [0.000, 0.000, 0.000, 0.000, 0.000, 0.000, 0.000, 0.000, 0.000, 0.000, 0.000, 0.000, 0.000, 0.000, 0.000, 0.000, 0.000, 0.000, 0.000, 0.000, 0.000, 0.000]
----------------------------------------
[DEBUG] Beta=1.0 Phase=addiction Step=914
  State: 2 -> Action: as2 -> Next: 1 (Reward: 0.0)
  Q_MF:  [1.186403, 0.111624, 0.220502, 0.153695, 0.185256, 0.234479, 0.126592, 0.089177, 0.179085]
  Q_MB:  [0.809980, 0.728977, 0.644318, 0.728977, 0.728977, 0.728977, 0.728977, 0.728977, 0.728977]
  Q_MIX: [0.809980, 0.728977, 0.644318, 0.728977, 0.728977, 0.728977, 0.728977, 0.728977, 0.728977]
  MODEL_COUNTS(s,a,*):  [0.000, 16.992, 0.004, 0.000, 0.000, 0.000, 0.000, 0.000, 0.000, 0.000, 0.000, 0.000, 0.000, 0.000, 0.000, 0.000, 0.000, 0.000, 0.000, 0.000, 0.000, 0.000]
  MODEL_REWARDS(s,a,*): [0.000, 0.000, 0.000, 0.000, 0.000, 0.000, 0.000, 0.000, 0.000, 0.000, 0.000, 0.000, 0.000, 0.000, 0.000, 0.000, 0.000, 0.000, 0.000, 0.000, 0.000, 0.000]
----------------------------------------
[DEBUG] Beta=1.0 Phase=addiction Step=915
  State: 1 -> Action: ag -> Next: 0 (Reward: 0.0)
  Q_MF:  [0.022326, 0.070183, 0.161894, 0.082133, 0.111363, 0.043734, 1.451611, 0.033592, 0.176357]
  Q_MB:  [0.809993, 0.729068, 0.809993, 0.809993, 0.809993, 0.809993, 0.899999, 0.809993, 0.809993]
  Q_MIX: [0.809993, 0.729068, 0.809993, 0.809993, 0.809993, 0.809993, 0.899999, 0.809993, 0.809993]
  MODEL_COUNTS(s,a,*):  [16.907, 0.000, 0.000, 0.000, 0.000, 0.000, 0.000, 0.000, 0.000, 0.000, 0.000, 0.000, 0.000, 0.000, 0.000, 0.000, 0.000, 0.000, 0.000, 0.000, 0.000, 0.000]
  MODEL_REWARDS(s,a,*): [0.000, 0.000, 0.000, 0.000, 0.000, 0.000, 0.000, 0.000, 0.000, 0.000, 0.000, 0.000, 0.000, 0.000, 0.000, 0.000, 0.000, 0.000, 0.000, 0.000, 0.000, 0.000]
----------------------------------------
[DEBUG] Beta=1.0 Phase=addiction Step=916
  State: 0 -> Action: ag -> Next: 3 (Reward: 1.0)
  Q_MF:  [0.038522, 0.052804, 0.183487, 0.115043, 0.105203, 0.159042, 1.747054, 0.074707, 0.117681]
  Q_MB:  [0.899999, 0.899999, 0.899999, 0.899999, 0.899999, 0.899999, 0.999999, 0.899999, 0.899999]
  Q_MIX: [0.899999, 0.899999, 0.899999, 0.899999, 0.899999, 0.899999, 0.999999, 0.899999, 0.899999]
  MODEL_COUNTS(s,a,*):  [0.000, 0.000, 0.000, 16.925, 0.000, 0.000, 0.000, 0.000, 0.000, 0.000, 0.000, 0.000, 0.000, 0.000, 0.000, 0.000, 0.000, 0.000, 0.000, 0.000, 0.000, 0.000]
  MODEL_REWARDS(s,a,*): [0.000, 0.000, 0.000, 16.925, 0.000, 0.000, 0.000, 0.000, 0.000, 0.000, 0.000, 0.000, 0.000, 0.000, 0.000, 0.000, 0.000, 0.000, 0.000, 0.000, 0.000, 0.000]
----------------------------------------
[DEBUG] Beta=1.0 Phase=addiction Step=917
  State: 3 -> Action: as3 -> Next: 2 (Reward: 0.0)
  Q_MF:  [0.365313, 0.961340, 0.418627, 0.044507, 0.254783, 0.155064, 0.177881, 0.316660, 0.252791]
  Q_MB:  [0.644190, 0.727462, 0.644190, 0.000049, 0.644190, 0.644190, 0.644190, 0.644190, 0.644190]
  Q_MIX: [0.644190, 0.727462, 0.644190, 0.000049, 0.644190, 0.644190, 0.644190, 0.644190, 0.644190]
  MODEL_COUNTS(s,a,*):  [0.000, 0.000, 18.361, 0.317, 0.000, 0.000, 0.000, 0.000, 0.000, 0.000, 0.000, 0.000, 0.000, 0.000, 0.000, 0.000, 0.000, 0.000, 0.000, 0.000, 0.000, 0.000]
  MODEL_REWARDS(s,a,*): [0.000, 0.000, 0.000, 0.000, 0.000, 0.000, 0.000, 0.000, 0.000, 0.000, 0.000, 0.000, 0.000, 0.000, 0.000, 0.000, 0.000, 0.000, 0.000, 0.000, 0.000, 0.000]
----------------------------------------
[DEBUG] Beta=1.0 Phase=addiction Step=918
  State: 2 -> Action: as2 -> Next: 1 (Reward: 0.0)
  Q_MF:  [1.192405, 0.111624, 0.220502, 0.153695, 0.185256, 0.234479, 0.126592, 0.089177, 0.179085]
  Q_MB:  [0.809976, 0.728838, 0.000073, 0.728838, 0.728838, 0.728838, 0.728838, 0.728838, 0.728838]
  Q_MIX: [0.809976, 0.728838, 0.000073, 0.728838, 0.728838, 0.728838, 0.728838, 0.728838, 0.728838]
  MODEL_COUNTS(s,a,*):  [0.000, 17.323, 0.004, 0.000, 0.000, 0.000, 0.000, 0.000, 0.000, 0.000, 0.000, 0.000, 0.000, 0.000, 0.000, 0.000, 0.000, 0.000, 0.000, 0.000, 0.000, 0.000]
  MODEL_REWARDS(s,a,*): [0.000, 0.000, 0.000, 0.000, 0.000, 0.000, 0.000, 0.000, 0.000, 0.000, 0.000, 0.000, 0.000, 0.000, 0.000, 0.000, 0.000, 0.000, 0.000, 0.000, 0.000, 0.000]
----------------------------------------
[DEBUG] Beta=1.0 Phase=addiction Step=919
  State: 1 -> Action: ag -> Next: 0 (Reward: 0.0)
  Q_MF:  [0.022326, 0.070183, 0.161894, 0.082133, 0.111363, 0.043734, 1.457647, 0.033592, 0.176357]
  Q_MB:  [0.809999, 0.729074, 0.809999, 0.809999, 0.809999, 0.809999, 1.480336, 0.809999, 0.809999]
  Q_MIX: [0.809999, 0.729074, 0.809999, 0.809999, 0.809999, 0.809999, 1.480336, 0.809999, 0.809999]
  MODEL_COUNTS(s,a,*):  [17.240, 0.000, 0.000, 0.000, 0.000, 0.000, 0.000, 0.000, 0.000, 0.000, 0.000, 0.000, 0.000, 0.000, 0.000, 0.000, 0.000, 0.000, 0.000, 0.000, 0.000, 0.000]
  MODEL_REWARDS(s,a,*): [0.000, 0.000, 0.000, 0.000, 0.000, 0.000, 0.000, 0.000, 0.000, 0.000, 0.000, 0.000, 0.000, 0.000, 0.000, 0.000, 0.000, 0.000, 0.000, 0.000, 0.000, 0.000]
----------------------------------------
[DEBUG] Beta=1.0 Phase=addiction Step=920
  State: 0 -> Action: ag -> Next: 3 (Reward: 1.0)
  Q_MF:  [0.038522, 0.052804, 0.183487, 0.115043, 0.105203, 0.159042, 1.752961, 0.074707, 0.117681]
  Q_MB:  [0.899999, 0.899999, 0.899999, 0.899999, 0.899999, 0.899999, 1.644823, 0.899999, 0.899999]
  Q_MIX: [0.899999, 0.899999, 0.899999, 0.899999, 0.899999, 0.899999, 1.644823, 0.899999, 0.899999]
  MODEL_COUNTS(s,a,*):  [0.000, 0.000, 0.000, 17.258, 0.000, 0.000, 0.000, 0.000, 0.000, 0.000, 0.000, 0.000, 0.000, 0.000, 0.000, 0.000, 0.000, 0.000, 0.000, 0.000, 0.000, 0.000]
  MODEL_REWARDS(s,a,*): [0.000, 0.000, 0.000, 17.258, 0.000, 0.000, 0.000, 0.000, 0.000, 0.000, 0.000, 0.000, 0.000, 0.000, 0.000, 0.000, 0.000, 0.000, 0.000, 0.000, 0.000, 0.000]
----------------------------------------
[DEBUG] Beta=1.0 Phase=addiction Step=921
  State: 3 -> Action: as3 -> Next: 3 (Reward: 0.0)
  Q_MF:  [0.365313, 0.966932, 0.418627, 0.044507, 0.254783, 0.155064, 0.177881, 0.316660, 0.252791]
  Q_MB:  [0.654802, 0.727725, 0.654802, 0.589322, 0.654802, 0.654802, 0.654802, 0.654802, 0.654802]
  Q_MIX: [0.654802, 0.727725, 0.654802, 0.589322, 0.654802, 0.654802, 0.654802, 0.654802, 0.654802]
  MODEL_COUNTS(s,a,*):  [0.000, 0.000, 17.638, 1.305, 0.000, 0.000, 0.000, 0.000, 0.000, 0.000, 0.000, 0.000, 0.000, 0.000, 0.000, 0.000, 0.000, 0.000, 0.000, 0.000, 0.000, 0.000]
  MODEL_REWARDS(s,a,*): [0.000, 0.000, 0.000, 0.000, 0.000, 0.000, 0.000, 0.000, 0.000, 0.000, 0.000, 0.000, 0.000, 0.000, 0.000, 0.000, 0.000, 0.000, 0.000, 0.000, 0.000, 0.000]
----------------------------------------
[DEBUG] Beta=1.0 Phase=addiction Step=922
  State: 3 -> Action: as4 -> Next: 3 (Reward: 0.0)
  Q_MF:  [0.365313, 0.962097, 0.418627, 0.044507, 0.254783, 0.155064, 0.177881, 0.316660, 0.252791]
  Q_MB:  [0.651109, 0.723617, 0.651109, 0.585999, 0.651109, 0.651109, 0.651109, 0.651109, 0.651109]
  Q_MIX: [0.651109, 0.723617, 0.651109, 0.585999, 0.651109, 0.651109, 0.651109, 0.651109, 0.651109]
  MODEL_COUNTS(s,a,*):  [0.000, 0.000, 0.000, 6.096, 0.000, 0.000, 0.000, 0.000, 0.000, 0.000, 0.000, 0.000, 0.000, 0.000, 0.000, 0.000, 0.000, 0.000, 0.000, 0.000, 0.000, 0.000]
  MODEL_REWARDS(s,a,*): [0.000, 0.000, 0.000, 0.000, 0.000, 0.000, 0.000, 0.000, 0.000, 0.000, 0.000, 0.000, 0.000, 0.000, 0.000, 0.000, 0.000, 0.000, 0.000, 0.000, 0.000, 0.000]
----------------------------------------
[DEBUG] Beta=1.0 Phase=addiction Step=923
  State: 3 -> Action: as3 -> Next: 2 (Reward: 0.0)
  Q_MF:  [0.365313, 0.962097, 0.440990, 0.044507, 0.254783, 0.155064, 0.177881, 0.316660, 0.252791]
  Q_MB:  [0.000000, 0.678772, 0.000000, 0.000000, 0.000000, 0.000000, 0.000000, 0.000000, 0.000000]
  Q_MIX: [0.000000, 0.678772, 0.000000, 0.000000, 0.000000, 0.000000, 0.000000, 0.000000, 0.000000]
  MODEL_COUNTS(s,a,*):  [0.000, 0.000, 18.287, 1.279, 0.000, 0.000, 0.000, 0.000, 0.000, 0.000, 0.000, 0.000, 0.000, 0.000, 0.000, 0.000, 0.000, 0.000, 0.000, 0.000, 0.000, 0.000]
  MODEL_REWARDS(s,a,*): [0.000, 0.000, 0.000, 0.000, 0.000, 0.000, 0.000, 0.000, 0.000, 0.000, 0.000, 0.000, 0.000, 0.000, 0.000, 0.000, 0.000, 0.000, 0.000, 0.000, 0.000, 0.000]
----------------------------------------
[DEBUG] Beta=1.0 Phase=addiction Step=924
  State: 2 -> Action: as2 -> Next: 1 (Reward: 0.0)
  Q_MF:  [1.198379, 0.111624, 0.220502, 0.153695, 0.185256, 0.234479, 0.126592, 0.089177, 0.179085]
  Q_MB:  [0.809978, 0.728847, 0.000073, 0.728847, 0.728847, 0.728847, 0.728847, 0.728847, 0.728847]
  Q_MIX: [0.809978, 0.728847, 0.000073, 0.728847, 0.728847, 0.728847, 0.728847, 0.728847, 0.728847]
  MODEL_COUNTS(s,a,*):  [0.000, 17.309, 0.003, 0.000, 0.000, 0.000, 0.000, 0.000, 0.000, 0.000, 0.000, 0.000, 0.000, 0.000, 0.000, 0.000, 0.000, 0.000, 0.000, 0.000, 0.000, 0.000]
  MODEL_REWARDS(s,a,*): [0.000, 0.000, 0.000, 0.000, 0.000, 0.000, 0.000, 0.000, 0.000, 0.000, 0.000, 0.000, 0.000, 0.000, 0.000, 0.000, 0.000, 0.000, 0.000, 0.000, 0.000, 0.000]
----------------------------------------
[DEBUG] Beta=1.0 Phase=addiction Step=925
  State: 1 -> Action: ad -> Next: 1 (Reward: 0.0)
  Q_MF:  [0.022326, 0.070183, 0.161894, 0.082133, 0.111363, 0.043734, 1.463648, 0.033592, 0.176357]
  Q_MB:  [0.000000, 0.000000, 0.000000, 0.000000, 0.000000, 0.000000, 0.000000, 0.000000, 0.000000]
  Q_MIX: [0.000000, 0.000000, 0.000000, 0.000000, 0.000000, 0.000000, 0.000000, 0.000000, 0.000000]
  MODEL_COUNTS(s,a,*):  [0.000, 1.002, 0.000, 0.000, 0.000, 0.000, 0.000, 0.000, 0.000, 0.000, 0.000, 0.000, 0.000, 0.000, 0.000, 0.000, 0.000, 0.000, 0.000, 0.000, 0.000, 0.000]
  MODEL_REWARDS(s,a,*): [0.000, 0.000, 0.000, 0.000, 0.000, 0.000, 0.000, 0.000, 0.000, 0.000, 0.000, 0.000, 0.000, 0.000, 0.000, 0.000, 0.000, 0.000, 0.000, 0.000, 0.000, 0.000]
----------------------------------------
[DEBUG] Beta=1.0 Phase=addiction Step=926
  State: 1 -> Action: ad -> Next: 1 (Reward: 0.0)
  Q_MF:  [0.022326, 0.070183, 0.161894, 0.082133, 0.111363, 0.043734, 1.463648, 0.097777, 0.176357]
  Q_MB:  [0.809994, 0.729070, 0.809994, 0.809994, 0.809994, 0.809994, 0.899999, 0.809994, 0.809994]
  Q_MIX: [0.809994, 0.729070, 0.809994, 0.809994, 0.809994, 0.809994, 0.899999, 0.809994, 0.809994]
  MODEL_COUNTS(s,a,*):  [0.000, 1.992, 0.000, 0.000, 0.000, 0.000, 0.000, 0.000, 0.000, 0.000, 0.000, 0.000, 0.000, 0.000, 0.000, 0.000, 0.000, 0.000, 0.000, 0.000, 0.000, 0.000]
  MODEL_REWARDS(s,a,*): [0.000, 0.000, 0.000, 0.000, 0.000, 0.000, 0.000, 0.000, 0.000, 0.000, 0.000, 0.000, 0.000, 0.000, 0.000, 0.000, 0.000, 0.000, 0.000, 0.000, 0.000, 0.000]
----------------------------------------
[DEBUG] Beta=1.0 Phase=addiction Step=927
  State: 1 -> Action: ag -> Next: 0 (Reward: 0.0)
  Q_MF:  [0.022326, 0.070183, 0.161894, 0.082133, 0.111363, 0.043734, 1.463648, 0.158752, 0.176357]
  Q_MB:  [0.809994, 0.728941, 0.809994, 0.809994, 0.809994, 0.809994, 0.899993, 0.809994, 0.809994]
  Q_MIX: [0.809994, 0.728941, 0.809994, 0.809994, 0.809994, 0.809994, 0.899993, 0.809994, 0.809994]
  MODEL_COUNTS(s,a,*):  [16.909, 0.000, 0.000, 0.000, 0.000, 0.000, 0.000, 0.000, 0.000, 0.000, 0.000, 0.000, 0.000, 0.000, 0.000, 0.000, 0.000, 0.000, 0.000, 0.000, 0.000, 0.000]
  MODEL_REWARDS(s,a,*): [0.000, 0.000, 0.000, 0.000, 0.000, 0.000, 0.000, 0.000, 0.000, 0.000, 0.000, 0.000, 0.000, 0.000, 0.000, 0.000, 0.000, 0.000, 0.000, 0.000, 0.000, 0.000]
----------------------------------------
[DEBUG] Beta=1.0 Phase=addiction Step=928
  State: 0 -> Action: ag -> Next: 3 (Reward: 1.0)
  Q_MF:  [0.038522, 0.052804, 0.183487, 0.115043, 0.105203, 0.159042, 1.758825, 0.074707, 0.117681]
  Q_MB:  [0.899994, 0.899994, 0.899994, 0.899994, 0.899994, 0.899994, 0.999999, 0.899994, 0.899994]
  Q_MIX: [0.899994, 0.899994, 0.899994, 0.899994, 0.899994, 0.899994, 0.999999, 0.899994, 0.899994]
  MODEL_COUNTS(s,a,*):  [0.000, 0.000, 0.000, 16.925, 0.000, 0.000, 0.000, 0.000, 0.000, 0.000, 0.000, 0.000, 0.000, 0.000, 0.000, 0.000, 0.000, 0.000, 0.000, 0.000, 0.000, 0.000]
  MODEL_REWARDS(s,a,*): [0.000, 0.000, 0.000, 16.925, 0.000, 0.000, 0.000, 0.000, 0.000, 0.000, 0.000, 0.000, 0.000, 0.000, 0.000, 0.000, 0.000, 0.000, 0.000, 0.000, 0.000, 0.000]
----------------------------------------
[DEBUG] Beta=1.0 Phase=addiction Step=929
  State: 3 -> Action: as7 -> Next: 3 (Reward: 0.0)
  Q_MF:  [0.365313, 0.967919, 0.440990, 0.044507, 0.254783, 0.155064, 0.177881, 0.316660, 0.252791]
  Q_MB:  [0.649277, 0.723776, 0.649277, 0.584311, 0.649277, 0.649277, 0.649277, 0.649277, 0.649277]
  Q_MIX: [0.649277, 0.723776, 0.649277, 0.584311, 0.649277, 0.649277, 0.649277, 0.649277, 0.649277]
  MODEL_COUNTS(s,a,*):  [0.000, 0.000, 0.000, 2.027, 0.000, 0.000, 0.000, 0.000, 0.000, 0.000, 0.000, 0.000, 0.000, 0.000, 0.000, 0.000, 0.000, 0.000, 0.000, 0.000, 0.000, 0.000]
  MODEL_REWARDS(s,a,*): [0.000, 0.000, 0.000, 0.000, 0.000, 0.000, 0.000, 0.000, 0.000, 0.000, 0.000, 0.000, 0.000, 0.000, 0.000, 0.000, 0.000, 0.000, 0.000, 0.000, 0.000, 0.000]
----------------------------------------
[DEBUG] Beta=1.0 Phase=addiction Step=930
  State: 3 -> Action: as3 -> Next: 2 (Reward: 0.0)
  Q_MF:  [0.365313, 0.967919, 0.440990, 0.044507, 0.254783, 0.190867, 0.177881, 0.316660, 0.252791]
  Q_MB:  [0.613209, 0.721419, 0.613209, 0.551852, 0.613209, 0.613209, 0.613209, 0.613209, 0.613209]
  Q_MIX: [0.613209, 0.721419, 0.613209, 0.551852, 0.613209, 0.613209, 0.613209, 0.613209, 0.613209]
  MODEL_COUNTS(s,a,*):  [0.000, 0.000, 18.045, 1.192, 0.000, 0.000, 0.000, 0.000, 0.000, 0.000, 0.000, 0.000, 0.000, 0.000, 0.000, 0.000, 0.000, 0.000, 0.000, 0.000, 0.000, 0.000]
  MODEL_REWARDS(s,a,*): [0.000, 0.000, 0.000, 0.000, 0.000, 0.000, 0.000, 0.000, 0.000, 0.000, 0.000, 0.000, 0.000, 0.000, 0.000, 0.000, 0.000, 0.000, 0.000, 0.000, 0.000, 0.000]
----------------------------------------
[DEBUG] Beta=1.0 Phase=addiction Step=931
  State: 2 -> Action: as7 -> Next: 2 (Reward: 0.0)
  Q_MF:  [1.204324, 0.111624, 0.220502, 0.153695, 0.185256, 0.234479, 0.126592, 0.089177, 0.179085]
  Q_MB:  [0.000000, 0.000000, 0.000000, 0.000000, 0.000000, 0.000000, 0.000000, 0.000000, 0.000000]
  Q_MIX: [0.000000, 0.000000, 0.000000, 0.000000, 0.000000, 0.000000, 0.000000, 0.000000, 0.000000]
  MODEL_COUNTS(s,a,*):  [0.000, 0.000, 1.918, 0.000, 0.000, 0.000, 0.000, 0.000, 0.000, 0.000, 0.000, 0.000, 0.000, 0.000, 0.000, 0.000, 0.000, 0.000, 0.000, 0.000, 0.000, 0.000]
  MODEL_REWARDS(s,a,*): [0.000, 0.000, 0.000, 0.000, 0.000, 0.000, 0.000, 0.000, 0.000, 0.000, 0.000, 0.000, 0.000, 0.000, 0.000, 0.000, 0.000, 0.000, 0.000, 0.000, 0.000, 0.000]
----------------------------------------
[DEBUG] Beta=1.0 Phase=addiction Step=932
  State: 2 -> Action: as2 -> Next: 1 (Reward: 0.0)
  Q_MF:  [1.204324, 0.111624, 0.220502, 0.153695, 0.185256, 0.276950, 0.126592, 0.089177, 0.179085]
  Q_MB:  [0.809974, 0.728977, 0.649756, 0.728977, 0.728977, 0.728977, 0.728977, 0.728977, 0.728977]
  Q_MIX: [0.809974, 0.728977, 0.649756, 0.728977, 0.728977, 0.728977, 0.728977, 0.728977, 0.728977]
  MODEL_COUNTS(s,a,*):  [0.000, 16.972, 0.003, 0.000, 0.000, 0.000, 0.000, 0.000, 0.000, 0.000, 0.000, 0.000, 0.000, 0.000, 0.000, 0.000, 0.000, 0.000, 0.000, 0.000, 0.000, 0.000]
  MODEL_REWARDS(s,a,*): [0.000, 0.000, 0.000, 0.000, 0.000, 0.000, 0.000, 0.000, 0.000, 0.000, 0.000, 0.000, 0.000, 0.000, 0.000, 0.000, 0.000, 0.000, 0.000, 0.000, 0.000, 0.000]
----------------------------------------
[DEBUG] Beta=1.0 Phase=addiction Step=933
  State: 1 -> Action: ag -> Next: 0 (Reward: 0.0)
  Q_MF:  [0.022326, 0.070183, 0.161894, 0.082133, 0.111363, 0.043734, 1.469613, 0.158752, 0.176357]
  Q_MB:  [0.809994, 0.729071, 0.809994, 0.809994, 0.809994, 0.809994, 1.453883, 0.809994, 0.809994]
  Q_MIX: [0.809994, 0.729071, 0.809994, 0.809994, 0.809994, 0.809994, 1.453883, 0.809994, 0.809994]
  MODEL_COUNTS(s,a,*):  [16.919, 0.000, 0.000, 0.000, 0.000, 0.000, 0.000, 0.000, 0.000, 0.000, 0.000, 0.000, 0.000, 0.000, 0.000, 0.000, 0.000, 0.000, 0.000, 0.000, 0.000, 0.000]
  MODEL_REWARDS(s,a,*): [0.000, 0.000, 0.000, 0.000, 0.000, 0.000, 0.000, 0.000, 0.000, 0.000, 0.000, 0.000, 0.000, 0.000, 0.000, 0.000, 0.000, 0.000, 0.000, 0.000, 0.000, 0.000]
----------------------------------------
[DEBUG] Beta=1.0 Phase=addiction Step=934
  State: 0 -> Action: ag -> Next: 3 (Reward: 1.0)
  Q_MF:  [0.038522, 0.052804, 0.183487, 0.115043, 0.105203, 0.159042, 1.764440, 0.074707, 0.117681]
  Q_MB:  [0.899999, 0.899999, 0.899999, 0.899999, 0.899999, 0.899999, 1.615434, 0.899999, 0.899999]
  Q_MIX: [0.899999, 0.899999, 0.899999, 0.899999, 0.899999, 0.899999, 1.615434, 0.899999, 0.899999]
  MODEL_COUNTS(s,a,*):  [0.000, 0.000, 0.000, 16.934, 0.000, 0.000, 0.000, 0.000, 0.000, 0.000, 0.000, 0.000, 0.000, 0.000, 0.000, 0.000, 0.000, 0.000, 0.000, 0.000, 0.000, 0.000]
  MODEL_REWARDS(s,a,*): [0.000, 0.000, 0.000, 16.934, 0.000, 0.000, 0.000, 0.000, 0.000, 0.000, 0.000, 0.000, 0.000, 0.000, 0.000, 0.000, 0.000, 0.000, 0.000, 0.000, 0.000, 0.000]
----------------------------------------
[DEBUG] Beta=1.0 Phase=addiction Step=935
  State: 3 -> Action: as5 -> Next: 4 (Reward: 0.0)
  Q_MF:  [0.365313, 0.973718, 0.440990, 0.044507, 0.254783, 0.190867, 0.177881, 0.316660, 0.252791]
  Q_MB:  [0.000000, 0.000000, 0.000000, 0.000000, 0.000000, 0.000000, 0.000000, 0.000000, 0.000000]
  Q_MIX: [0.000000, 0.000000, 0.000000, 0.000000, 0.000000, 0.000000, 0.000000, 0.000000, 0.000000]
  MODEL_COUNTS(s,a,*):  [0.000, 0.000, 0.000, 0.000, 2.322, 0.000, 0.000, 0.000, 0.000, 0.000, 0.000, 0.000, 0.000, 0.000, 0.000, 0.000, 0.000, 0.000, 0.000, 0.000, 0.000, 0.000]
  MODEL_REWARDS(s,a,*): [0.000, 0.000, 0.000, 0.000, 0.000, 0.000, 0.000, 0.000, 0.000, 0.000, 0.000, 0.000, 0.000, 0.000, 0.000, 0.000, 0.000, 0.000, 0.000, 0.000, 0.000, 0.000]
----------------------------------------
[DEBUG] Beta=1.0 Phase=addiction Step=936
  State: 4 -> Action: as7 -> Next: 4 (Reward: 0.0)
  Q_MF:  [0.007405, 0.011802, 0.249589, 0.016028, 0.000000, 0.000000, 0.018081, 0.006052, 0.011802]
  Q_MB:  [0.000000, 0.000000, 0.000000, 0.000000, 0.000000, 0.000000, 0.000000, 0.000000, 0.000000]
  Q_MIX: [0.000000, 0.000000, 0.000000, 0.000000, 0.000000, 0.000000, 0.000000, 0.000000, 0.000000]
  MODEL_COUNTS(s,a,*):  [0.000, 0.000, 0.000, 0.000, 1.000, 0.000, 0.000, 0.000, 0.000, 0.000, 0.000, 0.000, 0.000, 0.000, 0.000, 0.000, 0.000, 0.000, 0.000, 0.000, 0.000, 0.000]
  MODEL_REWARDS(s,a,*): [0.000, 0.000, 0.000, 0.000, 0.000, 0.000, 0.000, 0.000, 0.000, 0.000, 0.000, 0.000, 0.000, 0.000, 0.000, 0.000, 0.000, 0.000, 0.000, 0.000, 0.000, 0.000]
----------------------------------------
[DEBUG] Beta=1.0 Phase=addiction Step=937
  State: 4 -> Action: aw -> Next: 4 (Reward: 0.0)
  Q_MF:  [0.007405, 0.011802, 0.249589, 0.016028, 0.000000, 0.011232, 0.018081, 0.006052, 0.011802]
  Q_MB:  [0.000000, 0.000000, 0.000000, 0.000000, 0.000000, 0.000000, 0.000000, 0.000000, 0.000000]
  Q_MIX: [0.000000, 0.000000, 0.000000, 0.000000, 0.000000, 0.000000, 0.000000, 0.000000, 0.000000]
  MODEL_COUNTS(s,a,*):  [0.000, 0.000, 0.000, 0.000, 1.216, 0.000, 0.000, 0.000, 0.000, 0.000, 0.000, 0.000, 0.000, 0.000, 0.000, 0.000, 0.000, 0.000, 0.000, 0.000, 0.000, 0.000]
  MODEL_REWARDS(s,a,*): [0.000, 0.000, 0.000, 0.000, 0.000, 0.000, 0.000, 0.000, 0.000, 0.000, 0.000, 0.000, 0.000, 0.000, 0.000, 0.000, 0.000, 0.000, 0.000, 0.000, 0.000, 0.000]
----------------------------------------
[DEBUG] Beta=1.0 Phase=addiction Step=938
  State: 4 -> Action: as5 -> Next: 4 (Reward: 0.0)
  Q_MF:  [0.007405, 0.011802, 0.249589, 0.016028, 0.000000, 0.011232, 0.018081, 0.006052, 0.022443]
  Q_MB:  [0.000000, 0.000000, 0.000000, 0.000000, 0.000000, 0.000000, 0.000000, 0.000000, 0.000000]
  Q_MIX: [0.000000, 0.000000, 0.000000, 0.000000, 0.000000, 0.000000, 0.000000, 0.000000, 0.000000]
  MODEL_COUNTS(s,a,*):  [0.000, 0.000, 0.000, 0.000, 1.731, 0.000, 0.000, 0.000, 0.000, 0.000, 0.000, 0.000, 0.000, 0.000, 0.000, 0.000, 0.000, 0.000, 0.000, 0.000, 0.000, 0.000]
  MODEL_REWARDS(s,a,*): [0.000, 0.000, 0.000, 0.000, 0.000, 0.000, 0.000, 0.000, 0.000, 0.000, 0.000, 0.000, 0.000, 0.000, 0.000, 0.000, 0.000, 0.000, 0.000, 0.000, 0.000, 0.000]
----------------------------------------
[DEBUG] Beta=1.0 Phase=addiction Step=939
  State: 4 -> Action: as4 -> Next: 3 (Reward: 0.0)
  Q_MF:  [0.007405, 0.011802, 0.249589, 0.026458, 0.000000, 0.011232, 0.018081, 0.006052, 0.022443]
  Q_MB:  [0.000000, 0.000000, 0.649596, 0.000000, 0.000000, 0.000000, 0.000000, 0.000000, 0.000000]
  Q_MIX: [0.000000, 0.000000, 0.649596, 0.000000, 0.000000, 0.000000, 0.000000, 0.000000, 0.000000]
  MODEL_COUNTS(s,a,*):  [0.000, 0.000, 0.000, 2.300, 0.000, 0.000, 0.000, 0.000, 0.000, 0.000, 0.000, 0.000, 0.000, 0.000, 0.000, 0.000, 0.000, 0.000, 0.000, 0.000, 0.000, 0.000]
  MODEL_REWARDS(s,a,*): [0.000, 0.000, 0.000, 0.000, 0.000, 0.000, 0.000, 0.000, 0.000, 0.000, 0.000, 0.000, 0.000, 0.000, 0.000, 0.000, 0.000, 0.000, 0.000, 0.000, 0.000, 0.000]
----------------------------------------
[DEBUG] Beta=1.0 Phase=addiction Step=940
  State: 3 -> Action: aw -> Next: 3 (Reward: 0.0)
  Q_MF:  [0.365313, 0.973718, 0.440990, 0.053513, 0.254783, 0.190867, 0.177881, 0.316660, 0.252791]
  Q_MB:  [0.000000, 0.000000, 0.000000, 0.000000, 0.000000, 0.000000, 0.000000, 0.000000, 0.000000]
  Q_MIX: [0.000000, 0.000000, 0.000000, 0.000000, 0.000000, 0.000000, 0.000000, 0.000000, 0.000000]
  MODEL_COUNTS(s,a,*):  [0.000, 0.000, 0.000, 1.874, 0.000, 0.000, 0.000, 0.000, 0.000, 0.000, 0.000, 0.000, 0.000, 0.000, 0.000, 0.000, 0.000, 0.000, 0.000, 0.000, 0.000, 0.000]
  MODEL_REWARDS(s,a,*): [0.000, 0.000, 0.000, 0.000, 0.000, 0.000, 0.000, 0.000, 0.000, 0.000, 0.000, 0.000, 0.000, 0.000, 0.000, 0.000, 0.000, 0.000, 0.000, 0.000, 0.000, 0.000]
----------------------------------------
[DEBUG] Beta=1.0 Phase=addiction Step=941
  State: 3 -> Action: as3 -> Next: 2 (Reward: 0.0)
  Q_MF:  [0.365313, 0.973718, 0.440990, 0.053513, 0.254783, 0.190867, 0.177881, 0.316660, 0.283969]
  Q_MB:  [0.000000, 0.683710, 0.000000, 0.000000, 0.000000, 0.000000, 0.000000, 0.000000, 0.000000]
  Q_MIX: [0.000000, 0.683710, 0.000000, 0.000000, 0.000000, 0.000000, 0.000000, 0.000000, 0.000000]
  MODEL_COUNTS(s,a,*):  [0.000, 0.000, 17.156, 1.067, 0.000, 0.000, 0.000, 0.000, 0.000, 0.000, 0.000, 0.000, 0.000, 0.000, 0.000, 0.000, 0.000, 0.000, 0.000, 0.000, 0.000, 0.000]
  MODEL_REWARDS(s,a,*): [0.000, 0.000, 0.000, 0.000, 0.000, 0.000, 0.000, 0.000, 0.000, 0.000, 0.000, 0.000, 0.000, 0.000, 0.000, 0.000, 0.000, 0.000, 0.000, 0.000, 0.000, 0.000]
----------------------------------------
[DEBUG] Beta=1.0 Phase=addiction Step=942
  State: 2 -> Action: as2 -> Next: 1 (Reward: 0.0)
  Q_MF:  [1.210241, 0.111624, 0.220502, 0.153695, 0.185256, 0.276950, 0.126592, 0.089177, 0.179085]
  Q_MB:  [0.809980, 0.728982, 0.617677, 0.728982, 0.728982, 0.728982, 0.728982, 0.728982, 0.728982]
  Q_MIX: [0.809980, 0.728982, 0.617677, 0.728982, 0.728982, 0.728982, 0.728982, 0.728982, 0.728982]
  MODEL_COUNTS(s,a,*):  [0.000, 16.349, 0.003, 0.000, 0.000, 0.000, 0.000, 0.000, 0.000, 0.000, 0.000, 0.000, 0.000, 0.000, 0.000, 0.000, 0.000, 0.000, 0.000, 0.000, 0.000, 0.000]
  MODEL_REWARDS(s,a,*): [0.000, 0.000, 0.000, 0.000, 0.000, 0.000, 0.000, 0.000, 0.000, 0.000, 0.000, 0.000, 0.000, 0.000, 0.000, 0.000, 0.000, 0.000, 0.000, 0.000, 0.000, 0.000]
----------------------------------------
[DEBUG] Beta=1.0 Phase=addiction Step=943
  State: 1 -> Action: ag -> Next: 0 (Reward: 0.0)
  Q_MF:  [0.022326, 0.070183, 0.161894, 0.082133, 0.111363, 0.043734, 1.475532, 0.158752, 0.176357]
  Q_MB:  [0.809999, 0.728958, 0.809999, 0.809999, 0.809999, 0.809999, 1.455805, 0.809999, 0.809999]
  Q_MIX: [0.809999, 0.728958, 0.809999, 0.809999, 0.809999, 0.809999, 1.455805, 0.809999, 0.809999]
  MODEL_COUNTS(s,a,*):  [16.301, 0.000, 0.000, 0.000, 0.000, 0.000, 0.000, 0.000, 0.000, 0.000, 0.000, 0.000, 0.000, 0.000, 0.000, 0.000, 0.000, 0.000, 0.000, 0.000, 0.000, 0.000]
  MODEL_REWARDS(s,a,*): [0.000, 0.000, 0.000, 0.000, 0.000, 0.000, 0.000, 0.000, 0.000, 0.000, 0.000, 0.000, 0.000, 0.000, 0.000, 0.000, 0.000, 0.000, 0.000, 0.000, 0.000, 0.000]
----------------------------------------
[DEBUG] Beta=1.0 Phase=addiction Step=944
  State: 0 -> Action: ag -> Next: 3 (Reward: 1.0)
  Q_MF:  [0.038522, 0.052804, 0.183487, 0.115043, 0.105203, 0.159042, 1.770036, 0.074707, 0.117681]
  Q_MB:  [1.455809, 1.455809, 1.455809, 1.455809, 1.455809, 1.455809, 1.617569, 1.455809, 1.455809]
  Q_MIX: [1.455809, 1.455809, 1.455809, 1.455809, 1.455809, 1.455809, 1.617569, 1.455809, 1.455809]
  MODEL_COUNTS(s,a,*):  [0.000, 0.000, 0.000, 16.315, 0.000, 0.000, 0.000, 0.000, 0.000, 0.000, 0.000, 0.000, 0.000, 0.000, 0.000, 0.000, 0.000, 0.000, 0.000, 0.000, 0.000, 0.000]
  MODEL_REWARDS(s,a,*): [0.000, 0.000, 0.000, 16.315, 0.000, 0.000, 0.000, 0.000, 0.000, 0.000, 0.000, 0.000, 0.000, 0.000, 0.000, 0.000, 0.000, 0.000, 0.000, 0.000, 0.000, 0.000]
----------------------------------------
[DEBUG] Beta=1.0 Phase=addiction Step=945
  State: 3 -> Action: as6 -> Next: 3 (Reward: 0.0)
  Q_MF:  [0.365313, 0.979493, 0.440990, 0.053513, 0.254783, 0.190867, 0.177881, 0.316660, 0.283969]
  Q_MB:  [0.000000, 0.000000, 0.000000, 0.000000, 0.000000, 0.000000, 0.000000, 0.000000, 0.000000]
  Q_MIX: [0.000000, 0.000000, 0.000000, 0.000000, 0.000000, 0.000000, 0.000000, 0.000000, 0.000000]
  MODEL_COUNTS(s,a,*):  [0.000, 0.000, 0.000, 2.419, 0.000, 0.000, 0.000, 0.000, 0.000, 0.000, 0.000, 0.000, 0.000, 0.000, 0.000, 0.000, 0.000, 0.000, 0.000, 0.000, 0.000, 0.000]
  MODEL_REWARDS(s,a,*): [0.000, 0.000, 0.000, 0.000, 0.000, 0.000, 0.000, 0.000, 0.000, 0.000, 0.000, 0.000, 0.000, 0.000, 0.000, 0.000, 0.000, 0.000, 0.000, 0.000, 0.000, 0.000]
----------------------------------------
[DEBUG] Beta=1.0 Phase=addiction Step=946
  State: 3 -> Action: as3 -> Next: 2 (Reward: 0.0)
  Q_MF:  [0.365313, 0.979493, 0.440990, 0.053513, 0.286121, 0.190867, 0.177881, 0.316660, 0.283969]
  Q_MB:  [0.617670, 0.722469, 0.617670, 0.000027, 0.617670, 0.617670, 0.617670, 0.617670, 0.617670]
  Q_MIX: [0.617670, 0.722469, 0.617670, 0.000027, 0.617670, 0.617670, 0.617670, 0.617670, 0.617670]
  MODEL_COUNTS(s,a,*):  [0.000, 0.000, 17.315, 1.015, 0.000, 0.000, 0.000, 0.000, 0.000, 0.000, 0.000, 0.000, 0.000, 0.000, 0.000, 0.000, 0.000, 0.000, 0.000, 0.000, 0.000, 0.000]
  MODEL_REWARDS(s,a,*): [0.000, 0.000, 0.000, 0.000, 0.000, 0.000, 0.000, 0.000, 0.000, 0.000, 0.000, 0.000, 0.000, 0.000, 0.000, 0.000, 0.000, 0.000, 0.000, 0.000, 0.000, 0.000]
----------------------------------------
[DEBUG] Beta=1.0 Phase=addiction Step=947
  State: 2 -> Action: as2 -> Next: 1 (Reward: 0.0)
  Q_MF:  [1.216128, 0.111624, 0.220502, 0.153695, 0.185256, 0.276950, 0.126592, 0.089177, 0.179085]
  Q_MB:  [0.809977, 0.728979, 0.652186, 0.728979, 0.728979, 0.728979, 0.728979, 0.728979, 0.728979]
  Q_MIX: [0.809977, 0.728979, 0.652186, 0.728979, 0.728979, 0.728979, 0.728979, 0.728979, 0.728979]
  MODEL_COUNTS(s,a,*):  [0.000, 16.548, 0.003, 0.000, 0.000, 0.000, 0.000, 0.000, 0.000, 0.000, 0.000, 0.000, 0.000, 0.000, 0.000, 0.000, 0.000, 0.000, 0.000, 0.000, 0.000, 0.000]
  MODEL_REWARDS(s,a,*): [0.000, 0.000, 0.000, 0.000, 0.000, 0.000, 0.000, 0.000, 0.000, 0.000, 0.000, 0.000, 0.000, 0.000, 0.000, 0.000, 0.000, 0.000, 0.000, 0.000, 0.000, 0.000]
----------------------------------------
[DEBUG] Beta=1.0 Phase=addiction Step=948
  State: 1 -> Action: ag -> Next: 0 (Reward: 0.0)
  Q_MF:  [0.022326, 0.070183, 0.161894, 0.082133, 0.111363, 0.043734, 1.481407, 0.158752, 0.176357]
  Q_MB:  [0.809999, 0.729077, 0.809999, 0.809999, 0.809999, 0.809999, 0.899999, 0.809999, 0.809999]
  Q_MIX: [0.809999, 0.729077, 0.809999, 0.809999, 0.809999, 0.809999, 0.899999, 0.809999, 0.809999]
  MODEL_COUNTS(s,a,*):  [16.502, 0.000, 0.000, 0.000, 0.000, 0.000, 0.000, 0.000, 0.000, 0.000, 0.000, 0.000, 0.000, 0.000, 0.000, 0.000, 0.000, 0.000, 0.000, 0.000, 0.000, 0.000]
  MODEL_REWARDS(s,a,*): [0.000, 0.000, 0.000, 0.000, 0.000, 0.000, 0.000, 0.000, 0.000, 0.000, 0.000, 0.000, 0.000, 0.000, 0.000, 0.000, 0.000, 0.000, 0.000, 0.000, 0.000, 0.000]
----------------------------------------
[DEBUG] Beta=1.0 Phase=addiction Step=949
  State: 0 -> Action: ag -> Next: 3 (Reward: 1.0)
  Q_MF:  [0.038522, 0.052804, 0.183487, 0.115043, 0.105203, 0.159042, 1.775611, 0.074707, 0.117681]
  Q_MB:  [0.899999, 0.899999, 0.899999, 0.899999, 0.899999, 0.899999, 0.999999, 0.899999, 0.899999]
  Q_MIX: [0.899999, 0.899999, 0.899999, 0.899999, 0.899999, 0.899999, 0.999999, 0.899999, 0.899999]
  MODEL_COUNTS(s,a,*):  [0.000, 0.000, 0.000, 16.515, 0.000, 0.000, 0.000, 0.000, 0.000, 0.000, 0.000, 0.000, 0.000, 0.000, 0.000, 0.000, 0.000, 0.000, 0.000, 0.000, 0.000, 0.000]
  MODEL_REWARDS(s,a,*): [0.000, 0.000, 0.000, 16.515, 0.000, 0.000, 0.000, 0.000, 0.000, 0.000, 0.000, 0.000, 0.000, 0.000, 0.000, 0.000, 0.000, 0.000, 0.000, 0.000, 0.000, 0.000]
----------------------------------------
[DEBUG] Beta=1.0 Phase=addiction Step=950
  State: 3 -> Action: as3 -> Next: 3 (Reward: 0.0)
  Q_MF:  [0.365313, 0.985244, 0.440990, 0.053513, 0.286121, 0.190867, 0.177881, 0.316660, 0.283969]
  Q_MB:  [0.619678, 1.149661, 0.619678, 0.557711, 0.619678, 0.619678, 0.619678, 0.619678, 0.619678]
  Q_MIX: [0.619678, 1.149661, 0.619678, 0.557711, 0.619678, 0.619678, 0.619678, 0.619678, 0.619678]
  MODEL_COUNTS(s,a,*):  [0.000, 0.000, 16.633, 1.975, 0.000, 0.000, 0.000, 0.000, 0.000, 0.000, 0.000, 0.000, 0.000, 0.000, 0.000, 0.000, 0.000, 0.000, 0.000, 0.000, 0.000, 0.000]
  MODEL_REWARDS(s,a,*): [0.000, 0.000, 0.000, 0.000, 0.000, 0.000, 0.000, 0.000, 0.000, 0.000, 0.000, 0.000, 0.000, 0.000, 0.000, 0.000, 0.000, 0.000, 0.000, 0.000, 0.000, 0.000]
----------------------------------------
[DEBUG] Beta=1.0 Phase=addiction Step=951
  State: 3 -> Action: as3 -> Next: 2 (Reward: 0.0)
  Q_MF:  [0.365313, 0.980318, 0.440990, 0.053513, 0.286121, 0.190867, 0.177881, 0.316660, 0.283969]
  Q_MB:  [0.619678, 1.149661, 0.619678, 0.557711, 0.619678, 0.619678, 0.619678, 0.619678, 0.619678]
  Q_MIX: [0.619678, 1.149661, 0.619678, 0.557711, 0.619678, 0.619678, 0.619678, 0.619678, 0.619678]
  MODEL_COUNTS(s,a,*):  [0.000, 0.000, 17.467, 1.955, 0.000, 0.000, 0.000, 0.000, 0.000, 0.000, 0.000, 0.000, 0.000, 0.000, 0.000, 0.000, 0.000, 0.000, 0.000, 0.000, 0.000, 0.000]
  MODEL_REWARDS(s,a,*): [0.000, 0.000, 0.000, 0.000, 0.000, 0.000, 0.000, 0.000, 0.000, 0.000, 0.000, 0.000, 0.000, 0.000, 0.000, 0.000, 0.000, 0.000, 0.000, 0.000, 0.000, 0.000]
----------------------------------------
[DEBUG] Beta=1.0 Phase=addiction Step=952
  State: 2 -> Action: ag -> Next: 2 (Reward: 0.0)
  Q_MF:  [1.221985, 0.111624, 0.220502, 0.153695, 0.185256, 0.276950, 0.126592, 0.089177, 0.179085]
  Q_MB:  [0.000000, 0.000000, 0.000000, 0.000000, 0.000000, 0.000000, 0.000000, 0.000000, 0.000000]
  Q_MIX: [0.000000, 0.000000, 0.000000, 0.000000, 0.000000, 0.000000, 0.000000, 0.000000, 0.000000]
  MODEL_COUNTS(s,a,*):  [0.000, 0.000, 1.209, 0.000, 0.000, 0.000, 0.000, 0.000, 0.000, 0.000, 0.000, 0.000, 0.000, 0.000, 0.000, 0.000, 0.000, 0.000, 0.000, 0.000, 0.000, 0.000]
  MODEL_REWARDS(s,a,*): [0.000, 0.000, 0.000, 0.000, 0.000, 0.000, 0.000, 0.000, 0.000, 0.000, 0.000, 0.000, 0.000, 0.000, 0.000, 0.000, 0.000, 0.000, 0.000, 0.000, 0.000, 0.000]
----------------------------------------
[DEBUG] Beta=1.0 Phase=addiction Step=953
  State: 2 -> Action: as6 -> Next: 2 (Reward: 0.0)
  Q_MF:  [1.221985, 0.111624, 0.220502, 0.153695, 0.185256, 0.276950, 0.175252, 0.089177, 0.179085]
  Q_MB:  [0.000000, 0.000000, 0.000000, 0.000000, 0.000000, 0.000000, 0.000000, 0.000000, 0.000000]
  Q_MIX: [0.000000, 0.000000, 0.000000, 0.000000, 0.000000, 0.000000, 0.000000, 0.000000, 0.000000]
  MODEL_COUNTS(s,a,*):  [0.000, 0.000, 1.405, 0.000, 0.000, 0.000, 0.000, 0.000, 0.000, 0.000, 0.000, 0.000, 0.000, 0.000, 0.000, 0.000, 0.000, 0.000, 0.000, 0.000, 0.000, 0.000]
  MODEL_REWARDS(s,a,*): [0.000, 0.000, 0.000, 0.000, 0.000, 0.000, 0.000, 0.000, 0.000, 0.000, 0.000, 0.000, 0.000, 0.000, 0.000, 0.000, 0.000, 0.000, 0.000, 0.000, 0.000, 0.000]
----------------------------------------
[DEBUG] Beta=1.0 Phase=addiction Step=954
  State: 2 -> Action: as2 -> Next: 1 (Reward: 0.0)
  Q_MF:  [1.221985, 0.111624, 0.220502, 0.153695, 0.230983, 0.276950, 0.175252, 0.089177, 0.179085]
  Q_MB:  [0.809979, 0.728877, 0.000073, 0.728877, 0.728877, 0.728877, 0.728877, 0.728877, 0.728877]
  Q_MIX: [0.809979, 0.728877, 0.000073, 0.728877, 0.728877, 0.728877, 0.728877, 0.728877, 0.728877]
  MODEL_COUNTS(s,a,*):  [0.000, 16.423, 0.002, 0.000, 0.000, 0.000, 0.000, 0.000, 0.000, 0.000, 0.000, 0.000, 0.000, 0.000, 0.000, 0.000, 0.000, 0.000, 0.000, 0.000, 0.000, 0.000]
  MODEL_REWARDS(s,a,*): [0.000, 0.000, 0.000, 0.000, 0.000, 0.000, 0.000, 0.000, 0.000, 0.000, 0.000, 0.000, 0.000, 0.000, 0.000, 0.000, 0.000, 0.000, 0.000, 0.000, 0.000, 0.000]
----------------------------------------
[DEBUG] Beta=1.0 Phase=addiction Step=955
  State: 1 -> Action: aw -> Next: 1 (Reward: 0.0)
  Q_MF:  [0.022326, 0.070183, 0.161894, 0.082133, 0.111363, 0.043734, 1.487239, 0.158752, 0.176357]
  Q_MB:  [0.000000, 0.000000, 0.000000, 0.000000, 0.000000, 0.000000, 0.000000, 0.000000, 0.000000]
  Q_MIX: [0.000000, 0.000000, 0.000000, 0.000000, 0.000000, 0.000000, 0.000000, 0.000000, 0.000000]
  MODEL_COUNTS(s,a,*):  [0.000, 1.914, 0.000, 0.000, 0.000, 0.000, 0.000, 0.000, 0.000, 0.000, 0.000, 0.000, 0.000, 0.000, 0.000, 0.000, 0.000, 0.000, 0.000, 0.000, 0.000, 0.000]
  MODEL_REWARDS(s,a,*): [0.000, 0.000, 0.000, 0.000, 0.000, 0.000, 0.000, 0.000, 0.000, 0.000, 0.000, 0.000, 0.000, 0.000, 0.000, 0.000, 0.000, 0.000, 0.000, 0.000, 0.000, 0.000]
----------------------------------------
[DEBUG] Beta=1.0 Phase=addiction Step=956
  State: 1 -> Action: as6 -> Next: 1 (Reward: 0.0)
  Q_MF:  [0.022326, 0.070183, 0.161894, 0.082133, 0.111363, 0.043734, 1.487239, 0.158752, 0.234465]
  Q_MB:  [0.000000, 0.000000, 0.000000, 0.000000, 0.000000, 0.000000, 0.000000, 0.000000, 0.000000]
  Q_MIX: [0.000000, 0.000000, 0.000000, 0.000000, 0.000000, 0.000000, 0.000000, 0.000000, 0.000000]
  MODEL_COUNTS(s,a,*):  [0.000, 1.137, 0.000, 0.000, 0.000, 0.000, 0.000, 0.000, 0.000, 0.000, 0.000, 0.000, 0.000, 0.000, 0.000, 0.000, 0.000, 0.000, 0.000, 0.000, 0.000, 0.000]
  MODEL_REWARDS(s,a,*): [0.000, 0.000, 0.000, 0.000, 0.000, 0.000, 0.000, 0.000, 0.000, 0.000, 0.000, 0.000, 0.000, 0.000, 0.000, 0.000, 0.000, 0.000, 0.000, 0.000, 0.000, 0.000]
----------------------------------------
[DEBUG] Beta=1.0 Phase=addiction Step=957
  State: 1 -> Action: ag -> Next: 0 (Reward: 0.0)
  Q_MF:  [0.022326, 0.070183, 0.161894, 0.082133, 0.172721, 0.043734, 1.487239, 0.158752, 0.234465]
  Q_MB:  [0.809995, 0.728977, 0.809995, 0.809995, 0.809995, 0.809995, 0.899999, 0.809995, 0.809995]
  Q_MIX: [0.809995, 0.728977, 0.809995, 0.809995, 0.809995, 0.809995, 0.899999, 0.809995, 0.809995]
  MODEL_COUNTS(s,a,*):  [16.075, 0.000, 0.000, 0.000, 0.000, 0.000, 0.000, 0.000, 0.000, 0.000, 0.000, 0.000, 0.000, 0.000, 0.000, 0.000, 0.000, 0.000, 0.000, 0.000, 0.000, 0.000]
  MODEL_REWARDS(s,a,*): [0.000, 0.000, 0.000, 0.000, 0.000, 0.000, 0.000, 0.000, 0.000, 0.000, 0.000, 0.000, 0.000, 0.000, 0.000, 0.000, 0.000, 0.000, 0.000, 0.000, 0.000, 0.000]
----------------------------------------
[DEBUG] Beta=1.0 Phase=addiction Step=958
  State: 0 -> Action: ag -> Next: 3 (Reward: 1.0)
  Q_MF:  [0.038522, 0.052804, 0.183487, 0.115043, 0.105203, 0.159042, 1.781166, 0.074707, 0.117681]
  Q_MB:  [1.430962, 1.430962, 1.430962, 1.430962, 1.430962, 1.430962, 1.589960, 1.430962, 1.430962]
  Q_MIX: [1.430962, 1.430962, 1.430962, 1.430962, 1.430962, 1.430962, 1.589960, 1.430962, 1.430962]
  MODEL_COUNTS(s,a,*):  [0.000, 0.000, 0.000, 16.087, 0.000, 0.000, 0.000, 0.000, 0.000, 0.000, 0.000, 0.000, 0.000, 0.000, 0.000, 0.000, 0.000, 0.000, 0.000, 0.000, 0.000, 0.000]
  MODEL_REWARDS(s,a,*): [0.000, 0.000, 0.000, 16.087, 0.000, 0.000, 0.000, 0.000, 0.000, 0.000, 0.000, 0.000, 0.000, 0.000, 0.000, 0.000, 0.000, 0.000, 0.000, 0.000, 0.000, 0.000]
----------------------------------------
[DEBUG] Beta=1.0 Phase=addiction Step=959
  State: 3 -> Action: as3 -> Next: 2 (Reward: 0.0)
  Q_MF:  [0.365313, 0.986291, 0.440990, 0.053513, 0.286121, 0.190867, 0.177881, 0.316660, 0.283969]
  Q_MB:  [0.590045, 0.715002, 0.590045, 0.000026, 0.590045, 0.590045, 0.590045, 0.590045, 0.590045]
  Q_MIX: [0.590045, 0.715002, 0.590045, 0.000026, 0.590045, 0.590045, 0.590045, 0.590045, 0.590045]
  MODEL_COUNTS(s,a,*):  [0.000, 0.000, 17.117, 1.804, 0.000, 0.000, 0.000, 0.000, 0.000, 0.000, 0.000, 0.000, 0.000, 0.000, 0.000, 0.000, 0.000, 0.000, 0.000, 0.000, 0.000, 0.000]
  MODEL_REWARDS(s,a,*): [0.000, 0.000, 0.000, 0.000, 0.000, 0.000, 0.000, 0.000, 0.000, 0.000, 0.000, 0.000, 0.000, 0.000, 0.000, 0.000, 0.000, 0.000, 0.000, 0.000, 0.000, 0.000]
----------------------------------------
[DEBUG] Beta=1.0 Phase=addiction Step=960
  State: 2 -> Action: as2 -> Next: 1 (Reward: 0.0)
  Q_MF:  [1.227811, 0.111624, 0.220502, 0.153695, 0.230983, 0.276950, 0.175252, 0.089177, 0.179085]
  Q_MB:  [0.809872, 0.000000, 0.000000, 0.000000, 0.000000, 0.000000, 0.000000, 0.000000, 0.000000]
  Q_MIX: [0.809872, 0.000000, 0.000000, 0.000000, 0.000000, 0.000000, 0.000000, 0.000000, 0.000000]
  MODEL_COUNTS(s,a,*):  [0.000, 16.462, 0.002, 0.000, 0.000, 0.000, 0.000, 0.000, 0.000, 0.000, 0.000, 0.000, 0.000, 0.000, 0.000, 0.000, 0.000, 0.000, 0.000, 0.000, 0.000, 0.000]
  MODEL_REWARDS(s,a,*): [0.000, 0.000, 0.000, 0.000, 0.000, 0.000, 0.000, 0.000, 0.000, 0.000, 0.000, 0.000, 0.000, 0.000, 0.000, 0.000, 0.000, 0.000, 0.000, 0.000, 0.000, 0.000]
----------------------------------------
[DEBUG] Beta=1.0 Phase=addiction Step=961
  State: 1 -> Action: as6 -> Next: 1 (Reward: 0.0)
  Q_MF:  [0.022326, 0.070183, 0.161894, 0.082133, 0.172721, 0.043734, 1.493030, 0.158752, 0.234465]
  Q_MB:  [0.000000, 0.000000, 0.000000, 0.000000, 0.000000, 0.000000, 0.000000, 0.000000, 0.000000]
  Q_MIX: [0.000000, 0.000000, 0.000000, 0.000000, 0.000000, 0.000000, 0.000000, 0.000000, 0.000000]
  MODEL_COUNTS(s,a,*):  [0.000, 2.082, 0.000, 0.000, 0.000, 0.000, 0.000, 0.000, 0.000, 0.000, 0.000, 0.000, 0.000, 0.000, 0.000, 0.000, 0.000, 0.000, 0.000, 0.000, 0.000, 0.000]
  MODEL_REWARDS(s,a,*): [0.000, 0.000, 0.000, 0.000, 0.000, 0.000, 0.000, 0.000, 0.000, 0.000, 0.000, 0.000, 0.000, 0.000, 0.000, 0.000, 0.000, 0.000, 0.000, 0.000, 0.000, 0.000]
----------------------------------------
[DEBUG] Beta=1.0 Phase=addiction Step=962
  State: 1 -> Action: ag -> Next: 0 (Reward: 0.0)
  Q_MF:  [0.022326, 0.070183, 0.161894, 0.082133, 0.231271, 0.043734, 1.493030, 0.158752, 0.234465]
  Q_MB:  [0.809996, 0.000893, 0.809996, 0.809996, 0.809996, 0.809996, 0.899999, 0.809996, 0.809996]
  Q_MIX: [0.809996, 0.000893, 0.809996, 0.809996, 0.809996, 0.809996, 0.899999, 0.809996, 0.809996]
  MODEL_COUNTS(s,a,*):  [16.287, 0.000, 0.000, 0.000, 0.000, 0.000, 0.000, 0.000, 0.000, 0.000, 0.000, 0.000, 0.000, 0.000, 0.000, 0.000, 0.000, 0.000, 0.000, 0.000, 0.000, 0.000]
  MODEL_REWARDS(s,a,*): [0.000, 0.000, 0.000, 0.000, 0.000, 0.000, 0.000, 0.000, 0.000, 0.000, 0.000, 0.000, 0.000, 0.000, 0.000, 0.000, 0.000, 0.000, 0.000, 0.000, 0.000, 0.000]
----------------------------------------
[DEBUG] Beta=1.0 Phase=addiction Step=963
  State: 0 -> Action: ag -> Next: 3 (Reward: 1.0)
  Q_MF:  [0.038522, 0.052804, 0.183487, 0.115043, 0.105203, 0.159042, 1.786491, 0.074707, 0.117681]
  Q_MB:  [0.900000, 0.900000, 0.900000, 0.900000, 0.900000, 0.900000, 1.593458, 0.900000, 0.900000]
  Q_MIX: [0.900000, 0.900000, 0.900000, 0.900000, 0.900000, 0.900000, 1.593458, 0.900000, 0.900000]
  MODEL_COUNTS(s,a,*):  [0.000, 0.000, 0.000, 16.299, 0.000, 0.000, 0.000, 0.000, 0.000, 0.000, 0.000, 0.000, 0.000, 0.000, 0.000, 0.000, 0.000, 0.000, 0.000, 0.000, 0.000, 0.000]
  MODEL_REWARDS(s,a,*): [0.000, 0.000, 0.000, 16.299, 0.000, 0.000, 0.000, 0.000, 0.000, 0.000, 0.000, 0.000, 0.000, 0.000, 0.000, 0.000, 0.000, 0.000, 0.000, 0.000, 0.000, 0.000]
----------------------------------------
[DEBUG] Beta=1.0 Phase=addiction Step=964
  State: 3 -> Action: as3 -> Next: 2 (Reward: 0.0)
  Q_MF:  [0.365313, 0.992228, 0.440990, 0.053513, 0.286121, 0.190867, 0.177881, 0.316660, 0.283969]
  Q_MB:  [0.000000, 0.659399, 0.000000, 0.000000, 0.000000, 0.000000, 0.000000, 0.000000, 0.000000]
  Q_MIX: [0.000000, 0.659399, 0.000000, 0.000000, 0.000000, 0.000000, 0.000000, 0.000000, 0.000000]
  MODEL_COUNTS(s,a,*):  [0.000, 0.000, 17.278, 1.716, 0.000, 0.000, 0.000, 0.000, 0.000, 0.000, 0.000, 0.000, 0.000, 0.000, 0.000, 0.000, 0.000, 0.000, 0.000, 0.000, 0.000, 0.000]
  MODEL_REWARDS(s,a,*): [0.000, 0.000, 0.000, 0.000, 0.000, 0.000, 0.000, 0.000, 0.000, 0.000, 0.000, 0.000, 0.000, 0.000, 0.000, 0.000, 0.000, 0.000, 0.000, 0.000, 0.000, 0.000]
----------------------------------------
[DEBUG] Beta=1.0 Phase=addiction Step=965
  State: 2 -> Action: as2 -> Next: 1 (Reward: 0.0)
  Q_MF:  [1.233607, 0.111624, 0.220502, 0.153695, 0.230983, 0.276950, 0.175252, 0.089177, 0.179085]
  Q_MB:  [0.809879, 0.000000, 0.000000, 0.000000, 0.000000, 0.000000, 0.000000, 0.000000, 0.000000]
  Q_MIX: [0.809879, 0.000000, 0.000000, 0.000000, 0.000000, 0.000000, 0.000000, 0.000000, 0.000000]
  MODEL_COUNTS(s,a,*):  [0.000, 16.656, 0.002, 0.000, 0.000, 0.000, 0.000, 0.000, 0.000, 0.000, 0.000, 0.000, 0.000, 0.000, 0.000, 0.000, 0.000, 0.000, 0.000, 0.000, 0.000, 0.000]
  MODEL_REWARDS(s,a,*): [0.000, 0.000, 0.000, 0.000, 0.000, 0.000, 0.000, 0.000, 0.000, 0.000, 0.000, 0.000, 0.000, 0.000, 0.000, 0.000, 0.000, 0.000, 0.000, 0.000, 0.000, 0.000]
----------------------------------------
[DEBUG] Beta=1.0 Phase=addiction Step=966
  State: 1 -> Action: ag -> Next: 0 (Reward: 0.0)
  Q_MF:  [0.022326, 0.070183, 0.161894, 0.082133, 0.231271, 0.043734, 1.498770, 0.158752, 0.234465]
  Q_MB:  [0.809999, 0.728993, 0.809999, 0.809999, 0.809999, 0.809999, 0.899999, 0.809999, 0.809999]
  Q_MIX: [0.809999, 0.728993, 0.809999, 0.809999, 0.809999, 0.809999, 0.899999, 0.809999, 0.809999]
  MODEL_COUNTS(s,a,*):  [16.646, 0.000, 0.000, 0.000, 0.000, 0.000, 0.000, 0.000, 0.000, 0.000, 0.000, 0.000, 0.000, 0.000, 0.000, 0.000, 0.000, 0.000, 0.000, 0.000, 0.000, 0.000]
  MODEL_REWARDS(s,a,*): [0.000, 0.000, 0.000, 0.000, 0.000, 0.000, 0.000, 0.000, 0.000, 0.000, 0.000, 0.000, 0.000, 0.000, 0.000, 0.000, 0.000, 0.000, 0.000, 0.000, 0.000, 0.000]
----------------------------------------
[DEBUG] Beta=1.0 Phase=addiction Step=967
  State: 0 -> Action: ag -> Next: 3 (Reward: 1.0)
  Q_MF:  [0.038522, 0.052804, 0.183487, 0.115043, 0.105203, 0.159042, 1.791817, 0.074707, 0.117681]
  Q_MB:  [0.899996, 0.899996, 0.899996, 0.899996, 0.899996, 0.899996, 1.000000, 0.899996, 0.899996]
  Q_MIX: [0.899996, 0.899996, 0.899996, 0.899996, 0.899996, 0.899996, 1.000000, 0.899996, 0.899996]
  MODEL_COUNTS(s,a,*):  [0.000, 0.000, 0.000, 16.657, 0.000, 0.000, 0.000, 0.000, 0.000, 0.000, 0.000, 0.000, 0.000, 0.000, 0.000, 0.000, 0.000, 0.000, 0.000, 0.000, 0.000, 0.000]
  MODEL_REWARDS(s,a,*): [0.000, 0.000, 0.000, 16.657, 0.000, 0.000, 0.000, 0.000, 0.000, 0.000, 0.000, 0.000, 0.000, 0.000, 0.000, 0.000, 0.000, 0.000, 0.000, 0.000, 0.000, 0.000]
----------------------------------------
[DEBUG] Beta=1.0 Phase=addiction Step=968
  State: 3 -> Action: as3 -> Next: 2 (Reward: 0.0)
  Q_MF:  [0.365313, 0.998129, 0.440990, 0.053513, 0.286121, 0.190867, 0.177881, 0.316660, 0.283969]
  Q_MB:  [0.645342, 0.721434, 0.645342, 0.537086, 0.645342, 0.645342, 0.645342, 0.645342, 0.645342]
  Q_MIX: [0.645342, 0.721434, 0.645342, 0.537086, 0.645342, 0.645342, 0.645342, 0.645342, 0.645342]
  MODEL_COUNTS(s,a,*):  [0.000, 0.000, 17.597, 1.648, 0.000, 0.000, 0.000, 0.000, 0.000, 0.000, 0.000, 0.000, 0.000, 0.000, 0.000, 0.000, 0.000, 0.000, 0.000, 0.000, 0.000, 0.000]
  MODEL_REWARDS(s,a,*): [0.000, 0.000, 0.000, 0.000, 0.000, 0.000, 0.000, 0.000, 0.000, 0.000, 0.000, 0.000, 0.000, 0.000, 0.000, 0.000, 0.000, 0.000, 0.000, 0.000, 0.000, 0.000]
----------------------------------------
[DEBUG] Beta=1.0 Phase=addiction Step=969
  State: 2 -> Action: as2 -> Next: 1 (Reward: 0.0)
  Q_MF:  [1.239371, 0.111624, 0.220502, 0.153695, 0.230983, 0.276950, 0.175252, 0.089177, 0.179085]
  Q_MB:  [0.809985, 0.728987, 0.599920, 0.728987, 0.728987, 0.728987, 0.728987, 0.728987, 0.728987]
  Q_MIX: [0.809985, 0.728987, 0.599920, 0.728987, 0.728987, 0.728987, 0.728987, 0.728987, 0.728987]
  MODEL_COUNTS(s,a,*):  [0.000, 16.999, 0.002, 0.000, 0.000, 0.000, 0.000, 0.000, 0.000, 0.000, 0.000, 0.000, 0.000, 0.000, 0.000, 0.000, 0.000, 0.000, 0.000, 0.000, 0.000, 0.000]
  MODEL_REWARDS(s,a,*): [0.000, 0.000, 0.000, 0.000, 0.000, 0.000, 0.000, 0.000, 0.000, 0.000, 0.000, 0.000, 0.000, 0.000, 0.000, 0.000, 0.000, 0.000, 0.000, 0.000, 0.000, 0.000]
----------------------------------------
[DEBUG] Beta=1.0 Phase=addiction Step=970
  State: 1 -> Action: ag -> Next: 0 (Reward: 0.0)
  Q_MF:  [0.022326, 0.070183, 0.161894, 0.082133, 0.231271, 0.043734, 1.504464, 0.158752, 0.234465]
  Q_MB:  [0.809993, 0.000893, 0.809993, 0.809993, 0.809993, 0.809993, 0.899996, 0.809993, 0.809993]
  Q_MIX: [0.809993, 0.000893, 0.809993, 0.809993, 0.809993, 0.809993, 0.899996, 0.809993, 0.809993]
  MODEL_COUNTS(s,a,*):  [16.990, 0.000, 0.000, 0.000, 0.000, 0.000, 0.000, 0.000, 0.000, 0.000, 0.000, 0.000, 0.000, 0.000, 0.000, 0.000, 0.000, 0.000, 0.000, 0.000, 0.000, 0.000]
  MODEL_REWARDS(s,a,*): [0.000, 0.000, 0.000, 0.000, 0.000, 0.000, 0.000, 0.000, 0.000, 0.000, 0.000, 0.000, 0.000, 0.000, 0.000, 0.000, 0.000, 0.000, 0.000, 0.000, 0.000, 0.000]
----------------------------------------
[DEBUG] Beta=1.0 Phase=addiction Step=971
  State: 0 -> Action: ag -> Next: 3 (Reward: 1.0)
  Q_MF:  [0.038522, 0.052804, 0.183487, 0.115043, 0.105203, 0.159042, 1.797142, 0.074707, 0.117681]
  Q_MB:  [0.899996, 0.899996, 0.899996, 0.899996, 0.899996, 0.899996, 1.000000, 0.899996, 0.899996]
  Q_MIX: [0.899996, 0.899996, 0.899996, 0.899996, 0.899996, 0.899996, 1.000000, 0.899996, 0.899996]
  MODEL_COUNTS(s,a,*):  [0.000, 0.000, 0.000, 17.000, 0.000, 0.000, 0.000, 0.000, 0.000, 0.000, 0.000, 0.000, 0.000, 0.000, 0.000, 0.000, 0.000, 0.000, 0.000, 0.000, 0.000, 0.000]
  MODEL_REWARDS(s,a,*): [0.000, 0.000, 0.000, 17.000, 0.000, 0.000, 0.000, 0.000, 0.000, 0.000, 0.000, 0.000, 0.000, 0.000, 0.000, 0.000, 0.000, 0.000, 0.000, 0.000, 0.000, 0.000]
----------------------------------------
[DEBUG] Beta=1.0 Phase=addiction Step=972
  State: 3 -> Action: as3 -> Next: 2 (Reward: 0.0)
  Q_MF:  [0.365313, 1.003994, 0.440990, 0.053513, 0.286121, 0.190867, 0.177881, 0.316660, 0.283969]
  Q_MB:  [0.000000, 0.666564, 0.000000, 0.000000, 0.000000, 0.000000, 0.000000, 0.000000, 0.000000]
  Q_MIX: [0.000000, 0.666564, 0.000000, 0.000000, 0.000000, 0.000000, 0.000000, 0.000000, 0.000000]
  MODEL_COUNTS(s,a,*):  [0.000, 0.000, 17.904, 1.583, 0.000, 0.000, 0.000, 0.000, 0.000, 0.000, 0.000, 0.000, 0.000, 0.000, 0.000, 0.000, 0.000, 0.000, 0.000, 0.000, 0.000, 0.000]
  MODEL_REWARDS(s,a,*): [0.000, 0.000, 0.000, 0.000, 0.000, 0.000, 0.000, 0.000, 0.000, 0.000, 0.000, 0.000, 0.000, 0.000, 0.000, 0.000, 0.000, 0.000, 0.000, 0.000, 0.000, 0.000]
----------------------------------------
[DEBUG] Beta=1.0 Phase=addiction Step=973
  State: 2 -> Action: as2 -> Next: 1 (Reward: 0.0)
  Q_MF:  [1.245104, 0.111624, 0.220502, 0.153695, 0.230983, 0.276950, 0.175252, 0.089177, 0.179085]
  Q_MB:  [0.809989, 0.728907, 0.000073, 0.728907, 0.728907, 0.728907, 0.728907, 0.728907, 0.728907]
  Q_MIX: [0.809989, 0.728907, 0.000073, 0.728907, 0.728907, 0.728907, 0.728907, 0.728907, 0.728907]
  MODEL_COUNTS(s,a,*):  [0.000, 17.329, 0.002, 0.000, 0.000, 0.000, 0.000, 0.000, 0.000, 0.000, 0.000, 0.000, 0.000, 0.000, 0.000, 0.000, 0.000, 0.000, 0.000, 0.000, 0.000, 0.000]
  MODEL_REWARDS(s,a,*): [0.000, 0.000, 0.000, 0.000, 0.000, 0.000, 0.000, 0.000, 0.000, 0.000, 0.000, 0.000, 0.000, 0.000, 0.000, 0.000, 0.000, 0.000, 0.000, 0.000, 0.000, 0.000]
----------------------------------------
[DEBUG] Beta=1.0 Phase=addiction Step=974
  State: 1 -> Action: ag -> Next: 0 (Reward: 0.0)
  Q_MF:  [0.022326, 0.070183, 0.161894, 0.082133, 0.231271, 0.043734, 1.510112, 0.158752, 0.234465]
  Q_MB:  [0.809999, 0.729080, 0.809999, 0.809999, 0.809999, 0.809999, 0.899999, 0.809999, 0.809999]
  Q_MIX: [0.809999, 0.729080, 0.809999, 0.809999, 0.809999, 0.809999, 0.899999, 0.809999, 0.809999]
  MODEL_COUNTS(s,a,*):  [17.320, 0.000, 0.000, 0.000, 0.000, 0.000, 0.000, 0.000, 0.000, 0.000, 0.000, 0.000, 0.000, 0.000, 0.000, 0.000, 0.000, 0.000, 0.000, 0.000, 0.000, 0.000]
  MODEL_REWARDS(s,a,*): [0.000, 0.000, 0.000, 0.000, 0.000, 0.000, 0.000, 0.000, 0.000, 0.000, 0.000, 0.000, 0.000, 0.000, 0.000, 0.000, 0.000, 0.000, 0.000, 0.000, 0.000, 0.000]
----------------------------------------
[DEBUG] Beta=1.0 Phase=addiction Step=975
  State: 0 -> Action: ag -> Next: 3 (Reward: 1.0)
  Q_MF:  [0.038522, 0.052804, 0.183487, 0.115043, 0.105203, 0.159042, 1.802465, 0.074707, 0.117681]
  Q_MB:  [0.900000, 0.900000, 0.900000, 0.900000, 0.900000, 0.900000, 1.000000, 0.900000, 0.900000]
  Q_MIX: [0.900000, 0.900000, 0.900000, 0.900000, 0.900000, 0.900000, 1.000000, 0.900000, 0.900000]
  MODEL_COUNTS(s,a,*):  [0.000, 0.000, 0.000, 17.330, 0.000, 0.000, 0.000, 0.000, 0.000, 0.000, 0.000, 0.000, 0.000, 0.000, 0.000, 0.000, 0.000, 0.000, 0.000, 0.000, 0.000, 0.000]
  MODEL_REWARDS(s,a,*): [0.000, 0.000, 0.000, 17.330, 0.000, 0.000, 0.000, 0.000, 0.000, 0.000, 0.000, 0.000, 0.000, 0.000, 0.000, 0.000, 0.000, 0.000, 0.000, 0.000, 0.000, 0.000]
----------------------------------------
[DEBUG] Beta=1.0 Phase=addiction Step=976
  State: 3 -> Action: as2 -> Next: 3 (Reward: 0.0)
  Q_MF:  [0.365313, 1.009824, 0.440990, 0.053513, 0.286121, 0.190867, 0.177881, 0.316660, 0.283969]
  Q_MB:  [0.602789, 0.718736, 0.602789, 0.000026, 0.602789, 0.602789, 0.602789, 0.602789, 0.602789]
  Q_MIX: [0.602789, 0.718736, 0.602789, 0.000026, 0.602789, 0.602789, 0.602789, 0.602789, 0.602789]
  MODEL_COUNTS(s,a,*):  [0.000, 0.000, 0.000, 2.889, 0.000, 0.000, 0.000, 0.000, 0.000, 0.000, 0.000, 0.000, 0.000, 0.000, 0.000, 0.000, 0.000, 0.000, 0.000, 0.000, 0.000, 0.000]
  MODEL_REWARDS(s,a,*): [0.000, 0.000, 0.000, 0.000, 0.000, 0.000, 0.000, 0.000, 0.000, 0.000, 0.000, 0.000, 0.000, 0.000, 0.000, 0.000, 0.000, 0.000, 0.000, 0.000, 0.000, 0.000]
----------------------------------------
[DEBUG] Beta=1.0 Phase=addiction Step=977
  State: 3 -> Action: as5 -> Next: 4 (Reward: 0.0)
  Q_MF:  [0.392490, 1.009824, 0.440990, 0.053513, 0.286121, 0.190867, 0.177881, 0.316660, 0.283969]
  Q_MB:  [0.000000, 0.000000, 0.000000, 0.000000, 0.000000, 0.000000, 0.000000, 0.000000, 0.000000]
  Q_MIX: [0.000000, 0.000000, 0.000000, 0.000000, 0.000000, 0.000000, 0.000000, 0.000000, 0.000000]
  MODEL_COUNTS(s,a,*):  [0.000, 0.000, 0.000, 0.000, 2.522, 0.000, 0.000, 0.000, 0.000, 0.000, 0.000, 0.000, 0.000, 0.000, 0.000, 0.000, 0.000, 0.000, 0.000, 0.000, 0.000, 0.000]
  MODEL_REWARDS(s,a,*): [0.000, 0.000, 0.000, 0.000, 0.000, 0.000, 0.000, 0.000, 0.000, 0.000, 0.000, 0.000, 0.000, 0.000, 0.000, 0.000, 0.000, 0.000, 0.000, 0.000, 0.000, 0.000]
----------------------------------------
[DEBUG] Beta=1.0 Phase=addiction Step=978
  State: 4 -> Action: aw -> Next: 4 (Reward: 0.0)
  Q_MF:  [0.007405, 0.011802, 0.280927, 0.026458, 0.000000, 0.011232, 0.018081, 0.006052, 0.022443]
  Q_MB:  [0.000000, 0.000000, 0.000000, 0.000000, 0.000000, 0.000000, 0.000000, 0.000000, 0.000000]
  Q_MIX: [0.000000, 0.000000, 0.000000, 0.000000, 0.000000, 0.000000, 0.000000, 0.000000, 0.000000]
  MODEL_COUNTS(s,a,*):  [0.000, 0.000, 0.000, 0.000, 1.805, 0.000, 0.000, 0.000, 0.000, 0.000, 0.000, 0.000, 0.000, 0.000, 0.000, 0.000, 0.000, 0.000, 0.000, 0.000, 0.000, 0.000]
  MODEL_REWARDS(s,a,*): [0.000, 0.000, 0.000, 0.000, 0.000, 0.000, 0.000, 0.000, 0.000, 0.000, 0.000, 0.000, 0.000, 0.000, 0.000, 0.000, 0.000, 0.000, 0.000, 0.000, 0.000, 0.000]
----------------------------------------
[DEBUG] Beta=1.0 Phase=addiction Step=979
  State: 4 -> Action: as5 -> Next: 4 (Reward: 0.0)
  Q_MF:  [0.007405, 0.011802, 0.280927, 0.026458, 0.000000, 0.011232, 0.018081, 0.006052, 0.033963]
  Q_MB:  [0.000000, 0.000000, 0.000000, 0.000000, 0.000000, 0.000000, 0.000000, 0.000000, 0.000000]
  Q_MIX: [0.000000, 0.000000, 0.000000, 0.000000, 0.000000, 0.000000, 0.000000, 0.000000, 0.000000]
  MODEL_COUNTS(s,a,*):  [0.000, 0.000, 0.000, 0.000, 2.146, 0.000, 0.000, 0.000, 0.000, 0.000, 0.000, 0.000, 0.000, 0.000, 0.000, 0.000, 0.000, 0.000, 0.000, 0.000, 0.000, 0.000]
  MODEL_REWARDS(s,a,*): [0.000, 0.000, 0.000, 0.000, 0.000, 0.000, 0.000, 0.000, 0.000, 0.000, 0.000, 0.000, 0.000, 0.000, 0.000, 0.000, 0.000, 0.000, 0.000, 0.000, 0.000, 0.000]
----------------------------------------
[DEBUG] Beta=1.0 Phase=addiction Step=980
  State: 4 -> Action: as4 -> Next: 4 (Reward: 0.0)
  Q_MF:  [0.007405, 0.011802, 0.280927, 0.037777, 0.000000, 0.011232, 0.018081, 0.006052, 0.033963]
  Q_MB:  [0.542431, 0.542431, 0.650080, 0.542431, 0.040083, 0.542431, 0.542431, 0.542431, 0.542431]
  Q_MIX: [0.542431, 0.542431, 0.650080, 0.542431, 0.040083, 0.542431, 0.542431, 0.542431, 0.542431]
  MODEL_COUNTS(s,a,*):  [0.000, 0.000, 0.000, 1.523, 1.000, 0.000, 0.000, 0.000, 0.000, 0.000, 0.000, 0.000, 0.000, 0.000, 0.000, 0.000, 0.000, 0.000, 0.000, 0.000, 0.000, 0.000]
  MODEL_REWARDS(s,a,*): [0.000, 0.000, 0.000, 0.000, 0.000, 0.000, 0.000, 0.000, 0.000, 0.000, 0.000, 0.000, 0.000, 0.000, 0.000, 0.000, 0.000, 0.000, 0.000, 0.000, 0.000, 0.000]
----------------------------------------
[DEBUG] Beta=1.0 Phase=addiction Step=981
  State: 4 -> Action: as4 -> Next: 3 (Reward: 0.0)
  Q_MF:  [0.007405, 0.011802, 0.279522, 0.037777, 0.000000, 0.011232, 0.018081, 0.006052, 0.033963]
  Q_MB:  [0.000000, 0.000000, 0.363827, 0.000000, 0.000000, 0.000000, 0.000000, 0.000000, 0.000000]
  Q_MIX: [0.000000, 0.000000, 0.363827, 0.000000, 0.000000, 0.000000, 0.000000, 0.000000, 0.000000]
  MODEL_COUNTS(s,a,*):  [0.000, 0.000, 0.000, 2.508, 0.990, 0.000, 0.000, 0.000, 0.000, 0.000, 0.000, 0.000, 0.000, 0.000, 0.000, 0.000, 0.000, 0.000, 0.000, 0.000, 0.000, 0.000]
  MODEL_REWARDS(s,a,*): [0.000, 0.000, 0.000, 0.000, 0.000, 0.000, 0.000, 0.000, 0.000, 0.000, 0.000, 0.000, 0.000, 0.000, 0.000, 0.000, 0.000, 0.000, 0.000, 0.000, 0.000, 0.000]
----------------------------------------
[DEBUG] Beta=1.0 Phase=addiction Step=982
  State: 3 -> Action: as3 -> Next: 2 (Reward: 0.0)
  Q_MF:  [0.392490, 1.009824, 0.440990, 0.063479, 0.286121, 0.190867, 0.177881, 0.316660, 0.283969]
  Q_MB:  [0.000000, 0.669768, 0.000000, 0.000000, 0.000000, 0.000000, 0.000000, 0.000000, 0.000000]
  Q_MIX: [0.000000, 0.669768, 0.000000, 0.000000, 0.000000, 0.000000, 0.000000, 0.000000, 0.000000]
  MODEL_COUNTS(s,a,*):  [0.000, 0.000, 17.192, 1.432, 0.000, 0.000, 0.000, 0.000, 0.000, 0.000, 0.000, 0.000, 0.000, 0.000, 0.000, 0.000, 0.000, 0.000, 0.000, 0.000, 0.000, 0.000]
  MODEL_REWARDS(s,a,*): [0.000, 0.000, 0.000, 0.000, 0.000, 0.000, 0.000, 0.000, 0.000, 0.000, 0.000, 0.000, 0.000, 0.000, 0.000, 0.000, 0.000, 0.000, 0.000, 0.000, 0.000, 0.000]
----------------------------------------
[DEBUG] Beta=1.0 Phase=addiction Step=983
  State: 2 -> Action: as4 -> Next: 3 (Reward: 0.0)
  Q_MF:  [1.250803, 0.111624, 0.220502, 0.153695, 0.230983, 0.276950, 0.175252, 0.089177, 0.179085]
  Q_MB:  [0.809990, 0.728915, 0.000073, 0.728915, 0.728915, 0.728915, 0.728915, 0.728915, 0.728915]
  Q_MIX: [0.809990, 0.728915, 0.000073, 0.728915, 0.728915, 0.728915, 0.728915, 0.728915, 0.728915]
  MODEL_COUNTS(s,a,*):  [0.000, 0.000, 0.000, 1.618, 0.000, 0.000, 0.000, 0.000, 0.000, 0.000, 0.000, 0.000, 0.000, 0.000, 0.000, 0.000, 0.000, 0.000, 0.000, 0.000, 0.000, 0.000]
  MODEL_REWARDS(s,a,*): [0.000, 0.000, 0.000, 0.000, 0.000, 0.000, 0.000, 0.000, 0.000, 0.000, 0.000, 0.000, 0.000, 0.000, 0.000, 0.000, 0.000, 0.000, 0.000, 0.000, 0.000, 0.000]
----------------------------------------
[DEBUG] Beta=1.0 Phase=addiction Step=984
  State: 3 -> Action: as5 -> Next: 4 (Reward: 0.0)
  Q_MF:  [0.392490, 1.015619, 0.440990, 0.063479, 0.286121, 0.190867, 0.177881, 0.316660, 0.283969]
  Q_MB:  [0.000000, 0.000000, 0.000000, 0.000000, 0.000000, 0.000000, 0.000000, 0.000000, 0.000000]
  Q_MIX: [0.000000, 0.000000, 0.000000, 0.000000, 0.000000, 0.000000, 0.000000, 0.000000, 0.000000]
  MODEL_COUNTS(s,a,*):  [0.000, 0.000, 0.000, 0.000, 3.351, 0.000, 0.000, 0.000, 0.000, 0.000, 0.000, 0.000, 0.000, 0.000, 0.000, 0.000, 0.000, 0.000, 0.000, 0.000, 0.000, 0.000]
  MODEL_REWARDS(s,a,*): [0.000, 0.000, 0.000, 0.000, 0.000, 0.000, 0.000, 0.000, 0.000, 0.000, 0.000, 0.000, 0.000, 0.000, 0.000, 0.000, 0.000, 0.000, 0.000, 0.000, 0.000, 0.000]
----------------------------------------
[DEBUG] Beta=1.0 Phase=addiction Step=985
  State: 4 -> Action: as2 -> Next: 4 (Reward: 0.0)
  Q_MF:  [0.007405, 0.011802, 0.310988, 0.037777, 0.000000, 0.011232, 0.018081, 0.006052, 0.033963]
  Q_MB:  [0.390759, 0.390759, 0.574820, 0.390759, 0.332520, 0.390759, 0.390759, 0.390759, 0.390759]
  Q_MIX: [0.390759, 0.390759, 0.574820, 0.390759, 0.332520, 0.390759, 0.390759, 0.390759, 0.390759]
  MODEL_COUNTS(s,a,*):  [0.000, 0.000, 0.000, 0.000, 1.066, 0.000, 0.000, 0.000, 0.000, 0.000, 0.000, 0.000, 0.000, 0.000, 0.000, 0.000, 0.000, 0.000, 0.000, 0.000, 0.000, 0.000]
  MODEL_REWARDS(s,a,*): [0.000, 0.000, 0.000, 0.000, 0.000, 0.000, 0.000, 0.000, 0.000, 0.000, 0.000, 0.000, 0.000, 0.000, 0.000, 0.000, 0.000, 0.000, 0.000, 0.000, 0.000, 0.000]
----------------------------------------
[DEBUG] Beta=1.0 Phase=addiction Step=986
  State: 4 -> Action: ag -> Next: 4 (Reward: 0.0)
  Q_MF:  [0.021029, 0.011802, 0.310988, 0.037777, 0.000000, 0.011232, 0.018081, 0.006052, 0.033963]
  Q_MB:  [0.000000, 0.000000, 0.000000, 0.000000, 0.000000, 0.000000, 0.000000, 0.000000, 0.000000]
  Q_MIX: [0.000000, 0.000000, 0.000000, 0.000000, 0.000000, 0.000000, 0.000000, 0.000000, 0.000000]
  MODEL_COUNTS(s,a,*):  [0.000, 0.000, 0.000, 0.000, 1.203, 0.000, 0.000, 0.000, 0.000, 0.000, 0.000, 0.000, 0.000, 0.000, 0.000, 0.000, 0.000, 0.000, 0.000, 0.000, 0.000, 0.000]
  MODEL_REWARDS(s,a,*): [0.000, 0.000, 0.000, 0.000, 0.000, 0.000, 0.000, 0.000, 0.000, 0.000, 0.000, 0.000, 0.000, 0.000, 0.000, 0.000, 0.000, 0.000, 0.000, 0.000, 0.000, 0.000]
----------------------------------------
[DEBUG] Beta=1.0 Phase=addiction Step=987
  State: 4 -> Action: as3 -> Next: 4 (Reward: 0.0)
  Q_MF:  [0.021029, 0.011802, 0.310988, 0.037777, 0.000000, 0.011232, 0.031171, 0.006052, 0.033963]
  Q_MB:  [0.000000, 0.000000, 0.000000, 0.000000, 0.000000, 0.000000, 0.000000, 0.000000, 0.000000]
  Q_MIX: [0.000000, 0.000000, 0.000000, 0.000000, 0.000000, 0.000000, 0.000000, 0.000000, 0.000000]
  MODEL_COUNTS(s,a,*):  [0.000, 0.000, 0.000, 0.000, 1.127, 0.000, 0.000, 0.000, 0.000, 0.000, 0.000, 0.000, 0.000, 0.000, 0.000, 0.000, 0.000, 0.000, 0.000, 0.000, 0.000, 0.000]
  MODEL_REWARDS(s,a,*): [0.000, 0.000, 0.000, 0.000, 0.000, 0.000, 0.000, 0.000, 0.000, 0.000, 0.000, 0.000, 0.000, 0.000, 0.000, 0.000, 0.000, 0.000, 0.000, 0.000, 0.000, 0.000]
----------------------------------------
[DEBUG] Beta=1.0 Phase=addiction Step=988
  State: 4 -> Action: as7 -> Next: 4 (Reward: 0.0)
  Q_MF:  [0.021029, 0.025206, 0.310988, 0.037777, 0.000000, 0.011232, 0.031171, 0.006052, 0.033963]
  Q_MB:  [0.000000, 0.000000, 0.000000, 0.000000, 0.000000, 0.000000, 0.000000, 0.000000, 0.000000]
  Q_MIX: [0.000000, 0.000000, 0.000000, 0.000000, 0.000000, 0.000000, 0.000000, 0.000000, 0.000000]
  MODEL_COUNTS(s,a,*):  [0.000, 0.000, 0.000, 0.000, 1.593, 0.000, 0.000, 0.000, 0.000, 0.000, 0.000, 0.000, 0.000, 0.000, 0.000, 0.000, 0.000, 0.000, 0.000, 0.000, 0.000, 0.000]
  MODEL_REWARDS(s,a,*): [0.000, 0.000, 0.000, 0.000, 0.000, 0.000, 0.000, 0.000, 0.000, 0.000, 0.000, 0.000, 0.000, 0.000, 0.000, 0.000, 0.000, 0.000, 0.000, 0.000, 0.000, 0.000]
----------------------------------------
[DEBUG] Beta=1.0 Phase=addiction Step=989
  State: 4 -> Action: as3 -> Next: 4 (Reward: 0.0)
  Q_MF:  [0.021029, 0.025206, 0.310988, 0.037777, 0.000000, 0.024664, 0.031171, 0.006052, 0.033963]
  Q_MB:  [0.000000, 0.000000, 0.000000, 0.000000, 0.000000, 0.000000, 0.000000, 0.000000, 0.000000]
  Q_MIX: [0.000000, 0.000000, 0.000000, 0.000000, 0.000000, 0.000000, 0.000000, 0.000000, 0.000000]
  MODEL_COUNTS(s,a,*):  [0.000, 0.000, 0.000, 0.000, 2.104, 0.000, 0.000, 0.000, 0.000, 0.000, 0.000, 0.000, 0.000, 0.000, 0.000, 0.000, 0.000, 0.000, 0.000, 0.000, 0.000, 0.000]
  MODEL_REWARDS(s,a,*): [0.000, 0.000, 0.000, 0.000, 0.000, 0.000, 0.000, 0.000, 0.000, 0.000, 0.000, 0.000, 0.000, 0.000, 0.000, 0.000, 0.000, 0.000, 0.000, 0.000, 0.000, 0.000]
----------------------------------------
[DEBUG] Beta=1.0 Phase=addiction Step=990
  State: 4 -> Action: as4 -> Next: 3 (Reward: 0.0)
  Q_MF:  [0.021029, 0.037940, 0.310988, 0.037777, 0.000000, 0.024664, 0.031171, 0.006052, 0.033963]
  Q_MB:  [0.000000, 0.000000, 0.464268, 0.000000, 0.000000, 0.000000, 0.000000, 0.000000, 0.000000]
  Q_MIX: [0.000000, 0.000000, 0.464268, 0.000000, 0.000000, 0.000000, 0.000000, 0.000000, 0.000000]
  MODEL_COUNTS(s,a,*):  [0.000, 0.000, 0.000, 3.291, 0.904, 0.000, 0.000, 0.000, 0.000, 0.000, 0.000, 0.000, 0.000, 0.000, 0.000, 0.000, 0.000, 0.000, 0.000, 0.000, 0.000, 0.000]
  MODEL_REWARDS(s,a,*): [0.000, 0.000, 0.000, 0.000, 0.000, 0.000, 0.000, 0.000, 0.000, 0.000, 0.000, 0.000, 0.000, 0.000, 0.000, 0.000, 0.000, 0.000, 0.000, 0.000, 0.000, 0.000]
----------------------------------------
[DEBUG] Beta=1.0 Phase=addiction Step=991
  State: 3 -> Action: as3 -> Next: 2 (Reward: 0.0)
  Q_MF:  [0.392490, 1.015619, 0.440990, 0.074300, 0.286121, 0.190867, 0.177881, 0.316660, 0.283969]
  Q_MB:  [0.000000, 0.672950, 0.000000, 0.000000, 0.000000, 0.000000, 0.000000, 0.000000, 0.000000]
  Q_MIX: [0.000000, 0.672950, 0.000000, 0.000000, 0.000000, 0.000000, 0.000000, 0.000000, 0.000000]
  MODEL_COUNTS(s,a,*):  [0.000, 0.000, 16.705, 1.308, 0.000, 0.000, 0.000, 0.000, 0.000, 0.000, 0.000, 0.000, 0.000, 0.000, 0.000, 0.000, 0.000, 0.000, 0.000, 0.000, 0.000, 0.000]
  MODEL_REWARDS(s,a,*): [0.000, 0.000, 0.000, 0.000, 0.000, 0.000, 0.000, 0.000, 0.000, 0.000, 0.000, 0.000, 0.000, 0.000, 0.000, 0.000, 0.000, 0.000, 0.000, 0.000, 0.000, 0.000]
----------------------------------------
[DEBUG] Beta=1.0 Phase=addiction Step=992
  State: 2 -> Action: as2 -> Next: 1 (Reward: 0.0)
  Q_MF:  [1.250803, 0.111624, 0.255180, 0.153695, 0.230983, 0.276950, 0.175252, 0.089177, 0.179085]
  Q_MB:  [0.809987, 0.728988, 0.608458, 0.728988, 0.728988, 0.728988, 0.728988, 0.728988, 0.728988]
  Q_MIX: [0.809987, 0.728988, 0.608458, 0.728988, 0.728988, 0.728988, 0.728988, 0.728988, 0.728988]
  MODEL_COUNTS(s,a,*):  [0.000, 15.317, 0.002, 0.000, 0.000, 0.000, 0.000, 0.000, 0.000, 0.000, 0.000, 0.000, 0.000, 0.000, 0.000, 0.000, 0.000, 0.000, 0.000, 0.000, 0.000, 0.000]
  MODEL_REWARDS(s,a,*): [0.000, 0.000, 0.000, 0.000, 0.000, 0.000, 0.000, 0.000, 0.000, 0.000, 0.000, 0.000, 0.000, 0.000, 0.000, 0.000, 0.000, 0.000, 0.000, 0.000, 0.000, 0.000]
----------------------------------------
[DEBUG] Beta=1.0 Phase=addiction Step=993
  State: 1 -> Action: ag -> Next: 0 (Reward: 0.0)
  Q_MF:  [0.022326, 0.070183, 0.161894, 0.082133, 0.231271, 0.043734, 1.515717, 0.158752, 0.234465]
  Q_MB:  [0.809999, 0.729076, 0.809999, 0.809999, 0.809999, 0.809999, 1.447548, 0.809999, 0.809999]
  Q_MIX: [0.809999, 0.729076, 0.809999, 0.809999, 0.809999, 0.809999, 1.447548, 0.809999, 0.809999]
  MODEL_COUNTS(s,a,*):  [15.309, 0.000, 0.000, 0.000, 0.000, 0.000, 0.000, 0.000, 0.000, 0.000, 0.000, 0.000, 0.000, 0.000, 0.000, 0.000, 0.000, 0.000, 0.000, 0.000, 0.000, 0.000]
  MODEL_REWARDS(s,a,*): [0.000, 0.000, 0.000, 0.000, 0.000, 0.000, 0.000, 0.000, 0.000, 0.000, 0.000, 0.000, 0.000, 0.000, 0.000, 0.000, 0.000, 0.000, 0.000, 0.000, 0.000, 0.000]
----------------------------------------
[DEBUG] Beta=1.0 Phase=addiction Step=994
  State: 0 -> Action: ag -> Next: 3 (Reward: 1.0)
  Q_MF:  [0.038522, 0.052804, 0.183487, 0.115043, 0.105203, 0.159042, 1.807783, 0.074707, 0.117681]
  Q_MB:  [1.447608, 1.447608, 1.447608, 1.447608, 1.447608, 1.447608, 1.608453, 1.447608, 1.447608]
  Q_MIX: [1.447608, 1.447608, 1.447608, 1.447608, 1.447608, 1.447608, 1.608453, 1.447608, 1.447608]
  MODEL_COUNTS(s,a,*):  [0.000, 0.000, 0.000, 15.318, 0.000, 0.000, 0.000, 0.000, 0.000, 0.000, 0.000, 0.000, 0.000, 0.000, 0.000, 0.000, 0.000, 0.000, 0.000, 0.000, 0.000, 0.000]
  MODEL_REWARDS(s,a,*): [0.000, 0.000, 0.000, 15.318, 0.000, 0.000, 0.000, 0.000, 0.000, 0.000, 0.000, 0.000, 0.000, 0.000, 0.000, 0.000, 0.000, 0.000, 0.000, 0.000, 0.000, 0.000]
----------------------------------------
[DEBUG] Beta=1.0 Phase=addiction Step=995
  State: 3 -> Action: ad -> Next: 3 (Reward: 0.0)
  Q_MF:  [0.392490, 1.021124, 0.440990, 0.074300, 0.286121, 0.190867, 0.177881, 0.316660, 0.283969]
  Q_MB:  [0.000000, 0.000000, 0.000000, 0.000000, 0.000000, 0.000000, 0.000000, 0.000000, 0.000000]
  Q_MIX: [0.000000, 0.000000, 0.000000, 0.000000, 0.000000, 0.000000, 0.000000, 0.000000, 0.000000]
  MODEL_COUNTS(s,a,*):  [0.000, 0.000, 0.000, 2.385, 0.000, 0.000, 0.000, 0.000, 0.000, 0.000, 0.000, 0.000, 0.000, 0.000, 0.000, 0.000, 0.000, 0.000, 0.000, 0.000, 0.000, 0.000]
  MODEL_REWARDS(s,a,*): [0.000, 0.000, 0.000, 0.000, 0.000, 0.000, 0.000, 0.000, 0.000, 0.000, 0.000, 0.000, 0.000, 0.000, 0.000, 0.000, 0.000, 0.000, 0.000, 0.000, 0.000, 0.000]
----------------------------------------
[DEBUG] Beta=1.0 Phase=addiction Step=996
  State: 3 -> Action: as5 -> Next: 4 (Reward: 0.0)
  Q_MF:  [0.392490, 1.021124, 0.440990, 0.074300, 0.286121, 0.190867, 0.177881, 0.346778, 0.283969]
  Q_MB:  [0.000000, 0.675994, 0.000000, 0.000000, 0.000000, 0.000000, 0.000000, 0.000000, 0.000000]
  Q_MIX: [0.000000, 0.675994, 0.000000, 0.000000, 0.000000, 0.000000, 0.000000, 0.000000, 0.000000]
  MODEL_COUNTS(s,a,*):  [0.000, 0.000, 0.000, 0.000, 3.970, 0.000, 0.000, 0.000, 0.000, 0.000, 0.000, 0.000, 0.000, 0.000, 0.000, 0.000, 0.000, 0.000, 0.000, 0.000, 0.000, 0.000]
  MODEL_REWARDS(s,a,*): [0.000, 0.000, 0.000, 0.000, 0.000, 0.000, 0.000, 0.000, 0.000, 0.000, 0.000, 0.000, 0.000, 0.000, 0.000, 0.000, 0.000, 0.000, 0.000, 0.000, 0.000, 0.000]
----------------------------------------
[DEBUG] Beta=1.0 Phase=addiction Step=997
  State: 4 -> Action: as7 -> Next: 4 (Reward: 0.0)
  Q_MF:  [0.021029, 0.037940, 0.341142, 0.037777, 0.000000, 0.024664, 0.031171, 0.006052, 0.033963]
  Q_MB:  [0.000000, 0.000000, 0.000000, 0.000000, 0.000000, 0.000000, 0.000000, 0.000000, 0.000000]
  Q_MIX: [0.000000, 0.000000, 0.000000, 0.000000, 0.000000, 0.000000, 0.000000, 0.000000, 0.000000]
  MODEL_COUNTS(s,a,*):  [0.000, 0.000, 0.000, 0.000, 2.455, 0.000, 0.000, 0.000, 0.000, 0.000, 0.000, 0.000, 0.000, 0.000, 0.000, 0.000, 0.000, 0.000, 0.000, 0.000, 0.000, 0.000]
  MODEL_REWARDS(s,a,*): [0.000, 0.000, 0.000, 0.000, 0.000, 0.000, 0.000, 0.000, 0.000, 0.000, 0.000, 0.000, 0.000, 0.000, 0.000, 0.000, 0.000, 0.000, 0.000, 0.000, 0.000, 0.000]
----------------------------------------
[DEBUG] Beta=1.0 Phase=addiction Step=998
  State: 4 -> Action: as4 -> Next: 3 (Reward: 0.0)
  Q_MF:  [0.021029, 0.037940, 0.341142, 0.037777, 0.000000, 0.038783, 0.031171, 0.006052, 0.033963]
  Q_MB:  [0.457624, 0.457624, 0.918516, 0.457624, 0.389419, 0.457624, 0.457624, 0.457624, 0.457624]
  Q_MIX: [0.457624, 0.457624, 0.918516, 0.457624, 0.389419, 0.457624, 0.457624, 0.457624, 0.457624]
  MODEL_COUNTS(s,a,*):  [0.000, 0.000, 0.000, 4.037, 0.835, 0.000, 0.000, 0.000, 0.000, 0.000, 0.000, 0.000, 0.000, 0.000, 0.000, 0.000, 0.000, 0.000, 0.000, 0.000, 0.000, 0.000]
  MODEL_REWARDS(s,a,*): [0.000, 0.000, 0.000, 0.000, 0.000, 0.000, 0.000, 0.000, 0.000, 0.000, 0.000, 0.000, 0.000, 0.000, 0.000, 0.000, 0.000, 0.000, 0.000, 0.000, 0.000, 0.000]
----------------------------------------
[DEBUG] Beta=1.0 Phase=addiction Step=999
  State: 3 -> Action: as3 -> Next: 2 (Reward: 0.0)
  Q_MF:  [0.392490, 1.021124, 0.440990, 0.085936, 0.286121, 0.190867, 0.177881, 0.346778, 0.283969]
  Q_MB:  [1.018353, 1.161269, 1.018353, 0.453751, 1.018353, 1.018353, 1.018353, 1.018353, 1.018353]
  Q_MIX: [1.018353, 1.161269, 1.018353, 0.453751, 1.018353, 1.018353, 1.018353, 1.018353, 1.018353]
  MODEL_COUNTS(s,a,*):  [0.000, 0.000, 16.415, 1.207, 0.000, 0.000, 0.000, 0.000, 0.000, 0.000, 0.000, 0.000, 0.000, 0.000, 0.000, 0.000, 0.000, 0.000, 0.000, 0.000, 0.000, 0.000]
  MODEL_REWARDS(s,a,*): [0.000, 0.000, 0.000, 0.000, 0.000, 0.000, 0.000, 0.000, 0.000, 0.000, 0.000, 0.000, 0.000, 0.000, 0.000, 0.000, 0.000, 0.000, 0.000, 0.000, 0.000, 0.000]
----------------------------------------
[DEBUG] Beta=1.0 Phase=addiction Step=1000
  State: 2 -> Action: as2 -> Next: 1 (Reward: 0.0)
  Q_MF:  [1.256471, 0.111624, 0.255180, 0.153695, 0.230983, 0.276950, 0.175252, 0.089177, 0.179085]
  Q_MB:  [0.809991, 0.728915, 0.651086, 0.728915, 0.728915, 0.728915, 0.728915, 0.728915, 0.728915]
  Q_MIX: [0.809991, 0.728915, 0.651086, 0.728915, 0.728915, 0.728915, 0.728915, 0.728915, 0.728915]
  MODEL_COUNTS(s,a,*):  [0.000, 15.134, 0.002, 0.000, 0.000, 0.000, 0.000, 0.000, 0.000, 0.000, 0.000, 0.000, 0.000, 0.000, 0.000, 0.000, 0.000, 0.000, 0.000, 0.000, 0.000, 0.000]
  MODEL_REWARDS(s,a,*): [0.000, 0.000, 0.000, 0.000, 0.000, 0.000, 0.000, 0.000, 0.000, 0.000, 0.000, 0.000, 0.000, 0.000, 0.000, 0.000, 0.000, 0.000, 0.000, 0.000, 0.000, 0.000]
----------------------------------------
Final Counts - Drug Choices: 0, Healthy Choices: 158
